{
  "generated_at": "2026-06-13T14:30:24.634265+00:00",
  "status": "ok",
  "sample_count": 213,
  "buckets": {
    "50_55": {
      "sample_count": 74,
      "correct": 36,
      "accuracy": 0.4864864864864865,
      "brier": 0.25172047702702705,
      "logloss": 0.6965994553988527,
      "ece": 0.09164864864864863,
      "unsafe": true,
      "insufficient_sample": false,
      "reasons": [
        "accuracy below 50%"
      ]
    },
    "55_60": {
      "sample_count": 39,
      "correct": 20,
      "accuracy": 0.5128205128205128,
      "brier": 0.25056588999999996,
      "logloss": 0.6942663171695558,
      "ece": 0.059069230769230756,
      "unsafe": false,
      "insufficient_sample": false,
      "reasons": []
    },
    "60_65": {
      "sample_count": 59,
      "correct": 32,
      "accuracy": 0.5423728813559322,
      "brier": 0.2551787274576271,
      "logloss": 0.7041075303014849,
      "ece": 0.11460677966101693,
      "unsafe": false,
      "insufficient_sample": false,
      "reasons": []
    },
    "65_70": {
      "sample_count": 24,
      "correct": 12,
      "accuracy": 0.5,
      "brier": 0.2778836066666666,
      "logloss": 0.7523777782727152,
      "ece": 0.174475,
      "unsafe": true,
      "insufficient_sample": false,
      "reasons": [
        "ece above 0.15"
      ]
    },
    "70_plus": {
      "sample_count": 17,
      "correct": 11,
      "accuracy": 0.6470588235294118,
      "brier": 0.23213968823529413,
      "logloss": 0.6554729155024422,
      "ece": 0.1556705882352942,
      "unsafe": false,
      "insufficient_sample": true,
      "reasons": [
        "sample_count below 20"
      ]
    }
  },
  "global_policy": {
    "recommended_max_display_confidence": 0.65,
    "block_high_confidence_language": true,
    "default_shrink_alpha": 0.7,
    "reason": [
      "one or more high-confidence buckets are unsafe"
    ]
  },
  "unsafe_buckets": [
    "50_55",
    "65_70"
  ],
  "warnings": [],
  "errors": [],
  "live_betting_allowed": false,
  "automated_wagering_allowed": false,
  "production_model_replacement_allowed": false
}
