{
  "generated_at": "2026-06-20T18:40:26.039763+00:00",
  "status": "ok",
  "sample_count": 303,
  "buckets": {
    "50_55": {
      "sample_count": 107,
      "correct": 50,
      "accuracy": 0.4672897196261682,
      "brier": 0.25335077588785043,
      "logloss": 0.6998625834096878,
      "ece": 0.07702056074766363,
      "unsafe": true,
      "insufficient_sample": false,
      "reasons": [
        "accuracy below 50%"
      ]
    },
    "55_60": {
      "sample_count": 60,
      "correct": 32,
      "accuracy": 0.5333333333333333,
      "brier": 0.249394279,
      "logloss": 0.6919358200752636,
      "ece": 0.037353333333333405,
      "unsafe": false,
      "insufficient_sample": false,
      "reasons": []
    },
    "60_65": {
      "sample_count": 78,
      "correct": 41,
      "accuracy": 0.5256410256410257,
      "brier": 0.2591394501282051,
      "logloss": 0.7121895876282764,
      "ece": 0.14213717948717952,
      "unsafe": false,
      "insufficient_sample": false,
      "reasons": []
    },
    "65_70": {
      "sample_count": 35,
      "correct": 17,
      "accuracy": 0.4857142857142857,
      "brier": 0.283470462,
      "logloss": 0.7641676819704873,
      "ece": 0.18820285714285714,
      "unsafe": true,
      "insufficient_sample": false,
      "reasons": [
        "accuracy below 50%",
        "ece above 0.15"
      ]
    },
    "70_plus": {
      "sample_count": 23,
      "correct": 15,
      "accuracy": 0.6521739130434783,
      "brier": 0.22833327173913048,
      "logloss": 0.6470191534637556,
      "ece": 0.19076956521739127,
      "unsafe": true,
      "insufficient_sample": false,
      "reasons": [
        "ece above 0.15"
      ]
    }
  },
  "global_policy": {
    "recommended_max_display_confidence": 0.65,
    "block_high_confidence_language": true,
    "default_shrink_alpha": 0.7,
    "reason": [
      "one or more high-confidence buckets are unsafe"
    ]
  },
  "unsafe_buckets": [
    "50_55",
    "65_70",
    "70_plus"
  ],
  "warnings": [],
  "errors": [],
  "live_betting_allowed": false,
  "automated_wagering_allowed": false,
  "production_model_replacement_allowed": false
}
