{
  "generated_at": "2026-06-20T04:43:26.996886+00:00",
  "status": "ok",
  "sample_count": 299,
  "buckets": {
    "50_55": {
      "sample_count": 107,
      "correct": 50,
      "accuracy": 0.4672897196261682,
      "brier": 0.25335077588785043,
      "logloss": 0.6998625834096878,
      "ece": 0.07702056074766363,
      "unsafe": true,
      "insufficient_sample": false,
      "reasons": [
        "accuracy below 50%"
      ]
    },
    "55_60": {
      "sample_count": 59,
      "correct": 31,
      "accuracy": 0.5254237288135594,
      "brier": 0.2503399447457627,
      "logloss": 0.6938361137163198,
      "ece": 0.045444067796610206,
      "unsafe": false,
      "insufficient_sample": false,
      "reasons": []
    },
    "60_65": {
      "sample_count": 77,
      "correct": 40,
      "accuracy": 0.5194805194805194,
      "brier": 0.26047551974025973,
      "logloss": 0.71490603926367,
      "ece": 0.13884935064935072,
      "unsafe": false,
      "insufficient_sample": false,
      "reasons": []
    },
    "65_70": {
      "sample_count": 33,
      "correct": 16,
      "accuracy": 0.48484848484848486,
      "brier": 0.28392288757575757,
      "logloss": 0.765153234562391,
      "ece": 0.1887727272727273,
      "unsafe": true,
      "insufficient_sample": false,
      "reasons": [
        "accuracy below 50%",
        "ece above 0.15"
      ]
    },
    "70_plus": {
      "sample_count": 23,
      "correct": 15,
      "accuracy": 0.6521739130434783,
      "brier": 0.22833327173913048,
      "logloss": 0.6470191534637556,
      "ece": 0.19076956521739127,
      "unsafe": true,
      "insufficient_sample": false,
      "reasons": [
        "ece above 0.15"
      ]
    }
  },
  "global_policy": {
    "recommended_max_display_confidence": 0.65,
    "block_high_confidence_language": true,
    "default_shrink_alpha": 0.7,
    "reason": [
      "one or more high-confidence buckets are unsafe"
    ]
  },
  "unsafe_buckets": [
    "50_55",
    "65_70",
    "70_plus"
  ],
  "warnings": [],
  "errors": [],
  "live_betting_allowed": false,
  "automated_wagering_allowed": false,
  "production_model_replacement_allowed": false
}
