{
  "generated_at": "2026-06-20T22:40:20.439403+00:00",
  "status": "ok",
  "sample_count": 306,
  "buckets": {
    "50_55": {
      "sample_count": 109,
      "correct": 52,
      "accuracy": 0.47706422018348627,
      "brier": 0.25280534605504584,
      "logloss": 0.698769850389126,
      "ece": 0.07585321100917433,
      "unsafe": true,
      "insufficient_sample": false,
      "reasons": [
        "accuracy below 50%"
      ]
    },
    "55_60": {
      "sample_count": 60,
      "correct": 32,
      "accuracy": 0.5333333333333333,
      "brier": 0.249394279,
      "logloss": 0.6919358200752636,
      "ece": 0.037353333333333405,
      "unsafe": false,
      "insufficient_sample": false,
      "reasons": []
    },
    "60_65": {
      "sample_count": 78,
      "correct": 41,
      "accuracy": 0.5256410256410257,
      "brier": 0.2591394501282051,
      "logloss": 0.7121895876282764,
      "ece": 0.14213717948717952,
      "unsafe": false,
      "insufficient_sample": false,
      "reasons": []
    },
    "65_70": {
      "sample_count": 35,
      "correct": 17,
      "accuracy": 0.4857142857142857,
      "brier": 0.283470462,
      "logloss": 0.7641676819704873,
      "ece": 0.18820285714285714,
      "unsafe": true,
      "insufficient_sample": false,
      "reasons": [
        "accuracy below 50%",
        "ece above 0.15"
      ]
    },
    "70_plus": {
      "sample_count": 24,
      "correct": 15,
      "accuracy": 0.625,
      "brier": 0.24041338583333335,
      "logloss": 0.6730853802659356,
      "ece": 0.159325,
      "unsafe": true,
      "insufficient_sample": false,
      "reasons": [
        "ece above 0.15"
      ]
    }
  },
  "global_policy": {
    "recommended_max_display_confidence": 0.65,
    "block_high_confidence_language": true,
    "default_shrink_alpha": 0.7,
    "reason": [
      "one or more high-confidence buckets are unsafe"
    ]
  },
  "unsafe_buckets": [
    "50_55",
    "65_70",
    "70_plus"
  ],
  "warnings": [],
  "errors": [],
  "live_betting_allowed": false,
  "automated_wagering_allowed": false,
  "production_model_replacement_allowed": false
}
