{
  "generated_at": "2026-06-17T17:34:50.659697+00:00",
  "status": "ok",
  "sample_count": 266,
  "buckets": {
    "50_55": {
      "sample_count": 95,
      "correct": 46,
      "accuracy": 0.4842105263157895,
      "brier": 0.25287856810526316,
      "logloss": 0.6989188035362426,
      "ece": 0.08711473684210536,
      "unsafe": true,
      "insufficient_sample": false,
      "reasons": [
        "accuracy below 50%"
      ]
    },
    "55_60": {
      "sample_count": 49,
      "correct": 27,
      "accuracy": 0.5510204081632653,
      "brier": 0.24663179142857142,
      "logloss": 0.686374476559693,
      "ece": 0.024506122448979602,
      "unsafe": false,
      "insufficient_sample": false,
      "reasons": []
    },
    "60_65": {
      "sample_count": 71,
      "correct": 38,
      "accuracy": 0.5352112676056338,
      "brier": 0.25698825295774647,
      "logloss": 0.7078164267165613,
      "ece": 0.14073521126760563,
      "unsafe": false,
      "insufficient_sample": false,
      "reasons": []
    },
    "65_70": {
      "sample_count": 30,
      "correct": 14,
      "accuracy": 0.4666666666666667,
      "brier": 0.28977379166666667,
      "logloss": 0.7772965493987364,
      "ece": 0.20701000000000003,
      "unsafe": true,
      "insufficient_sample": false,
      "reasons": [
        "accuracy below 50%",
        "ece above 0.15"
      ]
    },
    "70_plus": {
      "sample_count": 21,
      "correct": 14,
      "accuracy": 0.6666666666666666,
      "brier": 0.22117905952380956,
      "logloss": 0.6312699067291248,
      "ece": 0.16268095238095234,
      "unsafe": true,
      "insufficient_sample": false,
      "reasons": [
        "ece above 0.15"
      ]
    }
  },
  "global_policy": {
    "recommended_max_display_confidence": 0.65,
    "block_high_confidence_language": true,
    "default_shrink_alpha": 0.7,
    "reason": [
      "one or more high-confidence buckets are unsafe"
    ]
  },
  "unsafe_buckets": [
    "50_55",
    "65_70",
    "70_plus"
  ],
  "warnings": [],
  "errors": [],
  "live_betting_allowed": false,
  "automated_wagering_allowed": false,
  "production_model_replacement_allowed": false
}
