{
  "generated_at": "2026-06-24T23:36:31.961720+00:00",
  "status": "ok",
  "sample_count": 362,
  "buckets": {
    "50_55": {
      "sample_count": 135,
      "correct": 66,
      "accuracy": 0.4888888888888889,
      "brier": 0.25222099762962963,
      "logloss": 0.6975988831476714,
      "ece": 0.06073037037037046,
      "unsafe": true,
      "insufficient_sample": false,
      "reasons": [
        "accuracy below 50%"
      ]
    },
    "55_60": {
      "sample_count": 77,
      "correct": 39,
      "accuracy": 0.5064935064935064,
      "brier": 0.2544631383116883,
      "logloss": 0.7021883694796293,
      "ece": 0.06439610389610395,
      "unsafe": false,
      "insufficient_sample": false,
      "reasons": []
    },
    "60_65": {
      "sample_count": 87,
      "correct": 48,
      "accuracy": 0.5517241379310345,
      "brier": 0.2527077437931034,
      "logloss": 0.6990521017436397,
      "ece": 0.13126321839080457,
      "unsafe": false,
      "insufficient_sample": false,
      "reasons": []
    },
    "65_70": {
      "sample_count": 39,
      "correct": 17,
      "accuracy": 0.4358974358974359,
      "brier": 0.3010015241025641,
      "logloss": 0.8008530750357032,
      "ece": 0.23801538461538468,
      "unsafe": true,
      "insufficient_sample": false,
      "reasons": [
        "accuracy below 50%",
        "ece above 0.15"
      ]
    },
    "70_plus": {
      "sample_count": 24,
      "correct": 15,
      "accuracy": 0.625,
      "brier": 0.24041338583333335,
      "logloss": 0.6730853802659356,
      "ece": 0.159325,
      "unsafe": true,
      "insufficient_sample": false,
      "reasons": [
        "ece above 0.15"
      ]
    }
  },
  "global_policy": {
    "recommended_max_display_confidence": 0.65,
    "block_high_confidence_language": true,
    "default_shrink_alpha": 0.7,
    "reason": [
      "one or more high-confidence buckets are unsafe"
    ]
  },
  "unsafe_buckets": [
    "50_55",
    "65_70",
    "70_plus"
  ],
  "warnings": [],
  "errors": [],
  "live_betting_allowed": false,
  "automated_wagering_allowed": false,
  "production_model_replacement_allowed": false
}
