{
  "generated_at": "2026-06-11T01:49:35.612061+00:00",
  "status": "ok",
  "sample_count": 182,
  "buckets": {
    "50_55": {
      "sample_count": 68,
      "correct": 34,
      "accuracy": 0.5,
      "brier": 0.2513958223529412,
      "logloss": 0.6959487545886431,
      "ece": 0.0846294117647059,
      "unsafe": false,
      "insufficient_sample": false,
      "reasons": []
    },
    "55_60": {
      "sample_count": 30,
      "correct": 18,
      "accuracy": 0.6,
      "brier": 0.23889010466666663,
      "logloss": 0.670757063225919,
      "ece": 0.05547333333333324,
      "unsafe": false,
      "insufficient_sample": false,
      "reasons": []
    },
    "60_65": {
      "sample_count": 54,
      "correct": 30,
      "accuracy": 0.5555555555555556,
      "brier": 0.2513199329629629,
      "logloss": 0.696153140637587,
      "ece": 0.0982555555555556,
      "unsafe": false,
      "insufficient_sample": false,
      "reasons": []
    },
    "65_70": {
      "sample_count": 17,
      "correct": 9,
      "accuracy": 0.5294117647058824,
      "brier": 0.26582392529411764,
      "logloss": 0.7268792263125796,
      "ece": 0.14499411764705886,
      "unsafe": false,
      "insufficient_sample": true,
      "reasons": [
        "sample_count below 20"
      ]
    },
    "70_plus": {
      "sample_count": 13,
      "correct": 8,
      "accuracy": 0.6153846153846154,
      "brier": 0.24885404846153847,
      "logloss": 0.6923021599058999,
      "ece": 0.2041307692307692,
      "unsafe": false,
      "insufficient_sample": true,
      "reasons": [
        "sample_count below 20"
      ]
    }
  },
  "global_policy": {
    "recommended_max_display_confidence": 0.75,
    "block_high_confidence_language": false,
    "default_shrink_alpha": 0.85,
    "reason": [
      "no unsafe confidence bucket with sufficient sample"
    ]
  },
  "unsafe_buckets": [],
  "warnings": [],
  "errors": [],
  "live_betting_allowed": false,
  "automated_wagering_allowed": false,
  "production_model_replacement_allowed": false
}
