{
  "generated_at": "2026-06-23T04:34:22.583328+00:00",
  "status": "ok",
  "sample_count": 341,
  "buckets": {
    "50_55": {
      "sample_count": 124,
      "correct": 61,
      "accuracy": 0.49193548387096775,
      "brier": 0.25215060612903223,
      "logloss": 0.6974592444242453,
      "ece": 0.06982580645161293,
      "unsafe": true,
      "insufficient_sample": false,
      "reasons": [
        "accuracy below 50%"
      ]
    },
    "55_60": {
      "sample_count": 70,
      "correct": 35,
      "accuracy": 0.5,
      "brier": 0.2555945700000001,
      "logloss": 0.7044706265088176,
      "ece": 0.07093714285714284,
      "unsafe": false,
      "insufficient_sample": false,
      "reasons": []
    },
    "60_65": {
      "sample_count": 85,
      "correct": 46,
      "accuracy": 0.5411764705882353,
      "brier": 0.2552764562352941,
      "logloss": 0.7043046635900658,
      "ece": 0.1432517647058823,
      "unsafe": false,
      "insufficient_sample": false,
      "reasons": []
    },
    "65_70": {
      "sample_count": 38,
      "correct": 17,
      "accuracy": 0.4473684210526316,
      "brier": 0.29733057236842103,
      "logloss": 0.7932504806883295,
      "ece": 0.22681315789473688,
      "unsafe": true,
      "insufficient_sample": false,
      "reasons": [
        "accuracy below 50%",
        "ece above 0.15"
      ]
    },
    "70_plus": {
      "sample_count": 24,
      "correct": 15,
      "accuracy": 0.625,
      "brier": 0.24041338583333335,
      "logloss": 0.6730853802659356,
      "ece": 0.159325,
      "unsafe": true,
      "insufficient_sample": false,
      "reasons": [
        "ece above 0.15"
      ]
    }
  },
  "global_policy": {
    "recommended_max_display_confidence": 0.65,
    "block_high_confidence_language": true,
    "default_shrink_alpha": 0.7,
    "reason": [
      "one or more high-confidence buckets are unsafe"
    ]
  },
  "unsafe_buckets": [
    "50_55",
    "65_70",
    "70_plus"
  ],
  "warnings": [],
  "errors": [],
  "live_betting_allowed": false,
  "automated_wagering_allowed": false,
  "production_model_replacement_allowed": false
}
