{
  "generated_at": "2026-06-10T21:48:52.559102+00:00",
  "status": "ok",
  "sample_count": 178,
  "buckets": {
    "50_55": {
      "sample_count": 66,
      "correct": 32,
      "accuracy": 0.48484848484848486,
      "brier": 0.2523584713636363,
      "logloss": 0.6978773751639923,
      "ece": 0.0729954545454545,
      "unsafe": true,
      "insufficient_sample": false,
      "reasons": [
        "accuracy below 50%"
      ]
    },
    "55_60": {
      "sample_count": 30,
      "correct": 18,
      "accuracy": 0.6,
      "brier": 0.23889010466666663,
      "logloss": 0.670757063225919,
      "ece": 0.05547333333333324,
      "unsafe": false,
      "insufficient_sample": false,
      "reasons": []
    },
    "60_65": {
      "sample_count": 53,
      "correct": 29,
      "accuracy": 0.5471698113207547,
      "brier": 0.2535219013207547,
      "logloss": 0.70066306986788,
      "ece": 0.09318679245283018,
      "unsafe": false,
      "insufficient_sample": false,
      "reasons": []
    },
    "65_70": {
      "sample_count": 16,
      "correct": 9,
      "accuracy": 0.5625,
      "brier": 0.25210969812499995,
      "logloss": 0.6977652272028843,
      "ece": 0.11051875000000007,
      "unsafe": false,
      "insufficient_sample": true,
      "reasons": [
        "sample_count below 20"
      ]
    },
    "70_plus": {
      "sample_count": 13,
      "correct": 8,
      "accuracy": 0.6153846153846154,
      "brier": 0.24885404846153847,
      "logloss": 0.6923021599058999,
      "ece": 0.2041307692307692,
      "unsafe": false,
      "insufficient_sample": true,
      "reasons": [
        "sample_count below 20"
      ]
    }
  },
  "global_policy": {
    "recommended_max_display_confidence": 0.75,
    "block_high_confidence_language": false,
    "default_shrink_alpha": 0.85,
    "reason": []
  },
  "unsafe_buckets": [
    "50_55"
  ],
  "warnings": [],
  "errors": [],
  "live_betting_allowed": false,
  "automated_wagering_allowed": false,
  "production_model_replacement_allowed": false
}
