{
  "generated_at": "2026-06-28T00:33:18.378071+00:00",
  "status": "ok",
  "sample_count": 403,
  "buckets": {
    "50_55": {
      "sample_count": 158,
      "correct": 78,
      "accuracy": 0.4936708860759494,
      "brier": 0.25166900797468356,
      "logloss": 0.6964892635106044,
      "ece": 0.05247848101265823,
      "unsafe": true,
      "insufficient_sample": false,
      "reasons": [
        "accuracy below 50%"
      ]
    },
    "55_60": {
      "sample_count": 87,
      "correct": 41,
      "accuracy": 0.47126436781609193,
      "brier": 0.2587675457471265,
      "logloss": 0.7108466410625683,
      "ece": 0.09925057471264374,
      "unsafe": true,
      "insufficient_sample": false,
      "reasons": [
        "accuracy below 50%"
      ]
    },
    "60_65": {
      "sample_count": 95,
      "correct": 53,
      "accuracy": 0.5578947368421052,
      "brier": 0.25099564989473677,
      "logloss": 0.6955377772924614,
      "ece": 0.10194947368421046,
      "unsafe": false,
      "insufficient_sample": false,
      "reasons": []
    },
    "65_70": {
      "sample_count": 39,
      "correct": 17,
      "accuracy": 0.4358974358974359,
      "brier": 0.3010015241025641,
      "logloss": 0.8008530750357032,
      "ece": 0.23801538461538468,
      "unsafe": true,
      "insufficient_sample": false,
      "reasons": [
        "accuracy below 50%",
        "ece above 0.15"
      ]
    },
    "70_plus": {
      "sample_count": 24,
      "correct": 15,
      "accuracy": 0.625,
      "brier": 0.24041338583333335,
      "logloss": 0.6730853802659356,
      "ece": 0.159325,
      "unsafe": true,
      "insufficient_sample": false,
      "reasons": [
        "ece above 0.15"
      ]
    }
  },
  "global_policy": {
    "recommended_max_display_confidence": 0.65,
    "block_high_confidence_language": true,
    "default_shrink_alpha": 0.7,
    "reason": [
      "one or more high-confidence buckets are unsafe"
    ]
  },
  "unsafe_buckets": [
    "50_55",
    "55_60",
    "65_70",
    "70_plus"
  ],
  "warnings": [],
  "errors": [],
  "live_betting_allowed": false,
  "automated_wagering_allowed": false,
  "production_model_replacement_allowed": false
}
