{
  "generated_at": "2026-06-29T00:37:04.818571+00:00",
  "status": "ok",
  "sample_count": 426,
  "buckets": {
    "50_55": {
      "sample_count": 167,
      "correct": 82,
      "accuracy": 0.49101796407185627,
      "brier": 0.251494770239521,
      "logloss": 0.6961403096219962,
      "ece": 0.0707035928143713,
      "unsafe": true,
      "insufficient_sample": false,
      "reasons": [
        "accuracy below 50%"
      ]
    },
    "55_60": {
      "sample_count": 97,
      "correct": 48,
      "accuracy": 0.4948453608247423,
      "brier": 0.25530765340206185,
      "logloss": 0.7038747459934067,
      "ece": 0.07662268041237115,
      "unsafe": true,
      "insufficient_sample": false,
      "reasons": [
        "accuracy below 50%"
      ]
    },
    "60_65": {
      "sample_count": 98,
      "correct": 53,
      "accuracy": 0.5408163265306123,
      "brier": 0.2547533619387755,
      "logloss": 0.7031788143102186,
      "ece": 0.09013979591836735,
      "unsafe": false,
      "insufficient_sample": false,
      "reasons": []
    },
    "65_70": {
      "sample_count": 40,
      "correct": 17,
      "accuracy": 0.425,
      "brier": 0.30524138599999995,
      "logloss": 0.8097908054866576,
      "ece": 0.24921500000000008,
      "unsafe": true,
      "insufficient_sample": false,
      "reasons": [
        "accuracy below 50%",
        "ece above 0.15"
      ]
    },
    "70_plus": {
      "sample_count": 24,
      "correct": 15,
      "accuracy": 0.625,
      "brier": 0.24041338583333335,
      "logloss": 0.6730853802659356,
      "ece": 0.159325,
      "unsafe": true,
      "insufficient_sample": false,
      "reasons": [
        "ece above 0.15"
      ]
    }
  },
  "global_policy": {
    "recommended_max_display_confidence": 0.65,
    "block_high_confidence_language": true,
    "default_shrink_alpha": 0.7,
    "reason": [
      "one or more high-confidence buckets are unsafe"
    ]
  },
  "unsafe_buckets": [
    "50_55",
    "55_60",
    "65_70",
    "70_plus"
  ],
  "warnings": [],
  "errors": [],
  "live_betting_allowed": false,
  "automated_wagering_allowed": false,
  "production_model_replacement_allowed": false
}
