{
  "generated_at": "2026-06-18T00:36:37.664748+00:00",
  "status": "ok",
  "sample_count": 275,
  "buckets": {
    "50_55": {
      "sample_count": 99,
      "correct": 48,
      "accuracy": 0.48484848484848486,
      "brier": 0.2526015937373737,
      "logloss": 0.6983628582491056,
      "ece": 0.08224848484848489,
      "unsafe": true,
      "insufficient_sample": false,
      "reasons": [
        "accuracy below 50%"
      ]
    },
    "55_60": {
      "sample_count": 52,
      "correct": 28,
      "accuracy": 0.5384615384615384,
      "brier": 0.24829290826923073,
      "logloss": 0.6897145049453806,
      "ece": 0.052998076923076995,
      "unsafe": false,
      "insufficient_sample": false,
      "reasons": []
    },
    "60_65": {
      "sample_count": 72,
      "correct": 38,
      "accuracy": 0.5277777777777778,
      "brier": 0.25871660722222223,
      "logloss": 0.7113368665927879,
      "ece": 0.1302027777777778,
      "unsafe": false,
      "insufficient_sample": false,
      "reasons": []
    },
    "65_70": {
      "sample_count": 31,
      "correct": 15,
      "accuracy": 0.4838709677419355,
      "brier": 0.2837398064516129,
      "logloss": 0.7646869202371946,
      "ece": 0.1899935483870968,
      "unsafe": true,
      "insufficient_sample": false,
      "reasons": [
        "accuracy below 50%",
        "ece above 0.15"
      ]
    },
    "70_plus": {
      "sample_count": 21,
      "correct": 14,
      "accuracy": 0.6666666666666666,
      "brier": 0.22117905952380956,
      "logloss": 0.6312699067291248,
      "ece": 0.16268095238095234,
      "unsafe": true,
      "insufficient_sample": false,
      "reasons": [
        "ece above 0.15"
      ]
    }
  },
  "global_policy": {
    "recommended_max_display_confidence": 0.65,
    "block_high_confidence_language": true,
    "default_shrink_alpha": 0.7,
    "reason": [
      "one or more high-confidence buckets are unsafe"
    ]
  },
  "unsafe_buckets": [
    "50_55",
    "65_70",
    "70_plus"
  ],
  "warnings": [],
  "errors": [],
  "live_betting_allowed": false,
  "automated_wagering_allowed": false,
  "production_model_replacement_allowed": false
}
