{
  "generated_at": "2026-06-28T20:42:40.174937+00:00",
  "status": "ok",
  "sample_count": 413,
  "buckets": {
    "50_55": {
      "sample_count": 162,
      "correct": 80,
      "accuracy": 0.49382716049382713,
      "brier": 0.2515993268518519,
      "logloss": 0.6963495908286428,
      "ece": 0.06347839506172837,
      "unsafe": true,
      "insufficient_sample": false,
      "reasons": [
        "accuracy below 50%"
      ]
    },
    "55_60": {
      "sample_count": 92,
      "correct": 44,
      "accuracy": 0.4782608695652174,
      "brier": 0.2574977094565218,
      "logloss": 0.7082807173927081,
      "ece": 0.09273804347826087,
      "unsafe": true,
      "insufficient_sample": false,
      "reasons": [
        "accuracy below 50%"
      ]
    },
    "60_65": {
      "sample_count": 95,
      "correct": 53,
      "accuracy": 0.5578947368421052,
      "brier": 0.25099564989473677,
      "logloss": 0.6955377772924614,
      "ece": 0.10194947368421046,
      "unsafe": false,
      "insufficient_sample": false,
      "reasons": []
    },
    "65_70": {
      "sample_count": 40,
      "correct": 17,
      "accuracy": 0.425,
      "brier": 0.30524138599999995,
      "logloss": 0.8097908054866576,
      "ece": 0.24921500000000008,
      "unsafe": true,
      "insufficient_sample": false,
      "reasons": [
        "accuracy below 50%",
        "ece above 0.15"
      ]
    },
    "70_plus": {
      "sample_count": 24,
      "correct": 15,
      "accuracy": 0.625,
      "brier": 0.24041338583333335,
      "logloss": 0.6730853802659356,
      "ece": 0.159325,
      "unsafe": true,
      "insufficient_sample": false,
      "reasons": [
        "ece above 0.15"
      ]
    }
  },
  "global_policy": {
    "recommended_max_display_confidence": 0.65,
    "block_high_confidence_language": true,
    "default_shrink_alpha": 0.7,
    "reason": [
      "one or more high-confidence buckets are unsafe"
    ]
  },
  "unsafe_buckets": [
    "50_55",
    "55_60",
    "65_70",
    "70_plus"
  ],
  "warnings": [],
  "errors": [],
  "live_betting_allowed": false,
  "automated_wagering_allowed": false,
  "production_model_replacement_allowed": false
}
