{
  "generated_at": "2026-06-25T17:34:44.331911+00:00",
  "status": "ok",
  "sample_count": 374,
  "buckets": {
    "50_55": {
      "sample_count": 143,
      "correct": 69,
      "accuracy": 0.4825174825174825,
      "brier": 0.2524074477622378,
      "logloss": 0.6979709937414341,
      "ece": 0.06350000000000007,
      "unsafe": true,
      "insufficient_sample": false,
      "reasons": [
        "accuracy below 50%"
      ]
    },
    "55_60": {
      "sample_count": 79,
      "correct": 41,
      "accuracy": 0.5189873417721519,
      "brier": 0.2525712048101267,
      "logloss": 0.6983726199671719,
      "ece": 0.06869620253164563,
      "unsafe": false,
      "insufficient_sample": false,
      "reasons": []
    },
    "60_65": {
      "sample_count": 89,
      "correct": 49,
      "accuracy": 0.550561797752809,
      "brier": 0.2528427897752809,
      "logloss": 0.6993166988589562,
      "ece": 0.11716741573033705,
      "unsafe": false,
      "insufficient_sample": false,
      "reasons": []
    },
    "65_70": {
      "sample_count": 39,
      "correct": 17,
      "accuracy": 0.4358974358974359,
      "brier": 0.3010015241025641,
      "logloss": 0.8008530750357032,
      "ece": 0.23801538461538468,
      "unsafe": true,
      "insufficient_sample": false,
      "reasons": [
        "accuracy below 50%",
        "ece above 0.15"
      ]
    },
    "70_plus": {
      "sample_count": 24,
      "correct": 15,
      "accuracy": 0.625,
      "brier": 0.24041338583333335,
      "logloss": 0.6730853802659356,
      "ece": 0.159325,
      "unsafe": true,
      "insufficient_sample": false,
      "reasons": [
        "ece above 0.15"
      ]
    }
  },
  "global_policy": {
    "recommended_max_display_confidence": 0.65,
    "block_high_confidence_language": true,
    "default_shrink_alpha": 0.7,
    "reason": [
      "one or more high-confidence buckets are unsafe"
    ]
  },
  "unsafe_buckets": [
    "50_55",
    "65_70",
    "70_plus"
  ],
  "warnings": [],
  "errors": [],
  "live_betting_allowed": false,
  "automated_wagering_allowed": false,
  "production_model_replacement_allowed": false
}
