{
  "generated_at": "2026-07-01T23:44:14.321909+00:00",
  "status": "ok",
  "sample_count": 461,
  "buckets": {
    "50_55": {
      "sample_count": 185,
      "correct": 91,
      "accuracy": 0.4918918918918919,
      "brier": 0.2519666926486486,
      "logloss": 0.697087853933131,
      "ece": 0.07428540540540539,
      "unsafe": true,
      "insufficient_sample": false,
      "reasons": [
        "accuracy below 50%"
      ]
    },
    "55_60": {
      "sample_count": 109,
      "correct": 54,
      "accuracy": 0.4954128440366973,
      "brier": 0.2550430746788991,
      "logloss": 0.7033404256676123,
      "ece": 0.07540000000000012,
      "unsafe": true,
      "insufficient_sample": false,
      "reasons": [
        "accuracy below 50%"
      ]
    },
    "60_65": {
      "sample_count": 100,
      "correct": 55,
      "accuracy": 0.55,
      "brier": 0.25251000209999996,
      "logloss": 0.6985987773365333,
      "ece": 0.08078499999999998,
      "unsafe": false,
      "insufficient_sample": false,
      "reasons": []
    },
    "65_70": {
      "sample_count": 43,
      "correct": 20,
      "accuracy": 0.46511627906976744,
      "brier": 0.2913554925581395,
      "logloss": 0.7807854599010317,
      "ece": 0.20912093023255815,
      "unsafe": true,
      "insufficient_sample": false,
      "reasons": [
        "accuracy below 50%",
        "ece above 0.15"
      ]
    },
    "70_plus": {
      "sample_count": 24,
      "correct": 15,
      "accuracy": 0.625,
      "brier": 0.24041338583333335,
      "logloss": 0.6730853802659356,
      "ece": 0.159325,
      "unsafe": true,
      "insufficient_sample": false,
      "reasons": [
        "ece above 0.15"
      ]
    }
  },
  "global_policy": {
    "recommended_max_display_confidence": 0.65,
    "block_high_confidence_language": true,
    "default_shrink_alpha": 0.7,
    "reason": [
      "one or more high-confidence buckets are unsafe"
    ]
  },
  "unsafe_buckets": [
    "50_55",
    "55_60",
    "65_70",
    "70_plus"
  ],
  "warnings": [],
  "errors": [],
  "live_betting_allowed": false,
  "automated_wagering_allowed": false,
  "production_model_replacement_allowed": false
}
