{
  "generated_at": "2026-06-24T17:35:23.202580+00:00",
  "status": "ok",
  "sample_count": 358,
  "buckets": {
    "50_55": {
      "sample_count": 132,
      "correct": 65,
      "accuracy": 0.49242424242424243,
      "brier": 0.25230552893939395,
      "logloss": 0.6977689059401916,
      "ece": 0.06640909090909095,
      "unsafe": true,
      "insufficient_sample": false,
      "reasons": [
        "accuracy below 50%"
      ]
    },
    "55_60": {
      "sample_count": 76,
      "correct": 39,
      "accuracy": 0.5131578947368421,
      "brier": 0.2532929690789474,
      "logloss": 0.6998238834838768,
      "ece": 0.06796710526315795,
      "unsafe": false,
      "insufficient_sample": false,
      "reasons": []
    },
    "60_65": {
      "sample_count": 87,
      "correct": 48,
      "accuracy": 0.5517241379310345,
      "brier": 0.2527077437931034,
      "logloss": 0.6990521017436397,
      "ece": 0.13126321839080457,
      "unsafe": false,
      "insufficient_sample": false,
      "reasons": []
    },
    "65_70": {
      "sample_count": 39,
      "correct": 17,
      "accuracy": 0.4358974358974359,
      "brier": 0.3010015241025641,
      "logloss": 0.8008530750357032,
      "ece": 0.23801538461538468,
      "unsafe": true,
      "insufficient_sample": false,
      "reasons": [
        "accuracy below 50%",
        "ece above 0.15"
      ]
    },
    "70_plus": {
      "sample_count": 24,
      "correct": 15,
      "accuracy": 0.625,
      "brier": 0.24041338583333335,
      "logloss": 0.6730853802659356,
      "ece": 0.159325,
      "unsafe": true,
      "insufficient_sample": false,
      "reasons": [
        "ece above 0.15"
      ]
    }
  },
  "global_policy": {
    "recommended_max_display_confidence": 0.65,
    "block_high_confidence_language": true,
    "default_shrink_alpha": 0.7,
    "reason": [
      "one or more high-confidence buckets are unsafe"
    ]
  },
  "unsafe_buckets": [
    "50_55",
    "65_70",
    "70_plus"
  ],
  "warnings": [],
  "errors": [],
  "live_betting_allowed": false,
  "automated_wagering_allowed": false,
  "production_model_replacement_allowed": false
}
