{
  "generated_at": "2026-06-16T07:27:59.784488+00:00",
  "status": "ok",
  "sample_count": 252,
  "buckets": {
    "50_55": {
      "sample_count": 90,
      "correct": 42,
      "accuracy": 0.4666666666666667,
      "brier": 0.2532730286666666,
      "logloss": 0.6997070864107248,
      "ece": 0.07547777777777784,
      "unsafe": true,
      "insufficient_sample": false,
      "reasons": [
        "accuracy below 50%"
      ]
    },
    "55_60": {
      "sample_count": 44,
      "correct": 24,
      "accuracy": 0.5454545454545454,
      "brier": 0.24736194636363631,
      "logloss": 0.6878424047296142,
      "ece": 0.03166818181818176,
      "unsafe": false,
      "insufficient_sample": false,
      "reasons": []
    },
    "60_65": {
      "sample_count": 70,
      "correct": 37,
      "accuracy": 0.5285714285714286,
      "brier": 0.2586495135714285,
      "logloss": 0.7112114664975535,
      "ece": 0.13738714285714287,
      "unsafe": false,
      "insufficient_sample": false,
      "reasons": []
    },
    "65_70": {
      "sample_count": 28,
      "correct": 14,
      "accuracy": 0.5,
      "brier": 0.2779512892857143,
      "logloss": 0.7525207022753547,
      "ece": 0.17362142857142857,
      "unsafe": true,
      "insufficient_sample": false,
      "reasons": [
        "ece above 0.15"
      ]
    },
    "70_plus": {
      "sample_count": 20,
      "correct": 13,
      "accuracy": 0.65,
      "brier": 0.2282843405,
      "logloss": 0.6463247958619444,
      "ece": 0.15675500000000003,
      "unsafe": true,
      "insufficient_sample": false,
      "reasons": [
        "ece above 0.15"
      ]
    }
  },
  "global_policy": {
    "recommended_max_display_confidence": 0.65,
    "block_high_confidence_language": true,
    "default_shrink_alpha": 0.7,
    "reason": [
      "one or more high-confidence buckets are unsafe"
    ]
  },
  "unsafe_buckets": [
    "50_55",
    "65_70",
    "70_plus"
  ],
  "warnings": [],
  "errors": [],
  "live_betting_allowed": false,
  "automated_wagering_allowed": false,
  "production_model_replacement_allowed": false
}
