{
  "generated_at": "2026-06-21T22:42:39.520555+00:00",
  "status": "ok",
  "sample_count": 327,
  "buckets": {
    "50_55": {
      "sample_count": 122,
      "correct": 60,
      "accuracy": 0.4918032786885246,
      "brier": 0.2522668592622951,
      "logloss": 0.6976927019023818,
      "ece": 0.06287295081967224,
      "unsafe": true,
      "insufficient_sample": false,
      "reasons": [
        "accuracy below 50%"
      ]
    },
    "55_60": {
      "sample_count": 62,
      "correct": 32,
      "accuracy": 0.5161290322580645,
      "brier": 0.2523195843548387,
      "logloss": 0.6978434222406869,
      "ece": 0.05495967741935486,
      "unsafe": false,
      "insufficient_sample": false,
      "reasons": []
    },
    "60_65": {
      "sample_count": 82,
      "correct": 44,
      "accuracy": 0.5365853658536586,
      "brier": 0.2566286532926829,
      "logloss": 0.7070805020113217,
      "ece": 0.13181097560975608,
      "unsafe": false,
      "insufficient_sample": false,
      "reasons": []
    },
    "65_70": {
      "sample_count": 37,
      "correct": 17,
      "accuracy": 0.4594594594594595,
      "brier": 0.2938560808108108,
      "logloss": 0.7861145902967942,
      "ece": 0.21530540540540546,
      "unsafe": true,
      "insufficient_sample": false,
      "reasons": [
        "accuracy below 50%",
        "ece above 0.15"
      ]
    },
    "70_plus": {
      "sample_count": 24,
      "correct": 15,
      "accuracy": 0.625,
      "brier": 0.24041338583333335,
      "logloss": 0.6730853802659356,
      "ece": 0.159325,
      "unsafe": true,
      "insufficient_sample": false,
      "reasons": [
        "ece above 0.15"
      ]
    }
  },
  "global_policy": {
    "recommended_max_display_confidence": 0.65,
    "block_high_confidence_language": true,
    "default_shrink_alpha": 0.7,
    "reason": [
      "one or more high-confidence buckets are unsafe"
    ]
  },
  "unsafe_buckets": [
    "50_55",
    "65_70",
    "70_plus"
  ],
  "warnings": [],
  "errors": [],
  "live_betting_allowed": false,
  "automated_wagering_allowed": false,
  "production_model_replacement_allowed": false
}
