{
  "generated_at": "2026-06-15T10:46:44.419086+00:00",
  "status": "ok",
  "sample_count": 242,
  "buckets": {
    "50_55": {
      "sample_count": 86,
      "correct": 40,
      "accuracy": 0.46511627906976744,
      "brier": 0.25322034197674426,
      "logloss": 0.6996025738752935,
      "ece": 0.0677546511627907,
      "unsafe": true,
      "insufficient_sample": false,
      "reasons": [
        "accuracy below 50%"
      ]
    },
    "55_60": {
      "sample_count": 43,
      "correct": 23,
      "accuracy": 0.5348837209302325,
      "brier": 0.24884649023255812,
      "logloss": 0.6908313947715488,
      "ece": 0.042367441860465135,
      "unsafe": false,
      "insufficient_sample": false,
      "reasons": []
    },
    "60_65": {
      "sample_count": 67,
      "correct": 34,
      "accuracy": 0.5074626865671642,
      "brier": 0.2640205195522388,
      "logloss": 0.7222045853288522,
      "ece": 0.1276223880597015,
      "unsafe": false,
      "insufficient_sample": false,
      "reasons": []
    },
    "65_70": {
      "sample_count": 27,
      "correct": 14,
      "accuracy": 0.5185185185185185,
      "brier": 0.27142573666666664,
      "logloss": 0.7388899432415952,
      "ece": 0.15509259259259262,
      "unsafe": true,
      "insufficient_sample": false,
      "reasons": [
        "ece above 0.15"
      ]
    },
    "70_plus": {
      "sample_count": 19,
      "correct": 12,
      "accuracy": 0.631578947368421,
      "brier": 0.23614642105263156,
      "logloss": 0.662986372019221,
      "ece": 0.16558947368421054,
      "unsafe": false,
      "insufficient_sample": true,
      "reasons": [
        "sample_count below 20"
      ]
    }
  },
  "global_policy": {
    "recommended_max_display_confidence": 0.65,
    "block_high_confidence_language": true,
    "default_shrink_alpha": 0.7,
    "reason": [
      "one or more high-confidence buckets are unsafe"
    ]
  },
  "unsafe_buckets": [
    "50_55",
    "65_70"
  ],
  "warnings": [],
  "errors": [],
  "live_betting_allowed": false,
  "automated_wagering_allowed": false,
  "production_model_replacement_allowed": false
}
