{
  "generated_at": "2026-07-02T04:29:11.643582+00:00",
  "status": "ok",
  "sample_count": 468,
  "buckets": {
    "50_55": {
      "sample_count": 186,
      "correct": 91,
      "accuracy": 0.489247311827957,
      "brier": 0.2520027532258064,
      "logloss": 0.6971599451426037,
      "ece": 0.07662043010752695,
      "unsafe": true,
      "insufficient_sample": false,
      "reasons": [
        "accuracy below 50%"
      ]
    },
    "55_60": {
      "sample_count": 112,
      "correct": 57,
      "accuracy": 0.5089285714285714,
      "brier": 0.25320574892857145,
      "logloss": 0.6996416052431075,
      "ece": 0.06441428571428572,
      "unsafe": false,
      "insufficient_sample": false,
      "reasons": []
    },
    "60_65": {
      "sample_count": 103,
      "correct": 56,
      "accuracy": 0.5436893203883495,
      "brier": 0.2541886223300971,
      "logloss": 0.7020381231912871,
      "ece": 0.08706407766990283,
      "unsafe": false,
      "insufficient_sample": false,
      "reasons": []
    },
    "65_70": {
      "sample_count": 43,
      "correct": 20,
      "accuracy": 0.46511627906976744,
      "brier": 0.2913554925581395,
      "logloss": 0.7807854599010317,
      "ece": 0.20912093023255815,
      "unsafe": true,
      "insufficient_sample": false,
      "reasons": [
        "accuracy below 50%",
        "ece above 0.15"
      ]
    },
    "70_plus": {
      "sample_count": 24,
      "correct": 15,
      "accuracy": 0.625,
      "brier": 0.24041338583333335,
      "logloss": 0.6730853802659356,
      "ece": 0.159325,
      "unsafe": true,
      "insufficient_sample": false,
      "reasons": [
        "ece above 0.15"
      ]
    }
  },
  "global_policy": {
    "recommended_max_display_confidence": 0.65,
    "block_high_confidence_language": true,
    "default_shrink_alpha": 0.7,
    "reason": [
      "one or more high-confidence buckets are unsafe"
    ]
  },
  "unsafe_buckets": [
    "50_55",
    "65_70",
    "70_plus"
  ],
  "warnings": [],
  "errors": [],
  "live_betting_allowed": false,
  "automated_wagering_allowed": false,
  "production_model_replacement_allowed": false
}
