{
  "generated_at": "2026-06-28T22:32:13.188549+00:00",
  "status": "ok",
  "sample_count": 424,
  "buckets": {
    "50_55": {
      "sample_count": 166,
      "correct": 82,
      "accuracy": 0.4939759036144578,
      "brier": 0.2514953293373494,
      "logloss": 0.69614144939145,
      "ece": 0.06810903614457833,
      "unsafe": true,
      "insufficient_sample": false,
      "reasons": [
        "accuracy below 50%"
      ]
    },
    "55_60": {
      "sample_count": 96,
      "correct": 47,
      "accuracy": 0.4895833333333333,
      "brier": 0.25596964552083334,
      "logloss": 0.7052059880456912,
      "ece": 0.08198229166666667,
      "unsafe": true,
      "insufficient_sample": false,
      "reasons": [
        "accuracy below 50%"
      ]
    },
    "60_65": {
      "sample_count": 98,
      "correct": 53,
      "accuracy": 0.5408163265306123,
      "brier": 0.2547533619387755,
      "logloss": 0.7031788143102186,
      "ece": 0.09013979591836735,
      "unsafe": false,
      "insufficient_sample": false,
      "reasons": []
    },
    "65_70": {
      "sample_count": 40,
      "correct": 17,
      "accuracy": 0.425,
      "brier": 0.30524138599999995,
      "logloss": 0.8097908054866576,
      "ece": 0.24921500000000008,
      "unsafe": true,
      "insufficient_sample": false,
      "reasons": [
        "accuracy below 50%",
        "ece above 0.15"
      ]
    },
    "70_plus": {
      "sample_count": 24,
      "correct": 15,
      "accuracy": 0.625,
      "brier": 0.24041338583333335,
      "logloss": 0.6730853802659356,
      "ece": 0.159325,
      "unsafe": true,
      "insufficient_sample": false,
      "reasons": [
        "ece above 0.15"
      ]
    }
  },
  "global_policy": {
    "recommended_max_display_confidence": 0.65,
    "block_high_confidence_language": true,
    "default_shrink_alpha": 0.7,
    "reason": [
      "one or more high-confidence buckets are unsafe"
    ]
  },
  "unsafe_buckets": [
    "50_55",
    "55_60",
    "65_70",
    "70_plus"
  ],
  "warnings": [],
  "errors": [],
  "live_betting_allowed": false,
  "automated_wagering_allowed": false,
  "production_model_replacement_allowed": false
}
