{
  "generated_at": "2026-06-19T05:31:44.650272+00:00",
  "status": "ok",
  "sample_count": 289,
  "buckets": {
    "50_55": {
      "sample_count": 105,
      "correct": 50,
      "accuracy": 0.47619047619047616,
      "brier": 0.2527834314285714,
      "logloss": 0.6987258030850979,
      "ece": 0.0683542857142857,
      "unsafe": true,
      "insufficient_sample": false,
      "reasons": [
        "accuracy below 50%"
      ]
    },
    "55_60": {
      "sample_count": 56,
      "correct": 29,
      "accuracy": 0.5178571428571429,
      "brier": 0.25123884964285714,
      "logloss": 0.6956471627257571,
      "ece": 0.07199285714285716,
      "unsafe": false,
      "insufficient_sample": false,
      "reasons": []
    },
    "60_65": {
      "sample_count": 75,
      "correct": 40,
      "accuracy": 0.5333333333333333,
      "brier": 0.25726384653333334,
      "logloss": 0.7083593895182546,
      "ece": 0.12609733333333337,
      "unsafe": false,
      "insufficient_sample": false,
      "reasons": []
    },
    "65_70": {
      "sample_count": 32,
      "correct": 16,
      "accuracy": 0.5,
      "brier": 0.27844306249999995,
      "logloss": 0.7536807578249425,
      "ece": 0.17349375,
      "unsafe": true,
      "insufficient_sample": false,
      "reasons": [
        "ece above 0.15"
      ]
    },
    "70_plus": {
      "sample_count": 21,
      "correct": 14,
      "accuracy": 0.6666666666666666,
      "brier": 0.22117905952380956,
      "logloss": 0.6312699067291248,
      "ece": 0.16268095238095234,
      "unsafe": true,
      "insufficient_sample": false,
      "reasons": [
        "ece above 0.15"
      ]
    }
  },
  "global_policy": {
    "recommended_max_display_confidence": 0.65,
    "block_high_confidence_language": true,
    "default_shrink_alpha": 0.7,
    "reason": [
      "one or more high-confidence buckets are unsafe"
    ]
  },
  "unsafe_buckets": [
    "50_55",
    "65_70",
    "70_plus"
  ],
  "warnings": [],
  "errors": [],
  "live_betting_allowed": false,
  "automated_wagering_allowed": false,
  "production_model_replacement_allowed": false
}
