{
  "generated_at": "2026-06-14T01:07:26.806434+00:00",
  "status": "ok",
  "sample_count": 223,
  "buckets": {
    "50_55": {
      "sample_count": 75,
      "correct": 36,
      "accuracy": 0.48,
      "brier": 0.25187449213333335,
      "logloss": 0.6969074162041144,
      "ece": 0.09726799999999997,
      "unsafe": true,
      "insufficient_sample": false,
      "reasons": [
        "accuracy below 50%"
      ]
    },
    "55_60": {
      "sample_count": 41,
      "correct": 22,
      "accuracy": 0.5365853658536586,
      "brier": 0.24798423317073168,
      "logloss": 0.689082818516829,
      "ece": 0.04750731707317076,
      "unsafe": false,
      "insufficient_sample": false,
      "reasons": []
    },
    "60_65": {
      "sample_count": 63,
      "correct": 33,
      "accuracy": 0.5238095238095238,
      "brier": 0.2601108271428571,
      "logloss": 0.7142255530720285,
      "ece": 0.1124746031746032,
      "unsafe": false,
      "insufficient_sample": false,
      "reasons": []
    },
    "65_70": {
      "sample_count": 26,
      "correct": 14,
      "accuracy": 0.5384615384615384,
      "brier": 0.2649586880769231,
      "logloss": 0.7254752353420497,
      "ece": 0.13555769230769232,
      "unsafe": false,
      "insufficient_sample": false,
      "reasons": []
    },
    "70_plus": {
      "sample_count": 18,
      "correct": 11,
      "accuracy": 0.6111111111111112,
      "brier": 0.24691039944444443,
      "logloss": 0.6870108437380126,
      "ece": 0.1862277777777778,
      "unsafe": false,
      "insufficient_sample": true,
      "reasons": [
        "sample_count below 20"
      ]
    }
  },
  "global_policy": {
    "recommended_max_display_confidence": 0.75,
    "block_high_confidence_language": false,
    "default_shrink_alpha": 0.85,
    "reason": []
  },
  "unsafe_buckets": [
    "50_55"
  ],
  "warnings": [],
  "errors": [],
  "live_betting_allowed": false,
  "automated_wagering_allowed": false,
  "production_model_replacement_allowed": false
}
