{
  "generated_at": "2026-06-18T06:17:18.890188+00:00",
  "status": "ok",
  "sample_count": 281,
  "buckets": {
    "50_55": {
      "sample_count": 101,
      "correct": 48,
      "accuracy": 0.4752475247524752,
      "brier": 0.25300362792079206,
      "logloss": 0.6991673032038918,
      "ece": 0.08058811881188123,
      "unsafe": true,
      "insufficient_sample": false,
      "reasons": [
        "accuracy below 50%"
      ]
    },
    "55_60": {
      "sample_count": 54,
      "correct": 28,
      "accuracy": 0.5185185185185185,
      "brier": 0.250989257037037,
      "logloss": 0.6951404551835251,
      "ece": 0.07202222222222229,
      "unsafe": false,
      "insufficient_sample": false,
      "reasons": []
    },
    "60_65": {
      "sample_count": 73,
      "correct": 39,
      "accuracy": 0.5342465753424658,
      "brier": 0.2569995446575343,
      "logloss": 0.7078178039042551,
      "ece": 0.1334219178082192,
      "unsafe": false,
      "insufficient_sample": false,
      "reasons": []
    },
    "65_70": {
      "sample_count": 32,
      "correct": 16,
      "accuracy": 0.5,
      "brier": 0.27844306249999995,
      "logloss": 0.7536807578249425,
      "ece": 0.17349375,
      "unsafe": true,
      "insufficient_sample": false,
      "reasons": [
        "ece above 0.15"
      ]
    },
    "70_plus": {
      "sample_count": 21,
      "correct": 14,
      "accuracy": 0.6666666666666666,
      "brier": 0.22117905952380956,
      "logloss": 0.6312699067291248,
      "ece": 0.16268095238095234,
      "unsafe": true,
      "insufficient_sample": false,
      "reasons": [
        "ece above 0.15"
      ]
    }
  },
  "global_policy": {
    "recommended_max_display_confidence": 0.65,
    "block_high_confidence_language": true,
    "default_shrink_alpha": 0.7,
    "reason": [
      "one or more high-confidence buckets are unsafe"
    ]
  },
  "unsafe_buckets": [
    "50_55",
    "65_70",
    "70_plus"
  ],
  "warnings": [],
  "errors": [],
  "live_betting_allowed": false,
  "automated_wagering_allowed": false,
  "production_model_replacement_allowed": false
}
