{
  "generated_at": "2026-06-12T17:16:27.253089+00:00",
  "status": "ok",
  "sample_count": 198,
  "buckets": {
    "50_55": {
      "sample_count": 72,
      "correct": 36,
      "accuracy": 0.5,
      "brier": 0.25082303194444444,
      "logloss": 0.6948000598611676,
      "ece": 0.07939722222222223,
      "unsafe": false,
      "insufficient_sample": false,
      "reasons": []
    },
    "55_60": {
      "sample_count": 33,
      "correct": 18,
      "accuracy": 0.5454545454545454,
      "brier": 0.24680435757575755,
      "logloss": 0.6867063075316057,
      "ece": 0.03405454545454535,
      "unsafe": false,
      "insufficient_sample": false,
      "reasons": []
    },
    "60_65": {
      "sample_count": 57,
      "correct": 31,
      "accuracy": 0.543859649122807,
      "brier": 0.25419914245614034,
      "logloss": 0.7020375425496905,
      "ece": 0.1005543859649123,
      "unsafe": false,
      "insufficient_sample": false,
      "reasons": []
    },
    "65_70": {
      "sample_count": 21,
      "correct": 11,
      "accuracy": 0.5238095238095238,
      "brier": 0.2686451209523809,
      "logloss": 0.7328999611615631,
      "ece": 0.15106666666666668,
      "unsafe": true,
      "insufficient_sample": false,
      "reasons": [
        "ece above 0.15"
      ]
    },
    "70_plus": {
      "sample_count": 15,
      "correct": 9,
      "accuracy": 0.6,
      "brier": 0.25490717599999996,
      "logloss": 0.705274443383109,
      "ece": 0.20905333333333334,
      "unsafe": false,
      "insufficient_sample": true,
      "reasons": [
        "sample_count below 20"
      ]
    }
  },
  "global_policy": {
    "recommended_max_display_confidence": 0.65,
    "block_high_confidence_language": true,
    "default_shrink_alpha": 0.7,
    "reason": [
      "one or more high-confidence buckets are unsafe"
    ]
  },
  "unsafe_buckets": [
    "65_70"
  ],
  "warnings": [],
  "errors": [],
  "live_betting_allowed": false,
  "automated_wagering_allowed": false,
  "production_model_replacement_allowed": false
}
