{
  "generated_at": "2026-06-25T20:28:19.098641+00:00",
  "status": "ok",
  "sample_count": 376,
  "buckets": {
    "50_55": {
      "sample_count": 144,
      "correct": 70,
      "accuracy": 0.4861111111111111,
      "brier": 0.2522962185416666,
      "logloss": 0.6977484256898017,
      "ece": 0.06643541666666673,
      "unsafe": true,
      "insufficient_sample": false,
      "reasons": [
        "accuracy below 50%"
      ]
    },
    "55_60": {
      "sample_count": 80,
      "correct": 41,
      "accuracy": 0.5125,
      "brier": 0.25325051475000004,
      "logloss": 0.6997359163046083,
      "ece": 0.060912500000000036,
      "unsafe": false,
      "insufficient_sample": false,
      "reasons": []
    },
    "60_65": {
      "sample_count": 89,
      "correct": 49,
      "accuracy": 0.550561797752809,
      "brier": 0.2528427897752809,
      "logloss": 0.6993166988589562,
      "ece": 0.11716741573033705,
      "unsafe": false,
      "insufficient_sample": false,
      "reasons": []
    },
    "65_70": {
      "sample_count": 39,
      "correct": 17,
      "accuracy": 0.4358974358974359,
      "brier": 0.3010015241025641,
      "logloss": 0.8008530750357032,
      "ece": 0.23801538461538468,
      "unsafe": true,
      "insufficient_sample": false,
      "reasons": [
        "accuracy below 50%",
        "ece above 0.15"
      ]
    },
    "70_plus": {
      "sample_count": 24,
      "correct": 15,
      "accuracy": 0.625,
      "brier": 0.24041338583333335,
      "logloss": 0.6730853802659356,
      "ece": 0.159325,
      "unsafe": true,
      "insufficient_sample": false,
      "reasons": [
        "ece above 0.15"
      ]
    }
  },
  "global_policy": {
    "recommended_max_display_confidence": 0.65,
    "block_high_confidence_language": true,
    "default_shrink_alpha": 0.7,
    "reason": [
      "one or more high-confidence buckets are unsafe"
    ]
  },
  "unsafe_buckets": [
    "50_55",
    "65_70",
    "70_plus"
  ],
  "warnings": [],
  "errors": [],
  "live_betting_allowed": false,
  "automated_wagering_allowed": false,
  "production_model_replacement_allowed": false
}
