{
  "generated_at": "2026-06-27T00:39:42.598654+00:00",
  "status": "ok",
  "sample_count": 382,
  "buckets": {
    "50_55": {
      "sample_count": 146,
      "correct": 71,
      "accuracy": 0.4863013698630137,
      "brier": 0.25229882931506853,
      "logloss": 0.6977535355020967,
      "ece": 0.05864246575342471,
      "unsafe": true,
      "insufficient_sample": false,
      "reasons": [
        "accuracy below 50%"
      ]
    },
    "55_60": {
      "sample_count": 82,
      "correct": 41,
      "accuracy": 0.5,
      "brier": 0.2550773729268293,
      "logloss": 0.7034185731987231,
      "ece": 0.07339512195121953,
      "unsafe": false,
      "insufficient_sample": false,
      "reasons": []
    },
    "60_65": {
      "sample_count": 91,
      "correct": 50,
      "accuracy": 0.5494505494505495,
      "brier": 0.25309868098901095,
      "logloss": 0.6998361979427116,
      "ece": 0.11749780219780219,
      "unsafe": false,
      "insufficient_sample": false,
      "reasons": []
    },
    "65_70": {
      "sample_count": 39,
      "correct": 17,
      "accuracy": 0.4358974358974359,
      "brier": 0.3010015241025641,
      "logloss": 0.8008530750357032,
      "ece": 0.23801538461538468,
      "unsafe": true,
      "insufficient_sample": false,
      "reasons": [
        "accuracy below 50%",
        "ece above 0.15"
      ]
    },
    "70_plus": {
      "sample_count": 24,
      "correct": 15,
      "accuracy": 0.625,
      "brier": 0.24041338583333335,
      "logloss": 0.6730853802659356,
      "ece": 0.159325,
      "unsafe": true,
      "insufficient_sample": false,
      "reasons": [
        "ece above 0.15"
      ]
    }
  },
  "global_policy": {
    "recommended_max_display_confidence": 0.65,
    "block_high_confidence_language": true,
    "default_shrink_alpha": 0.7,
    "reason": [
      "one or more high-confidence buckets are unsafe"
    ]
  },
  "unsafe_buckets": [
    "50_55",
    "65_70",
    "70_plus"
  ],
  "warnings": [],
  "errors": [],
  "live_betting_allowed": false,
  "automated_wagering_allowed": false,
  "production_model_replacement_allowed": false
}
