{
  "generated_at": "2026-06-10T00:33:40.602825+00:00",
  "status": "ok",
  "sample_count": 161,
  "buckets": {
    "50_55": {
      "sample_count": 60,
      "correct": 30,
      "accuracy": 0.5,
      "brier": 0.2518198336666667,
      "logloss": 0.6968001175004789,
      "ece": 0.06240333333333324,
      "unsafe": false,
      "insufficient_sample": false,
      "reasons": []
    },
    "55_60": {
      "sample_count": 26,
      "correct": 16,
      "accuracy": 0.6153846153846154,
      "brier": 0.2370423723076923,
      "logloss": 0.6670491649382004,
      "ece": 0.04190769230769237,
      "unsafe": false,
      "insufficient_sample": false,
      "reasons": []
    },
    "60_65": {
      "sample_count": 46,
      "correct": 26,
      "accuracy": 0.5652173913043478,
      "brier": 0.24882998456521735,
      "logloss": 0.6910381144704375,
      "ece": 0.07531521739130434,
      "unsafe": false,
      "insufficient_sample": false,
      "reasons": []
    },
    "65_70": {
      "sample_count": 16,
      "correct": 9,
      "accuracy": 0.5625,
      "brier": 0.25210969812499995,
      "logloss": 0.6977652272028843,
      "ece": 0.11051875000000007,
      "unsafe": false,
      "insufficient_sample": true,
      "reasons": [
        "sample_count below 20"
      ]
    },
    "70_plus": {
      "sample_count": 13,
      "correct": 8,
      "accuracy": 0.6153846153846154,
      "brier": 0.24885404846153847,
      "logloss": 0.6923021599058999,
      "ece": 0.2041307692307692,
      "unsafe": false,
      "insufficient_sample": true,
      "reasons": [
        "sample_count below 20"
      ]
    }
  },
  "global_policy": {
    "recommended_max_display_confidence": 0.75,
    "block_high_confidence_language": false,
    "default_shrink_alpha": 0.85,
    "reason": [
      "no unsafe confidence bucket with sufficient sample"
    ]
  },
  "unsafe_buckets": [],
  "warnings": [],
  "errors": [],
  "live_betting_allowed": false,
  "automated_wagering_allowed": false,
  "production_model_replacement_allowed": false
}
