{
  "generated_at": "2026-06-11T21:38:12.538502+00:00",
  "status": "ok",
  "sample_count": 194,
  "buckets": {
    "50_55": {
      "sample_count": 72,
      "correct": 36,
      "accuracy": 0.5,
      "brier": 0.25082303194444444,
      "logloss": 0.6948000598611677,
      "ece": 0.07939722222222223,
      "unsafe": false,
      "insufficient_sample": false,
      "reasons": []
    },
    "55_60": {
      "sample_count": 32,
      "correct": 18,
      "accuracy": 0.5625,
      "brier": 0.24479035593749998,
      "logloss": 0.6826590303247827,
      "ece": 0.05255312499999991,
      "unsafe": false,
      "insufficient_sample": false,
      "reasons": []
    },
    "60_65": {
      "sample_count": 56,
      "correct": 31,
      "accuracy": 0.5535714285714286,
      "brier": 0.2522647626785714,
      "logloss": 0.6981175957818413,
      "ece": 0.11310178571428577,
      "unsafe": false,
      "insufficient_sample": false,
      "reasons": []
    },
    "65_70": {
      "sample_count": 20,
      "correct": 10,
      "accuracy": 0.5,
      "brier": 0.276365177,
      "logloss": 0.7489204730673849,
      "ece": 0.17552000000000006,
      "unsafe": true,
      "insufficient_sample": false,
      "reasons": [
        "ece above 0.15"
      ]
    },
    "70_plus": {
      "sample_count": 14,
      "correct": 8,
      "accuracy": 0.5714285714285714,
      "brier": 0.2688308307142857,
      "logloss": 0.7355865401838485,
      "ece": 0.24147857142857143,
      "unsafe": false,
      "insufficient_sample": true,
      "reasons": [
        "sample_count below 20"
      ]
    }
  },
  "global_policy": {
    "recommended_max_display_confidence": 0.65,
    "block_high_confidence_language": true,
    "default_shrink_alpha": 0.7,
    "reason": [
      "one or more high-confidence buckets are unsafe"
    ]
  },
  "unsafe_buckets": [
    "65_70"
  ],
  "warnings": [],
  "errors": [],
  "live_betting_allowed": false,
  "automated_wagering_allowed": false,
  "production_model_replacement_allowed": false
}
