{
  "generated_at": "2026-06-17T20:46:48.477916+00:00",
  "status": "ok",
  "sample_count": 271,
  "buckets": {
    "50_55": {
      "sample_count": 96,
      "correct": 46,
      "accuracy": 0.4791666666666667,
      "brier": 0.25304809802083333,
      "logloss": 0.6992579024044234,
      "ece": 0.08080312500000009,
      "unsafe": true,
      "insufficient_sample": false,
      "reasons": [
        "accuracy below 50%"
      ]
    },
    "55_60": {
      "sample_count": 52,
      "correct": 28,
      "accuracy": 0.5384615384615384,
      "brier": 0.24829290826923073,
      "logloss": 0.6897145049453806,
      "ece": 0.052998076923076995,
      "unsafe": false,
      "insufficient_sample": false,
      "reasons": []
    },
    "60_65": {
      "sample_count": 72,
      "correct": 38,
      "accuracy": 0.5277777777777778,
      "brier": 0.25871660722222223,
      "logloss": 0.7113368665927879,
      "ece": 0.1302027777777778,
      "unsafe": false,
      "insufficient_sample": false,
      "reasons": []
    },
    "65_70": {
      "sample_count": 30,
      "correct": 14,
      "accuracy": 0.4666666666666667,
      "brier": 0.28977379166666667,
      "logloss": 0.7772965493987364,
      "ece": 0.20701000000000003,
      "unsafe": true,
      "insufficient_sample": false,
      "reasons": [
        "accuracy below 50%",
        "ece above 0.15"
      ]
    },
    "70_plus": {
      "sample_count": 21,
      "correct": 14,
      "accuracy": 0.6666666666666666,
      "brier": 0.22117905952380956,
      "logloss": 0.6312699067291248,
      "ece": 0.16268095238095234,
      "unsafe": true,
      "insufficient_sample": false,
      "reasons": [
        "ece above 0.15"
      ]
    }
  },
  "global_policy": {
    "recommended_max_display_confidence": 0.65,
    "block_high_confidence_language": true,
    "default_shrink_alpha": 0.7,
    "reason": [
      "one or more high-confidence buckets are unsafe"
    ]
  },
  "unsafe_buckets": [
    "50_55",
    "65_70",
    "70_plus"
  ],
  "warnings": [],
  "errors": [],
  "live_betting_allowed": false,
  "automated_wagering_allowed": false,
  "production_model_replacement_allowed": false
}
