{
  "generated_at": "2026-06-10T02:24:32.449704+00:00",
  "status": "ok",
  "sample_count": 168,
  "buckets": {
    "50_55": {
      "sample_count": 61,
      "correct": 31,
      "accuracy": 0.5081967213114754,
      "brier": 0.2517491191803279,
      "logloss": 0.6966584703127482,
      "ece": 0.06953606557377048,
      "unsafe": false,
      "insufficient_sample": false,
      "reasons": []
    },
    "55_60": {
      "sample_count": 29,
      "correct": 18,
      "accuracy": 0.6206896551724138,
      "brier": 0.2361316224137931,
      "logloss": 0.6652066229777133,
      "ece": 0.04813448275862071,
      "unsafe": false,
      "insufficient_sample": false,
      "reasons": []
    },
    "60_65": {
      "sample_count": 49,
      "correct": 28,
      "accuracy": 0.5714285714285714,
      "brier": 0.24691227408163266,
      "logloss": 0.6870861511171094,
      "ece": 0.06826734693877555,
      "unsafe": false,
      "insufficient_sample": false,
      "reasons": []
    },
    "65_70": {
      "sample_count": 16,
      "correct": 9,
      "accuracy": 0.5625,
      "brier": 0.25210969812499995,
      "logloss": 0.6977652272028843,
      "ece": 0.11051875000000007,
      "unsafe": false,
      "insufficient_sample": true,
      "reasons": [
        "sample_count below 20"
      ]
    },
    "70_plus": {
      "sample_count": 13,
      "correct": 8,
      "accuracy": 0.6153846153846154,
      "brier": 0.24885404846153847,
      "logloss": 0.6923021599058999,
      "ece": 0.2041307692307692,
      "unsafe": false,
      "insufficient_sample": true,
      "reasons": [
        "sample_count below 20"
      ]
    }
  },
  "global_policy": {
    "recommended_max_display_confidence": 0.75,
    "block_high_confidence_language": false,
    "default_shrink_alpha": 0.85,
    "reason": [
      "no unsafe confidence bucket with sufficient sample"
    ]
  },
  "unsafe_buckets": [],
  "warnings": [],
  "errors": [],
  "live_betting_allowed": false,
  "automated_wagering_allowed": false,
  "production_model_replacement_allowed": false
}
