{
  "generated_at": "2026-06-21T13:35:54.975937+00:00",
  "status": "ok",
  "sample_count": 317,
  "buckets": {
    "50_55": {
      "sample_count": 115,
      "correct": 56,
      "accuracy": 0.48695652173913045,
      "brier": 0.25232780591304343,
      "logloss": 0.6978144335626753,
      "ece": 0.05457565217391298,
      "unsafe": true,
      "insufficient_sample": false,
      "reasons": [
        "accuracy below 50%"
      ]
    },
    "55_60": {
      "sample_count": 60,
      "correct": 32,
      "accuracy": 0.5333333333333333,
      "brier": 0.249394279,
      "logloss": 0.6919358200752634,
      "ece": 0.037353333333333405,
      "unsafe": false,
      "insufficient_sample": false,
      "reasons": []
    },
    "60_65": {
      "sample_count": 81,
      "correct": 43,
      "accuracy": 0.5308641975308642,
      "brier": 0.25798687851851854,
      "logloss": 0.709850332978682,
      "ece": 0.13816543209876544,
      "unsafe": false,
      "insufficient_sample": false,
      "reasons": []
    },
    "65_70": {
      "sample_count": 37,
      "correct": 17,
      "accuracy": 0.4594594594594595,
      "brier": 0.2938560808108108,
      "logloss": 0.7861145902967942,
      "ece": 0.21530540540540546,
      "unsafe": true,
      "insufficient_sample": false,
      "reasons": [
        "accuracy below 50%",
        "ece above 0.15"
      ]
    },
    "70_plus": {
      "sample_count": 24,
      "correct": 15,
      "accuracy": 0.625,
      "brier": 0.24041338583333335,
      "logloss": 0.6730853802659356,
      "ece": 0.159325,
      "unsafe": true,
      "insufficient_sample": false,
      "reasons": [
        "ece above 0.15"
      ]
    }
  },
  "global_policy": {
    "recommended_max_display_confidence": 0.65,
    "block_high_confidence_language": true,
    "default_shrink_alpha": 0.7,
    "reason": [
      "one or more high-confidence buckets are unsafe"
    ]
  },
  "unsafe_buckets": [
    "50_55",
    "65_70",
    "70_plus"
  ],
  "warnings": [],
  "errors": [],
  "live_betting_allowed": false,
  "automated_wagering_allowed": false,
  "production_model_replacement_allowed": false
}
