{
  "generated_at": "2026-06-13T04:33:02.185175+00:00",
  "status": "ok",
  "sample_count": 210,
  "buckets": {
    "50_55": {
      "sample_count": 73,
      "correct": 36,
      "accuracy": 0.4931506849315068,
      "brier": 0.25104292958904106,
      "logloss": 0.6952399331605044,
      "ece": 0.08538630136986294,
      "unsafe": true,
      "insufficient_sample": false,
      "reasons": [
        "accuracy below 50%"
      ]
    },
    "55_60": {
      "sample_count": 38,
      "correct": 20,
      "accuracy": 0.5263157894736842,
      "brier": 0.24875609736842103,
      "logloss": 0.6906249265851089,
      "ece": 0.04575263157894736,
      "unsafe": false,
      "insufficient_sample": false,
      "reasons": []
    },
    "60_65": {
      "sample_count": 59,
      "correct": 32,
      "accuracy": 0.5423728813559322,
      "brier": 0.2551787274576271,
      "logloss": 0.7041075303014849,
      "ece": 0.11460677966101693,
      "unsafe": false,
      "insufficient_sample": false,
      "reasons": []
    },
    "65_70": {
      "sample_count": 24,
      "correct": 12,
      "accuracy": 0.5,
      "brier": 0.2778836066666666,
      "logloss": 0.7523777782727152,
      "ece": 0.174475,
      "unsafe": true,
      "insufficient_sample": false,
      "reasons": [
        "ece above 0.15"
      ]
    },
    "70_plus": {
      "sample_count": 16,
      "correct": 10,
      "accuracy": 0.625,
      "brier": 0.24399874312500003,
      "logloss": 0.682030855153784,
      "ece": 0.1782687500000001,
      "unsafe": false,
      "insufficient_sample": true,
      "reasons": [
        "sample_count below 20"
      ]
    }
  },
  "global_policy": {
    "recommended_max_display_confidence": 0.65,
    "block_high_confidence_language": true,
    "default_shrink_alpha": 0.7,
    "reason": [
      "one or more high-confidence buckets are unsafe"
    ]
  },
  "unsafe_buckets": [
    "50_55",
    "65_70"
  ],
  "warnings": [],
  "errors": [],
  "live_betting_allowed": false,
  "automated_wagering_allowed": false,
  "production_model_replacement_allowed": false
}
