{
  "generated_at": "2026-06-11T23:40:31.985120+00:00",
  "status": "ok",
  "sample_count": 196,
  "buckets": {
    "50_55": {
      "sample_count": 72,
      "correct": 36,
      "accuracy": 0.5,
      "brier": 0.25082303194444444,
      "logloss": 0.6948000598611677,
      "ece": 0.07939722222222223,
      "unsafe": false,
      "insufficient_sample": false,
      "reasons": []
    },
    "55_60": {
      "sample_count": 32,
      "correct": 18,
      "accuracy": 0.5625,
      "brier": 0.24479035593749998,
      "logloss": 0.6826590303247827,
      "ece": 0.05255312499999991,
      "unsafe": false,
      "insufficient_sample": false,
      "reasons": []
    },
    "60_65": {
      "sample_count": 57,
      "correct": 31,
      "accuracy": 0.543859649122807,
      "brier": 0.25419914245614034,
      "logloss": 0.7020375425496905,
      "ece": 0.1005543859649123,
      "unsafe": false,
      "insufficient_sample": false,
      "reasons": []
    },
    "65_70": {
      "sample_count": 21,
      "correct": 11,
      "accuracy": 0.5238095238095238,
      "brier": 0.2686451209523809,
      "logloss": 0.7328999611615631,
      "ece": 0.15106666666666668,
      "unsafe": true,
      "insufficient_sample": false,
      "reasons": [
        "ece above 0.15"
      ]
    },
    "70_plus": {
      "sample_count": 14,
      "correct": 8,
      "accuracy": 0.5714285714285714,
      "brier": 0.2688308307142857,
      "logloss": 0.7355865401838485,
      "ece": 0.24147857142857143,
      "unsafe": false,
      "insufficient_sample": true,
      "reasons": [
        "sample_count below 20"
      ]
    }
  },
  "global_policy": {
    "recommended_max_display_confidence": 0.65,
    "block_high_confidence_language": true,
    "default_shrink_alpha": 0.7,
    "reason": [
      "one or more high-confidence buckets are unsafe"
    ]
  },
  "unsafe_buckets": [
    "65_70"
  ],
  "warnings": [],
  "errors": [],
  "live_betting_allowed": false,
  "automated_wagering_allowed": false,
  "production_model_replacement_allowed": false
}
