{
  "generated_at": "2026-06-22T00:40:57.331499+00:00",
  "status": "ok",
  "sample_count": 330,
  "buckets": {
    "50_55": {
      "sample_count": 122,
      "correct": 60,
      "accuracy": 0.4918032786885246,
      "brier": 0.2522668592622951,
      "logloss": 0.6976927019023818,
      "ece": 0.06287295081967224,
      "unsafe": true,
      "insufficient_sample": false,
      "reasons": [
        "accuracy below 50%"
      ]
    },
    "55_60": {
      "sample_count": 64,
      "correct": 33,
      "accuracy": 0.515625,
      "brier": 0.25315865765625,
      "logloss": 0.6995592361031405,
      "ece": 0.05554531250000004,
      "unsafe": false,
      "insufficient_sample": false,
      "reasons": []
    },
    "60_65": {
      "sample_count": 82,
      "correct": 44,
      "accuracy": 0.5365853658536586,
      "brier": 0.2566286532926829,
      "logloss": 0.7070805020113217,
      "ece": 0.13181097560975608,
      "unsafe": false,
      "insufficient_sample": false,
      "reasons": []
    },
    "65_70": {
      "sample_count": 38,
      "correct": 17,
      "accuracy": 0.4473684210526316,
      "brier": 0.29733057236842103,
      "logloss": 0.7932504806883295,
      "ece": 0.22681315789473688,
      "unsafe": true,
      "insufficient_sample": false,
      "reasons": [
        "accuracy below 50%",
        "ece above 0.15"
      ]
    },
    "70_plus": {
      "sample_count": 24,
      "correct": 15,
      "accuracy": 0.625,
      "brier": 0.24041338583333335,
      "logloss": 0.6730853802659356,
      "ece": 0.159325,
      "unsafe": true,
      "insufficient_sample": false,
      "reasons": [
        "ece above 0.15"
      ]
    }
  },
  "global_policy": {
    "recommended_max_display_confidence": 0.65,
    "block_high_confidence_language": true,
    "default_shrink_alpha": 0.7,
    "reason": [
      "one or more high-confidence buckets are unsafe"
    ]
  },
  "unsafe_buckets": [
    "50_55",
    "65_70",
    "70_plus"
  ],
  "warnings": [],
  "errors": [],
  "live_betting_allowed": false,
  "automated_wagering_allowed": false,
  "production_model_replacement_allowed": false
}
