{
  "generated_at": "2026-06-30T17:33:21.095814+00:00",
  "status": "ok",
  "sample_count": 440,
  "buckets": {
    "50_55": {
      "sample_count": 174,
      "correct": 87,
      "accuracy": 0.5,
      "brier": 0.251105218275862,
      "logloss": 0.695360816367045,
      "ece": 0.07638390804597706,
      "unsafe": false,
      "insufficient_sample": false,
      "reasons": []
    },
    "55_60": {
      "sample_count": 102,
      "correct": 50,
      "accuracy": 0.49019607843137253,
      "brier": 0.25591427254901966,
      "logloss": 0.7050979489733488,
      "ece": 0.08140392156862754,
      "unsafe": true,
      "insufficient_sample": false,
      "reasons": [
        "accuracy below 50%"
      ]
    },
    "60_65": {
      "sample_count": 99,
      "correct": 54,
      "accuracy": 0.5454545454545454,
      "brier": 0.2536348456565657,
      "logloss": 0.7008964997650394,
      "ece": 0.08539595959595964,
      "unsafe": false,
      "insufficient_sample": false,
      "reasons": []
    },
    "65_70": {
      "sample_count": 41,
      "correct": 18,
      "accuracy": 0.43902439024390244,
      "brier": 0.30077063609756094,
      "logloss": 0.8005167103195993,
      "ece": 0.234619512195122,
      "unsafe": true,
      "insufficient_sample": false,
      "reasons": [
        "accuracy below 50%",
        "ece above 0.15"
      ]
    },
    "70_plus": {
      "sample_count": 24,
      "correct": 15,
      "accuracy": 0.625,
      "brier": 0.24041338583333335,
      "logloss": 0.6730853802659356,
      "ece": 0.159325,
      "unsafe": true,
      "insufficient_sample": false,
      "reasons": [
        "ece above 0.15"
      ]
    }
  },
  "global_policy": {
    "recommended_max_display_confidence": 0.65,
    "block_high_confidence_language": true,
    "default_shrink_alpha": 0.7,
    "reason": [
      "one or more high-confidence buckets are unsafe"
    ]
  },
  "unsafe_buckets": [
    "55_60",
    "65_70",
    "70_plus"
  ],
  "warnings": [],
  "errors": [],
  "live_betting_allowed": false,
  "automated_wagering_allowed": false,
  "production_model_replacement_allowed": false
}
