{
  "generated_at": "2026-07-01T23:44:20.094259Z",
  "report_type": "model_eval_report",
  "status": "ok",
  "training_source": "data/training_samples.csv",
  "oos_prediction_output": "data/oos_predictions_with_labels.csv",
  "collapse_report_output": "report/prediction_collapse_report.json",
  "pipeline_version": "baseline_v2_clean",
  "feature_schema_version": "core_v4_canonical_training_samples",
  "feature_schema_hash": "96648eff8ef44ed996d40e7a84d16d67305d831de227e200d0d93819283df1ed",
  "core_feature_count": 7,
  "features_used": [
    "elo_diff",
    "bt_strength_diff",
    "sp_era_diff",
    "pitcher_rating_diff",
    "dynamic_park_factor",
    "winrate_diff",
    "timezone_diff"
  ],
  "label_column": "home_win",
  "sample_count": 461,
  "train_sample_count": 322,
  "calibration_sample_count": 69,
  "test_sample_count": 70,
  "metrics": {
    "accuracy": 0.44285714285714284,
    "balanced_accuracy": 0.4305555555555556,
    "precision": 0.0,
    "recall": 0.0,
    "f1": 0.0,
    "roc_auc": 0.38153594771241833,
    "brier": 0.2566371680415814,
    "logloss": 0.7064931361838039,
    "predicted_positive_rate": 0.07142857142857142,
    "predicted_negative_rate": 0.9285714285714286,
    "probability_mean": 0.46617422881571224,
    "probability_std": 0.023952593852349158,
    "probability_min": 0.39643354200886105,
    "probability_max": 0.5330468555666198
  },
  "baseline_metrics": {
    "constant_0_5": {
      "accuracy": 0.4857142857142857,
      "balanced_accuracy": 0.5,
      "precision": 0.4857142857142857,
      "recall": 1.0,
      "f1": 0.6538461538461539,
      "roc_auc": 0.5,
      "brier": 0.25,
      "logloss": 0.6931471805599454,
      "predicted_positive_rate": 1.0,
      "predicted_negative_rate": 0.0,
      "probability_mean": 0.5,
      "probability_std": 0.0,
      "probability_min": 0.5,
      "probability_max": 0.5,
      "baseline_name": "constant_0_5",
      "constant_probability": 0.5
    },
    "base_rate_train_calibration": {
      "accuracy": 0.4857142857142857,
      "balanced_accuracy": 0.5,
      "precision": 0.4857142857142857,
      "recall": 1.0,
      "f1": 0.6538461538461539,
      "roc_auc": 0.5,
      "brier": 0.25243480690396924,
      "logloss": 0.6980282861287419,
      "predicted_positive_rate": 1.0,
      "predicted_negative_rate": 0.0,
      "probability_mean": 0.5370843989769819,
      "probability_std": 2.220446049250313e-16,
      "probability_min": 0.5370843989769821,
      "probability_max": 0.5370843989769821,
      "baseline_name": "base_rate_train_calibration",
      "constant_probability": 0.5370843989769821
    },
    "always_home": {
      "accuracy": 0.4857142857142857,
      "balanced_accuracy": 0.5,
      "precision": 0.4857142857142857,
      "recall": 1.0,
      "f1": 0.6538461538461539,
      "roc_auc": 0.5,
      "brier": 0.5142846857152858,
      "logloss": 7.105120201224223,
      "predicted_positive_rate": 1.0,
      "predicted_negative_rate": 0.0,
      "probability_mean": 0.9999990000000001,
      "probability_std": 1.1102230246251565e-16,
      "probability_min": 0.999999,
      "probability_max": 0.999999,
      "baseline_name": "always_home",
      "constant_probability": 0.999999
    },
    "always_away": {
      "accuracy": 0.5142857142857142,
      "balanced_accuracy": 0.5,
      "precision": 0.0,
      "recall": 0.0,
      "f1": 0.0,
      "roc_auc": 0.5,
      "brier": 0.4857133142867142,
      "logloss": 6.710391356725762,
      "predicted_positive_rate": 0.0,
      "predicted_negative_rate": 1.0,
      "probability_mean": 9.999999999999997e-07,
      "probability_std": 2.117582368135751e-22,
      "probability_min": 1e-06,
      "probability_max": 1e-06,
      "baseline_name": "always_away",
      "constant_probability": 1e-06
    }
  },
  "model_vs_baselines": {
    "constant_0_5": {
      "delta_brier": 0.006637168041581376,
      "beats_brier": false,
      "delta_logloss": 0.01334595562385854,
      "beats_logloss": false,
      "delta_roc_auc": -0.11846405228758167,
      "beats_roc_auc": false
    },
    "base_rate_train_calibration": {
      "delta_brier": 0.004202361137612132,
      "beats_brier": false,
      "delta_logloss": 0.008464850055062034,
      "beats_logloss": false,
      "delta_roc_auc": -0.11846405228758167,
      "beats_roc_auc": false
    },
    "always_home": {
      "delta_brier": -0.2576475176737045,
      "beats_brier": true,
      "delta_logloss": -6.39862706504042,
      "beats_logloss": true,
      "delta_roc_auc": -0.11846405228758167,
      "beats_roc_auc": false
    },
    "always_away": {
      "delta_brier": -0.22907614624513284,
      "beats_brier": true,
      "delta_logloss": -6.003898220541958,
      "beats_logloss": true,
      "delta_roc_auc": -0.11846405228758167,
      "beats_roc_auc": false
    }
  },
  "collapse_guardrail": {
    "status": "failed",
    "model_has_no_discrimination_power": true,
    "do_not_promote": true,
    "collapse_reasons": [
      "single_class_negative_prediction_collapse",
      "brier_near_random_0_25",
      "logloss_near_random_0_693"
    ],
    "thresholds": {
      "auc_random_band_low": 0.48,
      "auc_random_band_high": 0.52,
      "balanced_accuracy_random_band_low": 0.48,
      "balanced_accuracy_random_band_high": 0.52,
      "max_single_class_prediction_rate": 0.85,
      "min_probability_std": 0.02,
      "brier_random_reference": 0.25,
      "logloss_random_reference": 0.6931471805599453
    },
    "confusion_matrix": [
      [
        31,
        5
      ],
      [
        34,
        0
      ]
    ],
    "live_betting_allowed": false,
    "automated_wagering_allowed": false,
    "production_model_replacement_allowed": false
  },
  "confusion_matrix": [
    [
      31,
      5
    ],
    [
      34,
      0
    ]
  ],
  "warnings": [
    "model_has_no_discrimination_power",
    "model_does_not_beat_all_brier_baselines"
  ],
  "errors": [],
  "live_betting_allowed": false,
  "automated_wagering_allowed": false,
  "production_model_replacement_allowed": false
}