{
  "generated_at": "2026-06-26T10:06:11.596828Z",
  "report_type": "model_eval_report",
  "status": "ok",
  "training_source": "data/training_samples.csv",
  "oos_prediction_output": "data/oos_predictions_with_labels.csv",
  "collapse_report_output": "report/prediction_collapse_report.json",
  "pipeline_version": "baseline_v2_clean",
  "feature_schema_version": "core_v4_canonical_training_samples",
  "feature_schema_hash": "96648eff8ef44ed996d40e7a84d16d67305d831de227e200d0d93819283df1ed",
  "core_feature_count": 7,
  "features_used": [
    "elo_diff",
    "bt_strength_diff",
    "sp_era_diff",
    "pitcher_rating_diff",
    "dynamic_park_factor",
    "winrate_diff",
    "timezone_diff"
  ],
  "label_column": "home_win",
  "sample_count": 382,
  "train_sample_count": 267,
  "calibration_sample_count": 57,
  "test_sample_count": 58,
  "metrics": {
    "accuracy": 0.46551724137931033,
    "balanced_accuracy": 0.5254545454545454,
    "precision": 0.4444444444444444,
    "recall": 0.96,
    "f1": 0.6075949367088608,
    "roc_auc": 0.5418181818181819,
    "brier": 0.2559564288167804,
    "logloss": 0.7051801346126407,
    "predicted_positive_rate": 0.9310344827586207,
    "predicted_negative_rate": 0.06896551724137934,
    "probability_mean": 0.5437351917904484,
    "probability_std": 0.03604736098443001,
    "probability_min": 0.4826755615345888,
    "probability_max": 0.6547509155131672
  },
  "baseline_metrics": {
    "constant_0_5": {
      "accuracy": 0.43103448275862066,
      "balanced_accuracy": 0.5,
      "precision": 0.43103448275862066,
      "recall": 1.0,
      "f1": 0.6024096385542169,
      "roc_auc": 0.5,
      "brier": 0.25,
      "logloss": 0.6931471805599453,
      "predicted_positive_rate": 1.0,
      "predicted_negative_rate": 0.0,
      "probability_mean": 0.5,
      "probability_std": 0.0,
      "probability_min": 0.5,
      "probability_max": 0.5,
      "baseline_name": "constant_0_5",
      "constant_probability": 0.5
    },
    "base_rate_train_calibration": {
      "accuracy": 0.43103448275862066,
      "balanced_accuracy": 0.5,
      "precision": 0.43103448275862066,
      "recall": 1.0,
      "f1": 0.6024096385542169,
      "roc_auc": 0.5,
      "brier": 0.2607492550021286,
      "logloss": 0.7147476509946865,
      "predicted_positive_rate": 1.0,
      "predicted_negative_rate": 0.0,
      "probability_mean": 0.5555555555555556,
      "probability_std": 0.0,
      "probability_min": 0.5555555555555556,
      "probability_max": 0.5555555555555556,
      "baseline_name": "base_rate_train_calibration",
      "constant_probability": 0.5555555555555556
    },
    "always_home": {
      "accuracy": 0.43103448275862066,
      "balanced_accuracy": 0.5,
      "precision": 0.43103448275862066,
      "recall": 1.0,
      "f1": 0.6024096385542169,
      "roc_auc": 0.5,
      "brier": 0.5689643793113448,
      "logloss": 7.860549541584217,
      "predicted_positive_rate": 1.0,
      "predicted_negative_rate": 0.0,
      "probability_mean": 0.9999990000000001,
      "probability_std": 1.1102230246251565e-16,
      "probability_min": 0.999999,
      "probability_max": 0.999999,
      "baseline_name": "always_home",
      "constant_probability": 0.999999
    },
    "always_away": {
      "accuracy": 0.5689655172413793,
      "balanced_accuracy": 0.5,
      "precision": 0.0,
      "recall": 0.0,
      "f1": 0.0,
      "roc_auc": 0.5,
      "brier": 0.4310336206906551,
      "logloss": 5.9549620163641945,
      "predicted_positive_rate": 0.0,
      "predicted_negative_rate": 1.0,
      "probability_mean": 9.999999999999997e-07,
      "probability_std": 2.117582368135751e-22,
      "probability_min": 1e-06,
      "probability_max": 1e-06,
      "baseline_name": "always_away",
      "constant_probability": 1e-06
    }
  },
  "model_vs_baselines": {
    "constant_0_5": {
      "delta_brier": 0.005956428816780379,
      "beats_brier": false,
      "delta_logloss": 0.012032954052695444,
      "beats_logloss": false,
      "delta_roc_auc": 0.041818181818181865,
      "beats_roc_auc": true
    },
    "base_rate_train_calibration": {
      "delta_brier": -0.004792826185348209,
      "beats_brier": true,
      "delta_logloss": -0.009567516382045782,
      "beats_logloss": true,
      "delta_roc_auc": 0.041818181818181865,
      "beats_roc_auc": true
    },
    "always_home": {
      "delta_brier": -0.3130079504945644,
      "beats_brier": true,
      "delta_logloss": -7.155369406971577,
      "beats_logloss": true,
      "delta_roc_auc": 0.041818181818181865,
      "beats_roc_auc": true
    },
    "always_away": {
      "delta_brier": -0.17507719187387472,
      "beats_brier": true,
      "delta_logloss": -5.249781881751554,
      "beats_logloss": true,
      "delta_roc_auc": 0.041818181818181865,
      "beats_roc_auc": true
    }
  },
  "collapse_guardrail": {
    "status": "failed",
    "model_has_no_discrimination_power": true,
    "do_not_promote": true,
    "collapse_reasons": [
      "single_class_positive_prediction_collapse",
      "brier_near_random_0_25",
      "logloss_near_random_0_693"
    ],
    "thresholds": {
      "auc_random_band_low": 0.48,
      "auc_random_band_high": 0.52,
      "balanced_accuracy_random_band_low": 0.48,
      "balanced_accuracy_random_band_high": 0.52,
      "max_single_class_prediction_rate": 0.85,
      "min_probability_std": 0.02,
      "brier_random_reference": 0.25,
      "logloss_random_reference": 0.6931471805599453
    },
    "confusion_matrix": [
      [
        3,
        30
      ],
      [
        1,
        24
      ]
    ],
    "live_betting_allowed": false,
    "automated_wagering_allowed": false,
    "production_model_replacement_allowed": false
  },
  "confusion_matrix": [
    [
      3,
      30
    ],
    [
      1,
      24
    ]
  ],
  "warnings": [
    "model_has_no_discrimination_power",
    "model_does_not_beat_all_brier_baselines"
  ],
  "errors": [],
  "live_betting_allowed": false,
  "automated_wagering_allowed": false,
  "production_model_replacement_allowed": false
}