{
  "generated_at": "2026-06-28T09:46:37.465658Z",
  "report_type": "model_eval_report",
  "status": "ok",
  "training_source": "data/training_samples.csv",
  "oos_prediction_output": "data/oos_predictions_with_labels.csv",
  "collapse_report_output": "report/prediction_collapse_report.json",
  "pipeline_version": "baseline_v2_clean",
  "feature_schema_version": "core_v4_canonical_training_samples",
  "feature_schema_hash": "96648eff8ef44ed996d40e7a84d16d67305d831de227e200d0d93819283df1ed",
  "core_feature_count": 7,
  "features_used": [
    "elo_diff",
    "bt_strength_diff",
    "sp_era_diff",
    "pitcher_rating_diff",
    "dynamic_park_factor",
    "winrate_diff",
    "timezone_diff"
  ],
  "label_column": "home_win",
  "sample_count": 412,
  "train_sample_count": 288,
  "calibration_sample_count": 62,
  "test_sample_count": 62,
  "metrics": {
    "accuracy": 0.46774193548387094,
    "balanced_accuracy": 0.5,
    "precision": 0.46774193548387094,
    "recall": 1.0,
    "f1": 0.6373626373626373,
    "roc_auc": 0.5506792058516197,
    "brier": 0.25172523531560287,
    "logloss": 0.6965997043548725,
    "predicted_positive_rate": 1.0,
    "predicted_negative_rate": 0.0,
    "probability_mean": 0.532456209876374,
    "probability_std": 0.01367661581910675,
    "probability_min": 0.5102404180735044,
    "probability_max": 0.5823017031546219
  },
  "baseline_metrics": {
    "constant_0_5": {
      "accuracy": 0.46774193548387094,
      "balanced_accuracy": 0.5,
      "precision": 0.46774193548387094,
      "recall": 1.0,
      "f1": 0.6373626373626373,
      "roc_auc": 0.5,
      "brier": 0.25,
      "logloss": 0.6931471805599455,
      "predicted_positive_rate": 1.0,
      "predicted_negative_rate": 0.0,
      "probability_mean": 0.5,
      "probability_std": 0.0,
      "probability_min": 0.5,
      "probability_max": 0.5,
      "baseline_name": "constant_0_5",
      "constant_probability": 0.5
    },
    "base_rate_train_calibration": {
      "accuracy": 0.46774193548387094,
      "balanced_accuracy": 0.5,
      "precision": 0.46774193548387094,
      "recall": 1.0,
      "f1": 0.6373626373626373,
      "roc_auc": 0.5,
      "brier": 0.2550391046741277,
      "logloss": 0.7032594756670092,
      "predicted_positive_rate": 1.0,
      "predicted_negative_rate": 0.0,
      "probability_mean": 0.5457142857142856,
      "probability_std": 1.1102230246251565e-16,
      "probability_min": 0.5457142857142857,
      "probability_max": 0.5457142857142857,
      "baseline_name": "base_rate_train_calibration",
      "constant_probability": 0.5457142857142857
    },
    "always_home": {
      "accuracy": 0.46774193548387094,
      "balanced_accuracy": 0.5,
      "precision": 0.46774193548387094,
      "recall": 1.0,
      "f1": 0.6373626373626373,
      "roc_auc": 0.5,
      "brier": 0.532257000001,
      "logloss": 7.353417377611074,
      "predicted_positive_rate": 1.0,
      "predicted_negative_rate": 0.0,
      "probability_mean": 0.9999990000000002,
      "probability_std": 2.220446049250313e-16,
      "probability_min": 0.999999,
      "probability_max": 0.999999,
      "baseline_name": "always_home",
      "constant_probability": 0.999999
    },
    "always_away": {
      "accuracy": 0.532258064516129,
      "balanced_accuracy": 0.5,
      "precision": 0.0,
      "recall": 0.0,
      "f1": 0.0,
      "roc_auc": 0.5,
      "brier": 0.46774100000099994,
      "logloss": 6.4620941803383944,
      "predicted_positive_rate": 0.0,
      "predicted_negative_rate": 1.0,
      "probability_mean": 9.999999999999995e-07,
      "probability_std": 4.235164736271502e-22,
      "probability_min": 1e-06,
      "probability_max": 1e-06,
      "baseline_name": "always_away",
      "constant_probability": 1e-06
    }
  },
  "model_vs_baselines": {
    "constant_0_5": {
      "delta_brier": 0.0017252353156028688,
      "beats_brier": false,
      "delta_logloss": 0.0034525237949269982,
      "beats_logloss": false,
      "delta_roc_auc": 0.05067920585161967,
      "beats_roc_auc": true
    },
    "base_rate_train_calibration": {
      "delta_brier": -0.0033138693585248458,
      "beats_brier": true,
      "delta_logloss": -0.006659771312136686,
      "beats_logloss": true,
      "delta_roc_auc": 0.05067920585161967,
      "beats_roc_auc": true
    },
    "always_home": {
      "delta_brier": -0.2805317646853971,
      "beats_brier": true,
      "delta_logloss": -6.656817673256202,
      "beats_logloss": true,
      "delta_roc_auc": 0.05067920585161967,
      "beats_roc_auc": true
    },
    "always_away": {
      "delta_brier": -0.21601576468539707,
      "beats_brier": true,
      "delta_logloss": -5.765494475983522,
      "beats_logloss": true,
      "delta_roc_auc": 0.05067920585161967,
      "beats_roc_auc": true
    }
  },
  "collapse_guardrail": {
    "status": "failed",
    "model_has_no_discrimination_power": true,
    "do_not_promote": true,
    "collapse_reasons": [
      "balanced_accuracy_near_random",
      "single_class_positive_prediction_collapse",
      "probability_distribution_too_narrow",
      "brier_near_random_0_25",
      "logloss_near_random_0_693"
    ],
    "thresholds": {
      "auc_random_band_low": 0.48,
      "auc_random_band_high": 0.52,
      "balanced_accuracy_random_band_low": 0.48,
      "balanced_accuracy_random_band_high": 0.52,
      "max_single_class_prediction_rate": 0.85,
      "min_probability_std": 0.02,
      "brier_random_reference": 0.25,
      "logloss_random_reference": 0.6931471805599453
    },
    "confusion_matrix": [
      [
        0,
        33
      ],
      [
        0,
        29
      ]
    ],
    "live_betting_allowed": false,
    "automated_wagering_allowed": false,
    "production_model_replacement_allowed": false
  },
  "confusion_matrix": [
    [
      0,
      33
    ],
    [
      0,
      29
    ]
  ],
  "warnings": [
    "model_has_no_discrimination_power",
    "model_does_not_beat_all_brier_baselines"
  ],
  "errors": [],
  "live_betting_allowed": false,
  "automated_wagering_allowed": false,
  "production_model_replacement_allowed": false
}