{
  "generated_at": "2026-07-02T11:56:22.486179Z",
  "report_type": "model_eval_report",
  "status": "ok",
  "training_source": "data/training_samples.csv",
  "oos_prediction_output": "data/oos_predictions_with_labels.csv",
  "collapse_report_output": "report/prediction_collapse_report.json",
  "pipeline_version": "baseline_v2_clean",
  "feature_schema_version": "core_v4_canonical_training_samples",
  "feature_schema_hash": "96648eff8ef44ed996d40e7a84d16d67305d831de227e200d0d93819283df1ed",
  "core_feature_count": 7,
  "features_used": [
    "elo_diff",
    "bt_strength_diff",
    "sp_era_diff",
    "pitcher_rating_diff",
    "dynamic_park_factor",
    "winrate_diff",
    "timezone_diff"
  ],
  "label_column": "home_win",
  "sample_count": 469,
  "train_sample_count": 328,
  "calibration_sample_count": 70,
  "test_sample_count": 71,
  "metrics": {
    "accuracy": 0.4084507042253521,
    "balanced_accuracy": 0.4134920634920635,
    "precision": 0.2,
    "recall": 0.05555555555555555,
    "f1": 0.08695652173913043,
    "roc_auc": 0.37222222222222223,
    "brier": 0.2610852677633881,
    "logloss": 0.7155019858445628,
    "predicted_positive_rate": 0.14084507042253522,
    "predicted_negative_rate": 0.8591549295774648,
    "probability_mean": 0.4678179242377656,
    "probability_std": 0.041300867469400676,
    "probability_min": 0.3582998204847179,
    "probability_max": 0.5994530158988379
  },
  "baseline_metrics": {
    "constant_0_5": {
      "accuracy": 0.5070422535211268,
      "balanced_accuracy": 0.5,
      "precision": 0.5070422535211268,
      "recall": 1.0,
      "f1": 0.6728971962616822,
      "roc_auc": 0.5,
      "brier": 0.25,
      "logloss": 0.6931471805599455,
      "predicted_positive_rate": 1.0,
      "predicted_negative_rate": 0.0,
      "probability_mean": 0.5,
      "probability_std": 0.0,
      "probability_min": 0.5,
      "probability_max": 0.5,
      "baseline_name": "constant_0_5",
      "constant_probability": 0.5
    },
    "base_rate_train_calibration": {
      "accuracy": 0.5070422535211268,
      "balanced_accuracy": 0.5,
      "precision": 0.5070422535211268,
      "recall": 1.0,
      "f1": 0.6728971962616822,
      "roc_auc": 0.5,
      "brier": 0.2507419075702669,
      "logloss": 0.6946355004494986,
      "predicted_positive_rate": 1.0,
      "predicted_negative_rate": 0.0,
      "probability_mean": 0.5351758793969853,
      "probability_std": 3.3306690738754696e-16,
      "probability_min": 0.535175879396985,
      "probability_max": 0.535175879396985,
      "baseline_name": "base_rate_train_calibration",
      "constant_probability": 0.535175879396985
    },
    "always_home": {
      "accuracy": 0.5070422535211268,
      "balanced_accuracy": 0.5,
      "precision": 0.5070422535211268,
      "recall": 1.0,
      "f1": 0.6728971962616822,
      "roc_auc": 0.5,
      "brier": 0.4929567605643803,
      "logloss": 6.81046345813748,
      "predicted_positive_rate": 1.0,
      "predicted_negative_rate": 0.0,
      "probability_mean": 0.9999990000000001,
      "probability_std": 1.1102230246251565e-16,
      "probability_min": 0.999999,
      "probability_max": 0.999999,
      "baseline_name": "always_home",
      "constant_probability": 0.999999
    },
    "always_away": {
      "accuracy": 0.49295774647887325,
      "balanced_accuracy": 0.5,
      "precision": 0.0,
      "recall": 0.0,
      "f1": 0.0,
      "roc_auc": 0.5,
      "brier": 0.5070412394376197,
      "logloss": 7.005048099813118,
      "predicted_positive_rate": 0.0,
      "predicted_negative_rate": 1.0,
      "probability_mean": 9.999999999999997e-07,
      "probability_std": 2.117582368135751e-22,
      "probability_min": 1e-06,
      "probability_max": 1e-06,
      "baseline_name": "always_away",
      "constant_probability": 1e-06
    }
  },
  "model_vs_baselines": {
    "constant_0_5": {
      "delta_brier": 0.011085267763388085,
      "beats_brier": false,
      "delta_logloss": 0.022354805284617307,
      "beats_logloss": false,
      "delta_roc_auc": -0.12777777777777777,
      "beats_roc_auc": false
    },
    "base_rate_train_calibration": {
      "delta_brier": 0.01034336019312121,
      "beats_brier": false,
      "delta_logloss": 0.020866485395064194,
      "beats_logloss": false,
      "delta_roc_auc": -0.12777777777777777,
      "beats_roc_auc": false
    },
    "always_home": {
      "delta_brier": -0.23187149280099223,
      "beats_brier": true,
      "delta_logloss": -6.094961472292917,
      "beats_logloss": true,
      "delta_roc_auc": -0.12777777777777777,
      "beats_roc_auc": false
    },
    "always_away": {
      "delta_brier": -0.2459559716742316,
      "beats_brier": true,
      "delta_logloss": -6.289546113968555,
      "beats_logloss": true,
      "delta_roc_auc": -0.12777777777777777,
      "beats_roc_auc": false
    }
  },
  "collapse_guardrail": {
    "status": "failed",
    "model_has_no_discrimination_power": true,
    "do_not_promote": true,
    "collapse_reasons": [
      "single_class_negative_prediction_collapse",
      "brier_near_random_0_25"
    ],
    "thresholds": {
      "auc_random_band_low": 0.48,
      "auc_random_band_high": 0.52,
      "balanced_accuracy_random_band_low": 0.48,
      "balanced_accuracy_random_band_high": 0.52,
      "max_single_class_prediction_rate": 0.85,
      "min_probability_std": 0.02,
      "brier_random_reference": 0.25,
      "logloss_random_reference": 0.6931471805599453
    },
    "confusion_matrix": [
      [
        27,
        8
      ],
      [
        34,
        2
      ]
    ],
    "live_betting_allowed": false,
    "automated_wagering_allowed": false,
    "production_model_replacement_allowed": false
  },
  "confusion_matrix": [
    [
      27,
      8
    ],
    [
      34,
      2
    ]
  ],
  "warnings": [
    "model_has_no_discrimination_power",
    "model_does_not_beat_all_brier_baselines"
  ],
  "errors": [],
  "live_betting_allowed": false,
  "automated_wagering_allowed": false,
  "production_model_replacement_allowed": false
}