{
  "generated_at": "2026-06-19T20:19:48.703539Z",
  "report_type": "model_eval_report",
  "status": "ok",
  "training_source": "data/training_samples.csv",
  "oos_prediction_output": "data/oos_predictions_with_labels.csv",
  "collapse_report_output": "report/prediction_collapse_report.json",
  "pipeline_version": "baseline_v2_clean",
  "feature_schema_version": "core_v4_canonical_training_samples",
  "feature_schema_hash": "96648eff8ef44ed996d40e7a84d16d67305d831de227e200d0d93819283df1ed",
  "core_feature_count": 7,
  "features_used": [
    "elo_diff",
    "bt_strength_diff",
    "sp_era_diff",
    "pitcher_rating_diff",
    "dynamic_park_factor",
    "winrate_diff",
    "timezone_diff"
  ],
  "label_column": "home_win",
  "sample_count": 289,
  "train_sample_count": 202,
  "calibration_sample_count": 43,
  "test_sample_count": 44,
  "metrics": {
    "accuracy": 0.5,
    "balanced_accuracy": 0.4865424430641822,
    "precision": 0.5142857142857142,
    "recall": 0.782608695652174,
    "f1": 0.6206896551724138,
    "roc_auc": 0.515527950310559,
    "brier": 0.25625898591883733,
    "logloss": 0.7062908598675577,
    "predicted_positive_rate": 0.7954545454545454,
    "predicted_negative_rate": 0.20454545454545459,
    "probability_mean": 0.5600728403845813,
    "probability_std": 0.07838594673176835,
    "probability_min": 0.39134240473882564,
    "probability_max": 0.6890387138902532
  },
  "baseline_metrics": {
    "constant_0_5": {
      "accuracy": 0.5227272727272727,
      "balanced_accuracy": 0.5,
      "precision": 0.5227272727272727,
      "recall": 1.0,
      "f1": 0.6865671641791045,
      "roc_auc": 0.5,
      "brier": 0.25,
      "logloss": 0.6931471805599452,
      "predicted_positive_rate": 1.0,
      "predicted_negative_rate": 0.0,
      "probability_mean": 0.5,
      "probability_std": 0.0,
      "probability_min": 0.5,
      "probability_max": 0.5,
      "baseline_name": "constant_0_5",
      "constant_probability": 0.5
    },
    "base_rate_train_calibration": {
      "accuracy": 0.5227272727272727,
      "balanced_accuracy": 0.5,
      "precision": 0.5227272727272727,
      "recall": 1.0,
      "f1": 0.6865671641791045,
      "roc_auc": 0.5,
      "brier": 0.25028397258717955,
      "logloss": 0.6937262199600766,
      "predicted_positive_rate": 1.0,
      "predicted_negative_rate": 0.0,
      "probability_mean": 0.5510204081632651,
      "probability_std": 1.1102230246251565e-16,
      "probability_min": 0.5510204081632653,
      "probability_max": 0.5510204081632653,
      "baseline_name": "base_rate_train_calibration",
      "constant_probability": 0.5510204081632653
    },
    "always_home": {
      "accuracy": 0.5227272727272727,
      "balanced_accuracy": 0.5,
      "precision": 0.5227272727272727,
      "recall": 1.0,
      "f1": 0.6865671641791045,
      "roc_auc": 0.5,
      "brier": 0.47727177272827265,
      "logloss": 6.593766925378578,
      "predicted_positive_rate": 1.0,
      "predicted_negative_rate": 0.0,
      "probability_mean": 0.9999990000000003,
      "probability_std": 3.3306690738754696e-16,
      "probability_min": 0.999999,
      "probability_max": 0.999999,
      "baseline_name": "always_home",
      "constant_probability": 0.999999
    },
    "always_away": {
      "accuracy": 0.4772727272727273,
      "balanced_accuracy": 0.5,
      "precision": 0.0,
      "recall": 0.0,
      "f1": 0.0,
      "roc_auc": 0.5,
      "brier": 0.5227262272737272,
      "logloss": 7.221744632572473,
      "predicted_positive_rate": 0.0,
      "predicted_negative_rate": 1.0,
      "probability_mean": 9.999999999999997e-07,
      "probability_std": 2.117582368135751e-22,
      "probability_min": 1e-06,
      "probability_max": 1e-06,
      "baseline_name": "always_away",
      "constant_probability": 1e-06
    }
  },
  "model_vs_baselines": {
    "constant_0_5": {
      "delta_brier": 0.006258985918837334,
      "beats_brier": false,
      "delta_logloss": 0.01314367930761251,
      "beats_logloss": false,
      "delta_roc_auc": 0.01552795031055898,
      "beats_roc_auc": true
    },
    "base_rate_train_calibration": {
      "delta_brier": 0.005975013331657786,
      "beats_brier": false,
      "delta_logloss": 0.012564639907481134,
      "beats_logloss": false,
      "delta_roc_auc": 0.01552795031055898,
      "beats_roc_auc": true
    },
    "always_home": {
      "delta_brier": -0.2210127868094353,
      "beats_brier": true,
      "delta_logloss": -5.88747606551102,
      "beats_logloss": true,
      "delta_roc_auc": 0.01552795031055898,
      "beats_roc_auc": true
    },
    "always_away": {
      "delta_brier": -0.26646724135488986,
      "beats_brier": true,
      "delta_logloss": -6.515453772704915,
      "beats_logloss": true,
      "delta_roc_auc": 0.01552795031055898,
      "beats_roc_auc": true
    }
  },
  "collapse_guardrail": {
    "status": "failed",
    "model_has_no_discrimination_power": true,
    "do_not_promote": true,
    "collapse_reasons": [
      "roc_auc_near_random",
      "balanced_accuracy_near_random",
      "brier_near_random_0_25",
      "logloss_near_random_0_693",
      "test_sample_count_too_small_for_stable_claims"
    ],
    "thresholds": {
      "auc_random_band_low": 0.48,
      "auc_random_band_high": 0.52,
      "balanced_accuracy_random_band_low": 0.48,
      "balanced_accuracy_random_band_high": 0.52,
      "max_single_class_prediction_rate": 0.85,
      "min_probability_std": 0.02,
      "brier_random_reference": 0.25,
      "logloss_random_reference": 0.6931471805599453
    },
    "confusion_matrix": [
      [
        4,
        17
      ],
      [
        5,
        18
      ]
    ],
    "live_betting_allowed": false,
    "automated_wagering_allowed": false,
    "production_model_replacement_allowed": false
  },
  "confusion_matrix": [
    [
      4,
      17
    ],
    [
      5,
      18
    ]
  ],
  "warnings": [
    "model_has_no_discrimination_power",
    "model_does_not_beat_all_brier_baselines"
  ],
  "errors": [],
  "live_betting_allowed": false,
  "automated_wagering_allowed": false,
  "production_model_replacement_allowed": false
}