{
  "generated_at": "2026-06-18T00:36:43.340105Z",
  "report_type": "model_eval_report",
  "status": "ok",
  "training_source": "data/training_samples.csv",
  "oos_prediction_output": "data/oos_predictions_with_labels.csv",
  "collapse_report_output": "report/prediction_collapse_report.json",
  "pipeline_version": "baseline_v2_clean",
  "feature_schema_version": "core_v4_canonical_training_samples",
  "feature_schema_hash": "96648eff8ef44ed996d40e7a84d16d67305d831de227e200d0d93819283df1ed",
  "core_feature_count": 7,
  "features_used": [
    "elo_diff",
    "bt_strength_diff",
    "sp_era_diff",
    "pitcher_rating_diff",
    "dynamic_park_factor",
    "winrate_diff",
    "timezone_diff"
  ],
  "label_column": "home_win",
  "sample_count": 275,
  "train_sample_count": 192,
  "calibration_sample_count": 41,
  "test_sample_count": 42,
  "metrics": {
    "accuracy": 0.5952380952380952,
    "balanced_accuracy": 0.5847058823529412,
    "precision": 0.6666666666666666,
    "recall": 0.64,
    "f1": 0.6530612244897959,
    "roc_auc": 0.5576470588235294,
    "brier": 0.24176385213878965,
    "logloss": 0.6751046403572628,
    "predicted_positive_rate": 0.5714285714285714,
    "predicted_negative_rate": 0.4285714285714286,
    "probability_mean": 0.5427629619356689,
    "probability_std": 0.113387830894509,
    "probability_min": 0.30486648328294297,
    "probability_max": 0.8337611707329341
  },
  "baseline_metrics": {
    "constant_0_5": {
      "accuracy": 0.5952380952380952,
      "balanced_accuracy": 0.5,
      "precision": 0.5952380952380952,
      "recall": 1.0,
      "f1": 0.746268656716418,
      "roc_auc": 0.5,
      "brier": 0.25,
      "logloss": 0.6931471805599452,
      "predicted_positive_rate": 1.0,
      "predicted_negative_rate": 0.0,
      "probability_mean": 0.5,
      "probability_std": 0.0,
      "probability_min": 0.5,
      "probability_max": 0.5,
      "baseline_name": "constant_0_5",
      "constant_probability": 0.5
    },
    "base_rate_train_calibration": {
      "accuracy": 0.5952380952380952,
      "balanced_accuracy": 0.5,
      "precision": 0.5952380952380952,
      "recall": 1.0,
      "f1": 0.746268656716418,
      "roc_auc": 0.5,
      "brier": 0.24344710714877785,
      "logloss": 0.6800112687711787,
      "predicted_positive_rate": 1.0,
      "predicted_negative_rate": 0.0,
      "probability_mean": 0.5450643776824036,
      "probability_std": 1.1102230246251565e-16,
      "probability_min": 0.5450643776824035,
      "probability_max": 0.5450643776824035,
      "baseline_name": "base_rate_train_calibration",
      "constant_probability": 0.5450643776824035
    },
    "always_home": {
      "accuracy": 0.5952380952380952,
      "balanced_accuracy": 0.5,
      "precision": 0.5952380952380952,
      "recall": 1.0,
      "f1": 0.746268656716418,
      "roc_auc": 0.5,
      "brier": 0.40476109523909515,
      "logloss": 5.591992963926579,
      "predicted_positive_rate": 1.0,
      "predicted_negative_rate": 0.0,
      "probability_mean": 0.9999990000000002,
      "probability_std": 2.220446049250313e-16,
      "probability_min": 0.999999,
      "probability_max": 0.999999,
      "baseline_name": "always_home",
      "constant_probability": 0.999999
    },
    "always_away": {
      "accuracy": 0.40476190476190477,
      "balanced_accuracy": 0.5,
      "precision": 0.0,
      "recall": 0.0,
      "f1": 0.0,
      "roc_auc": 0.5,
      "brier": 0.5952369047629047,
      "logloss": 8.223518594026556,
      "predicted_positive_rate": 0.0,
      "predicted_negative_rate": 1.0,
      "probability_mean": 9.999999999999997e-07,
      "probability_std": 2.117582368135751e-22,
      "probability_min": 1e-06,
      "probability_max": 1e-06,
      "baseline_name": "always_away",
      "constant_probability": 1e-06
    }
  },
  "model_vs_baselines": {
    "constant_0_5": {
      "delta_brier": -0.008236147861210352,
      "beats_brier": true,
      "delta_logloss": -0.018042540202682367,
      "beats_logloss": true,
      "delta_roc_auc": 0.057647058823529385,
      "beats_roc_auc": true
    },
    "base_rate_train_calibration": {
      "delta_brier": -0.0016832550099881993,
      "beats_brier": true,
      "delta_logloss": -0.00490662841391587,
      "beats_logloss": true,
      "delta_roc_auc": 0.057647058823529385,
      "beats_roc_auc": true
    },
    "always_home": {
      "delta_brier": -0.1629972431003055,
      "beats_brier": true,
      "delta_logloss": -4.916888323569316,
      "beats_logloss": true,
      "delta_roc_auc": 0.057647058823529385,
      "beats_roc_auc": true
    },
    "always_away": {
      "delta_brier": -0.35347305262411505,
      "beats_brier": true,
      "delta_logloss": -7.548413953669294,
      "beats_logloss": true,
      "delta_roc_auc": 0.057647058823529385,
      "beats_roc_auc": true
    }
  },
  "collapse_guardrail": {
    "status": "ok",
    "model_has_no_discrimination_power": false,
    "do_not_promote": false,
    "collapse_reasons": [
      "brier_near_random_0_25",
      "logloss_near_random_0_693",
      "test_sample_count_too_small_for_stable_claims"
    ],
    "thresholds": {
      "auc_random_band_low": 0.48,
      "auc_random_band_high": 0.52,
      "balanced_accuracy_random_band_low": 0.48,
      "balanced_accuracy_random_band_high": 0.52,
      "max_single_class_prediction_rate": 0.85,
      "min_probability_std": 0.02,
      "brier_random_reference": 0.25,
      "logloss_random_reference": 0.6931471805599453
    },
    "confusion_matrix": [
      [
        9,
        8
      ],
      [
        9,
        16
      ]
    ],
    "live_betting_allowed": false,
    "automated_wagering_allowed": false,
    "production_model_replacement_allowed": false
  },
  "confusion_matrix": [
    [
      9,
      8
    ],
    [
      9,
      16
    ]
  ],
  "warnings": [],
  "errors": [],
  "live_betting_allowed": false,
  "automated_wagering_allowed": false,
  "production_model_replacement_allowed": false
}