{
  "generated_at": "2026-06-20T04:43:32.688747Z",
  "report_type": "model_eval_report",
  "status": "ok",
  "training_source": "data/training_samples.csv",
  "oos_prediction_output": "data/oos_predictions_with_labels.csv",
  "collapse_report_output": "report/prediction_collapse_report.json",
  "pipeline_version": "baseline_v2_clean",
  "feature_schema_version": "core_v4_canonical_training_samples",
  "feature_schema_hash": "96648eff8ef44ed996d40e7a84d16d67305d831de227e200d0d93819283df1ed",
  "core_feature_count": 7,
  "features_used": [
    "elo_diff",
    "bt_strength_diff",
    "sp_era_diff",
    "pitcher_rating_diff",
    "dynamic_park_factor",
    "winrate_diff",
    "timezone_diff"
  ],
  "label_column": "home_win",
  "sample_count": 299,
  "train_sample_count": 209,
  "calibration_sample_count": 45,
  "test_sample_count": 45,
  "metrics": {
    "accuracy": 0.5777777777777777,
    "balanced_accuracy": 0.5,
    "precision": 0.5777777777777777,
    "recall": 1.0,
    "f1": 0.7323943661971831,
    "roc_auc": 0.41295546558704455,
    "brier": 0.24704176696152816,
    "logloss": 0.6872334957692158,
    "predicted_positive_rate": 1.0,
    "predicted_negative_rate": 0.0,
    "probability_mean": 0.5797126861529772,
    "probability_std": 0.029178034682518287,
    "probability_min": 0.5296018291857711,
    "probability_max": 0.6641016207705928
  },
  "baseline_metrics": {
    "constant_0_5": {
      "accuracy": 0.5777777777777777,
      "balanced_accuracy": 0.5,
      "precision": 0.5777777777777777,
      "recall": 1.0,
      "f1": 0.7323943661971831,
      "roc_auc": 0.5,
      "brier": 0.25,
      "logloss": 0.6931471805599452,
      "predicted_positive_rate": 1.0,
      "predicted_negative_rate": 0.0,
      "probability_mean": 0.5,
      "probability_std": 0.0,
      "probability_min": 0.5,
      "probability_max": 0.5,
      "baseline_name": "constant_0_5",
      "constant_probability": 0.5
    },
    "base_rate_train_calibration": {
      "accuracy": 0.5777777777777777,
      "balanced_accuracy": 0.5,
      "precision": 0.5777777777777777,
      "recall": 1.0,
      "f1": 0.7323943661971831,
      "roc_auc": 0.5,
      "brier": 0.24430115526897717,
      "logloss": 0.6817124436354348,
      "predicted_positive_rate": 1.0,
      "predicted_negative_rate": 0.0,
      "probability_mean": 0.5590551181102363,
      "probability_std": 1.1102230246251565e-16,
      "probability_min": 0.5590551181102362,
      "probability_max": 0.5590551181102362,
      "baseline_name": "base_rate_train_calibration",
      "constant_probability": 0.5590551181102362
    },
    "always_home": {
      "accuracy": 0.5777777777777777,
      "balanced_accuracy": 0.5,
      "precision": 0.5777777777777777,
      "recall": 1.0,
      "f1": 0.7323943661971831,
      "roc_auc": 0.5,
      "brier": 0.4222213777787776,
      "logloss": 5.833216146684175,
      "predicted_positive_rate": 1.0,
      "predicted_negative_rate": 0.0,
      "probability_mean": 0.9999990000000003,
      "probability_std": 3.3306690738754696e-16,
      "probability_min": 0.999999,
      "probability_max": 0.999999,
      "baseline_name": "always_home",
      "constant_probability": 0.999999
    },
    "always_away": {
      "accuracy": 0.4222222222222222,
      "balanced_accuracy": 0.5,
      "precision": 0.0,
      "recall": 0.0,
      "f1": 0.0,
      "roc_auc": 0.5,
      "brier": 0.5777766222232221,
      "logloss": 7.982295411268459,
      "predicted_positive_rate": 0.0,
      "predicted_negative_rate": 1.0,
      "probability_mean": 9.999999999999995e-07,
      "probability_std": 4.235164736271502e-22,
      "probability_min": 1e-06,
      "probability_max": 1e-06,
      "baseline_name": "always_away",
      "constant_probability": 1e-06
    }
  },
  "model_vs_baselines": {
    "constant_0_5": {
      "delta_brier": -0.0029582330384718414,
      "beats_brier": true,
      "delta_logloss": -0.005913684790729401,
      "beats_logloss": true,
      "delta_roc_auc": -0.08704453441295545,
      "beats_roc_auc": false
    },
    "base_rate_train_calibration": {
      "delta_brier": 0.0027406116925509927,
      "beats_brier": false,
      "delta_logloss": 0.005521052133780957,
      "beats_logloss": false,
      "delta_roc_auc": -0.08704453441295545,
      "beats_roc_auc": false
    },
    "always_home": {
      "delta_brier": -0.17517961081724945,
      "beats_brier": true,
      "delta_logloss": -5.145982650914959,
      "beats_logloss": true,
      "delta_roc_auc": -0.08704453441295545,
      "beats_roc_auc": false
    },
    "always_away": {
      "delta_brier": -0.330734855261694,
      "beats_brier": true,
      "delta_logloss": -7.295061915499243,
      "beats_logloss": true,
      "delta_roc_auc": -0.08704453441295545,
      "beats_roc_auc": false
    }
  },
  "collapse_guardrail": {
    "status": "failed",
    "model_has_no_discrimination_power": true,
    "do_not_promote": true,
    "collapse_reasons": [
      "balanced_accuracy_near_random",
      "single_class_positive_prediction_collapse",
      "brier_near_random_0_25",
      "logloss_near_random_0_693",
      "test_sample_count_too_small_for_stable_claims"
    ],
    "thresholds": {
      "auc_random_band_low": 0.48,
      "auc_random_band_high": 0.52,
      "balanced_accuracy_random_band_low": 0.48,
      "balanced_accuracy_random_band_high": 0.52,
      "max_single_class_prediction_rate": 0.85,
      "min_probability_std": 0.02,
      "brier_random_reference": 0.25,
      "logloss_random_reference": 0.6931471805599453
    },
    "confusion_matrix": [
      [
        0,
        19
      ],
      [
        0,
        26
      ]
    ],
    "live_betting_allowed": false,
    "automated_wagering_allowed": false,
    "production_model_replacement_allowed": false
  },
  "confusion_matrix": [
    [
      0,
      19
    ],
    [
      0,
      26
    ]
  ],
  "warnings": [
    "model_has_no_discrimination_power",
    "model_does_not_beat_all_brier_baselines"
  ],
  "errors": [],
  "live_betting_allowed": false,
  "automated_wagering_allowed": false,
  "production_model_replacement_allowed": false
}