{
  "generated_at": "2026-06-21T21:07:06.228980Z",
  "report_type": "model_eval_report",
  "status": "ok",
  "training_source": "data/training_samples.csv",
  "oos_prediction_output": "data/oos_predictions_with_labels.csv",
  "collapse_report_output": "report/prediction_collapse_report.json",
  "pipeline_version": "baseline_v2_clean",
  "feature_schema_version": "core_v4_canonical_training_samples",
  "feature_schema_hash": "96648eff8ef44ed996d40e7a84d16d67305d831de227e200d0d93819283df1ed",
  "core_feature_count": 7,
  "features_used": [
    "elo_diff",
    "bt_strength_diff",
    "sp_era_diff",
    "pitcher_rating_diff",
    "dynamic_park_factor",
    "winrate_diff",
    "timezone_diff"
  ],
  "label_column": "home_win",
  "sample_count": 323,
  "train_sample_count": 226,
  "calibration_sample_count": 48,
  "test_sample_count": 49,
  "metrics": {
    "accuracy": 0.5102040816326531,
    "balanced_accuracy": 0.44642857142857145,
    "precision": 0.5434782608695652,
    "recall": 0.8928571428571429,
    "f1": 0.6756756756756757,
    "roc_auc": 0.4710884353741497,
    "brier": 0.2551150325528991,
    "logloss": 0.7042984551343114,
    "predicted_positive_rate": 0.9387755102040817,
    "predicted_negative_rate": 0.061224489795918324,
    "probability_mean": 0.6023989436831553,
    "probability_std": 0.05385081039833908,
    "probability_min": 0.4469769524956346,
    "probability_max": 0.6882534993034969
  },
  "baseline_metrics": {
    "constant_0_5": {
      "accuracy": 0.5714285714285714,
      "balanced_accuracy": 0.5,
      "precision": 0.5714285714285714,
      "recall": 1.0,
      "f1": 0.7272727272727273,
      "roc_auc": 0.5,
      "brier": 0.25,
      "logloss": 0.6931471805599453,
      "predicted_positive_rate": 1.0,
      "predicted_negative_rate": 0.0,
      "probability_mean": 0.5,
      "probability_std": 0.0,
      "probability_min": 0.5,
      "probability_max": 0.5,
      "baseline_name": "constant_0_5",
      "constant_probability": 0.5
    },
    "base_rate_train_calibration": {
      "accuracy": 0.5714285714285714,
      "balanced_accuracy": 0.5,
      "precision": 0.5714285714285714,
      "recall": 1.0,
      "f1": 0.7272727272727273,
      "roc_auc": 0.5,
      "brier": 0.245176316570637,
      "logloss": 0.6834730753045166,
      "predicted_positive_rate": 1.0,
      "predicted_negative_rate": 0.0,
      "probability_mean": 0.5547445255474451,
      "probability_std": 1.1102230246251565e-16,
      "probability_min": 0.5547445255474452,
      "probability_max": 0.5547445255474452,
      "baseline_name": "base_rate_train_calibration",
      "constant_probability": 0.5547445255474452
    },
    "always_home": {
      "accuracy": 0.5714285714285714,
      "balanced_accuracy": 0.5,
      "precision": 0.5714285714285714,
      "recall": 1.0,
      "f1": 0.7272727272727273,
      "roc_auc": 0.5,
      "brier": 0.4285705714295714,
      "logloss": 5.920933667686936,
      "predicted_positive_rate": 1.0,
      "predicted_negative_rate": 0.0,
      "probability_mean": 0.9999990000000001,
      "probability_std": 1.1102230246251565e-16,
      "probability_min": 0.999999,
      "probability_max": 0.999999,
      "baseline_name": "always_home",
      "constant_probability": 0.999999
    },
    "always_away": {
      "accuracy": 0.42857142857142855,
      "balanced_accuracy": 0.5,
      "precision": 0.0,
      "recall": 0.0,
      "f1": 0.0,
      "roc_auc": 0.5,
      "brier": 0.5714274285724285,
      "logloss": 7.894577890265514,
      "predicted_positive_rate": 0.0,
      "predicted_negative_rate": 1.0,
      "probability_mean": 9.999999999999997e-07,
      "probability_std": 2.117582368135751e-22,
      "probability_min": 1e-06,
      "probability_max": 1e-06,
      "baseline_name": "always_away",
      "constant_probability": 1e-06
    }
  },
  "model_vs_baselines": {
    "constant_0_5": {
      "delta_brier": 0.005115032552899079,
      "beats_brier": false,
      "delta_logloss": 0.011151274574366155,
      "beats_logloss": false,
      "delta_roc_auc": -0.028911564625850317,
      "beats_roc_auc": false
    },
    "base_rate_train_calibration": {
      "delta_brier": 0.009938715982262092,
      "beats_brier": false,
      "delta_logloss": 0.02082537982979482,
      "beats_logloss": false,
      "delta_roc_auc": -0.028911564625850317,
      "beats_roc_auc": false
    },
    "always_home": {
      "delta_brier": -0.1734555388766723,
      "beats_brier": true,
      "delta_logloss": -5.2166352125526245,
      "beats_logloss": true,
      "delta_roc_auc": -0.028911564625850317,
      "beats_roc_auc": false
    },
    "always_away": {
      "delta_brier": -0.3163123960195294,
      "beats_brier": true,
      "delta_logloss": -7.1902794351312025,
      "beats_logloss": true,
      "delta_roc_auc": -0.028911564625850317,
      "beats_roc_auc": false
    }
  },
  "collapse_guardrail": {
    "status": "failed",
    "model_has_no_discrimination_power": true,
    "do_not_promote": true,
    "collapse_reasons": [
      "single_class_positive_prediction_collapse",
      "brier_near_random_0_25",
      "logloss_near_random_0_693",
      "test_sample_count_too_small_for_stable_claims"
    ],
    "thresholds": {
      "auc_random_band_low": 0.48,
      "auc_random_band_high": 0.52,
      "balanced_accuracy_random_band_low": 0.48,
      "balanced_accuracy_random_band_high": 0.52,
      "max_single_class_prediction_rate": 0.85,
      "min_probability_std": 0.02,
      "brier_random_reference": 0.25,
      "logloss_random_reference": 0.6931471805599453
    },
    "confusion_matrix": [
      [
        0,
        21
      ],
      [
        3,
        25
      ]
    ],
    "live_betting_allowed": false,
    "automated_wagering_allowed": false,
    "production_model_replacement_allowed": false
  },
  "confusion_matrix": [
    [
      0,
      21
    ],
    [
      3,
      25
    ]
  ],
  "warnings": [
    "model_has_no_discrimination_power",
    "model_does_not_beat_all_brier_baselines"
  ],
  "errors": [],
  "live_betting_allowed": false,
  "automated_wagering_allowed": false,
  "production_model_replacement_allowed": false
}