{
  "generated_at": "2026-06-19T00:08:28.884658Z",
  "report_type": "model_eval_report",
  "status": "ok",
  "training_source": "data/training_samples.csv",
  "oos_prediction_output": "data/oos_predictions_with_labels.csv",
  "collapse_report_output": "report/prediction_collapse_report.json",
  "pipeline_version": "baseline_v2_clean",
  "feature_schema_version": "core_v4_canonical_training_samples",
  "feature_schema_hash": "96648eff8ef44ed996d40e7a84d16d67305d831de227e200d0d93819283df1ed",
  "core_feature_count": 7,
  "features_used": [
    "elo_diff",
    "bt_strength_diff",
    "sp_era_diff",
    "pitcher_rating_diff",
    "dynamic_park_factor",
    "winrate_diff",
    "timezone_diff"
  ],
  "label_column": "home_win",
  "sample_count": 285,
  "train_sample_count": 199,
  "calibration_sample_count": 43,
  "test_sample_count": 43,
  "metrics": {
    "accuracy": 0.4883720930232558,
    "balanced_accuracy": 0.4594298245614035,
    "precision": 0.53125,
    "recall": 0.7083333333333334,
    "f1": 0.6071428571428571,
    "roc_auc": 0.5197368421052632,
    "brier": 0.24725585570347774,
    "logloss": 0.6874559675570545,
    "predicted_positive_rate": 0.7441860465116279,
    "predicted_negative_rate": 0.2558139534883721,
    "probability_mean": 0.5329688533240086,
    "probability_std": 0.05292255672724371,
    "probability_min": 0.42437340203300267,
    "probability_max": 0.6667024336430755
  },
  "baseline_metrics": {
    "constant_0_5": {
      "accuracy": 0.5581395348837209,
      "balanced_accuracy": 0.5,
      "precision": 0.5581395348837209,
      "recall": 1.0,
      "f1": 0.7164179104477612,
      "roc_auc": 0.5,
      "brier": 0.25,
      "logloss": 0.6931471805599452,
      "predicted_positive_rate": 1.0,
      "predicted_negative_rate": 0.0,
      "probability_mean": 0.5,
      "probability_std": 0.0,
      "probability_min": 0.5,
      "probability_max": 0.5,
      "baseline_name": "constant_0_5",
      "constant_probability": 0.5
    },
    "base_rate_train_calibration": {
      "accuracy": 0.5581395348837209,
      "balanced_accuracy": 0.5,
      "precision": 0.5581395348837209,
      "recall": 1.0,
      "f1": 0.7164179104477612,
      "roc_auc": 0.5,
      "brier": 0.2467807034403229,
      "logloss": 0.6866964914560164,
      "predicted_positive_rate": 1.0,
      "predicted_negative_rate": 0.0,
      "probability_mean": 0.5454545454545455,
      "probability_std": 1.1102230246251565e-16,
      "probability_min": 0.5454545454545454,
      "probability_max": 0.5454545454545454,
      "baseline_name": "base_rate_train_calibration",
      "constant_probability": 0.5454545454545454
    },
    "always_home": {
      "accuracy": 0.5581395348837209,
      "balanced_accuracy": 0.5,
      "precision": 0.5581395348837209,
      "recall": 1.0,
      "f1": 0.7164179104477612,
      "roc_auc": 0.5,
      "brier": 0.44185958139634873,
      "logloss": 6.104528479088065,
      "predicted_positive_rate": 1.0,
      "predicted_negative_rate": 0.0,
      "probability_mean": 0.9999990000000002,
      "probability_std": 2.220446049250313e-16,
      "probability_min": 0.999999,
      "probability_max": 0.999999,
      "baseline_name": "always_home",
      "constant_probability": 0.999999
    },
    "always_away": {
      "accuracy": 0.4418604651162791,
      "balanced_accuracy": 0.5,
      "precision": 0.0,
      "recall": 0.0,
      "f1": 0.0,
      "roc_auc": 0.5,
      "brier": 0.558138418605651,
      "logloss": 7.710983078864003,
      "predicted_positive_rate": 0.0,
      "predicted_negative_rate": 1.0,
      "probability_mean": 9.999999999999997e-07,
      "probability_std": 2.117582368135751e-22,
      "probability_min": 1e-06,
      "probability_max": 1e-06,
      "baseline_name": "always_away",
      "constant_probability": 1e-06
    }
  },
  "model_vs_baselines": {
    "constant_0_5": {
      "delta_brier": -0.002744144296522255,
      "beats_brier": true,
      "delta_logloss": -0.0056912130028906605,
      "beats_logloss": true,
      "delta_roc_auc": 0.019736842105263164,
      "beats_roc_auc": true
    },
    "base_rate_train_calibration": {
      "delta_brier": 0.0004751522631548377,
      "beats_brier": false,
      "delta_logloss": 0.0007594761010381035,
      "beats_logloss": false,
      "delta_roc_auc": 0.019736842105263164,
      "beats_roc_auc": true
    },
    "always_home": {
      "delta_brier": -0.194603725692871,
      "beats_brier": true,
      "delta_logloss": -5.4170725115310105,
      "beats_logloss": true,
      "delta_roc_auc": 0.019736842105263164,
      "beats_roc_auc": true
    },
    "always_away": {
      "delta_brier": -0.3108825629021733,
      "beats_brier": true,
      "delta_logloss": -7.023527111306948,
      "beats_logloss": true,
      "delta_roc_auc": 0.019736842105263164,
      "beats_roc_auc": true
    }
  },
  "collapse_guardrail": {
    "status": "failed",
    "model_has_no_discrimination_power": true,
    "do_not_promote": true,
    "collapse_reasons": [
      "roc_auc_near_random",
      "brier_near_random_0_25",
      "logloss_near_random_0_693",
      "test_sample_count_too_small_for_stable_claims"
    ],
    "thresholds": {
      "auc_random_band_low": 0.48,
      "auc_random_band_high": 0.52,
      "balanced_accuracy_random_band_low": 0.48,
      "balanced_accuracy_random_band_high": 0.52,
      "max_single_class_prediction_rate": 0.85,
      "min_probability_std": 0.02,
      "brier_random_reference": 0.25,
      "logloss_random_reference": 0.6931471805599453
    },
    "confusion_matrix": [
      [
        4,
        15
      ],
      [
        7,
        17
      ]
    ],
    "live_betting_allowed": false,
    "automated_wagering_allowed": false,
    "production_model_replacement_allowed": false
  },
  "confusion_matrix": [
    [
      4,
      15
    ],
    [
      7,
      17
    ]
  ],
  "warnings": [
    "model_has_no_discrimination_power",
    "model_does_not_beat_all_brier_baselines"
  ],
  "errors": [],
  "live_betting_allowed": false,
  "automated_wagering_allowed": false,
  "production_model_replacement_allowed": false
}