{
  "generated_at": "2026-07-01T22:08:13.319795Z",
  "report_type": "model_eval_report",
  "status": "ok",
  "training_source": "data/training_samples.csv",
  "oos_prediction_output": "data/oos_predictions_with_labels.csv",
  "collapse_report_output": "report/prediction_collapse_report.json",
  "pipeline_version": "baseline_v2_clean",
  "feature_schema_version": "core_v4_canonical_training_samples",
  "feature_schema_hash": "96648eff8ef44ed996d40e7a84d16d67305d831de227e200d0d93819283df1ed",
  "core_feature_count": 7,
  "features_used": [
    "elo_diff",
    "bt_strength_diff",
    "sp_era_diff",
    "pitcher_rating_diff",
    "dynamic_park_factor",
    "winrate_diff",
    "timezone_diff"
  ],
  "label_column": "home_win",
  "sample_count": 460,
  "train_sample_count": 322,
  "calibration_sample_count": 69,
  "test_sample_count": 69,
  "metrics": {
    "accuracy": 0.4492753623188406,
    "balanced_accuracy": 0.4305555555555556,
    "precision": 0.0,
    "recall": 0.0,
    "f1": 0.0,
    "roc_auc": 0.37121212121212127,
    "brier": 0.2565108449711902,
    "logloss": 0.7062413911834369,
    "predicted_positive_rate": 0.07246376811594203,
    "predicted_negative_rate": 0.927536231884058,
    "probability_mean": 0.4659031988456526,
    "probability_std": 0.024018734887502446,
    "probability_min": 0.39643354200886105,
    "probability_max": 0.5330468555666198
  },
  "baseline_metrics": {
    "constant_0_5": {
      "accuracy": 0.4782608695652174,
      "balanced_accuracy": 0.5,
      "precision": 0.4782608695652174,
      "recall": 1.0,
      "f1": 0.6470588235294118,
      "roc_auc": 0.5,
      "brier": 0.25,
      "logloss": 0.6931471805599454,
      "predicted_positive_rate": 1.0,
      "predicted_negative_rate": 0.0,
      "probability_mean": 0.5,
      "probability_std": 0.0,
      "probability_min": 0.5,
      "probability_max": 0.5,
      "baseline_name": "constant_0_5",
      "constant_probability": 0.5
    },
    "base_rate_train_calibration": {
      "accuracy": 0.4782608695652174,
      "balanced_accuracy": 0.5,
      "precision": 0.4782608695652174,
      "recall": 1.0,
      "f1": 0.6470588235294118,
      "roc_auc": 0.5,
      "brier": 0.2529876178203963,
      "logloss": 0.6991359420252758,
      "predicted_positive_rate": 1.0,
      "predicted_negative_rate": 0.0,
      "probability_mean": 0.5370843989769819,
      "probability_std": 2.220446049250313e-16,
      "probability_min": 0.5370843989769821,
      "probability_max": 0.5370843989769821,
      "baseline_name": "base_rate_train_calibration",
      "constant_probability": 0.5370843989769821
    },
    "always_home": {
      "accuracy": 0.4782608695652174,
      "balanced_accuracy": 0.5,
      "precision": 0.4782608695652174,
      "recall": 1.0,
      "f1": 0.6470588235294118,
      "roc_auc": 0.5,
      "brier": 0.5217380869575218,
      "logloss": 7.208092943270945,
      "predicted_positive_rate": 1.0,
      "predicted_negative_rate": 0.0,
      "probability_mean": 0.9999990000000001,
      "probability_std": 1.1102230246251565e-16,
      "probability_min": 0.999999,
      "probability_max": 0.999999,
      "baseline_name": "always_home",
      "constant_probability": 0.999999
    },
    "always_away": {
      "accuracy": 0.5217391304347826,
      "balanced_accuracy": 0.5,
      "precision": 0.0,
      "recall": 0.0,
      "f1": 0.0,
      "roc_auc": 0.5,
      "brier": 0.47825991304447824,
      "logloss": 6.607418614678827,
      "predicted_positive_rate": 0.0,
      "predicted_negative_rate": 1.0,
      "probability_mean": 9.999999999999997e-07,
      "probability_std": 2.117582368135751e-22,
      "probability_min": 1e-06,
      "probability_max": 1e-06,
      "baseline_name": "always_away",
      "constant_probability": 1e-06
    }
  },
  "model_vs_baselines": {
    "constant_0_5": {
      "delta_brier": 0.0065108449711901994,
      "beats_brier": false,
      "delta_logloss": 0.013094210623491476,
      "beats_logloss": false,
      "delta_roc_auc": -0.12878787878787873,
      "beats_roc_auc": false
    },
    "base_rate_train_calibration": {
      "delta_brier": 0.003523227150793895,
      "beats_brier": false,
      "delta_logloss": 0.007105449158161026,
      "beats_logloss": false,
      "delta_roc_auc": -0.12878787878787873,
      "beats_roc_auc": false
    },
    "always_home": {
      "delta_brier": -0.2652272419863316,
      "beats_brier": true,
      "delta_logloss": -6.5018515520875075,
      "beats_logloss": true,
      "delta_roc_auc": -0.12878787878787873,
      "beats_roc_auc": false
    },
    "always_away": {
      "delta_brier": -0.22174906807328804,
      "beats_brier": true,
      "delta_logloss": -5.90117722349539,
      "beats_logloss": true,
      "delta_roc_auc": -0.12878787878787873,
      "beats_roc_auc": false
    }
  },
  "collapse_guardrail": {
    "status": "failed",
    "model_has_no_discrimination_power": true,
    "do_not_promote": true,
    "collapse_reasons": [
      "single_class_negative_prediction_collapse",
      "brier_near_random_0_25",
      "logloss_near_random_0_693"
    ],
    "thresholds": {
      "auc_random_band_low": 0.48,
      "auc_random_band_high": 0.52,
      "balanced_accuracy_random_band_low": 0.48,
      "balanced_accuracy_random_band_high": 0.52,
      "max_single_class_prediction_rate": 0.85,
      "min_probability_std": 0.02,
      "brier_random_reference": 0.25,
      "logloss_random_reference": 0.6931471805599453
    },
    "confusion_matrix": [
      [
        31,
        5
      ],
      [
        33,
        0
      ]
    ],
    "live_betting_allowed": false,
    "automated_wagering_allowed": false,
    "production_model_replacement_allowed": false
  },
  "confusion_matrix": [
    [
      31,
      5
    ],
    [
      33,
      0
    ]
  ],
  "warnings": [
    "model_has_no_discrimination_power",
    "model_does_not_beat_all_brier_baselines"
  ],
  "errors": [],
  "live_betting_allowed": false,
  "automated_wagering_allowed": false,
  "production_model_replacement_allowed": false
}