{
  "generated_at": "2026-06-27T22:34:39.571619Z",
  "report_type": "model_eval_report",
  "status": "ok",
  "training_source": "data/training_samples.csv",
  "oos_prediction_output": "data/oos_predictions_with_labels.csv",
  "collapse_report_output": "report/prediction_collapse_report.json",
  "pipeline_version": "baseline_v2_clean",
  "feature_schema_version": "core_v4_canonical_training_samples",
  "feature_schema_hash": "96648eff8ef44ed996d40e7a84d16d67305d831de227e200d0d93819283df1ed",
  "core_feature_count": 7,
  "features_used": [
    "elo_diff",
    "bt_strength_diff",
    "sp_era_diff",
    "pitcher_rating_diff",
    "dynamic_park_factor",
    "winrate_diff",
    "timezone_diff"
  ],
  "label_column": "home_win",
  "sample_count": 399,
  "train_sample_count": 279,
  "calibration_sample_count": 60,
  "test_sample_count": 60,
  "metrics": {
    "accuracy": 0.4666666666666667,
    "balanced_accuracy": 0.49776785714285715,
    "precision": 0.46551724137931033,
    "recall": 0.9642857142857143,
    "f1": 0.627906976744186,
    "roc_auc": 0.4386160714285714,
    "brier": 0.25221642608849604,
    "logloss": 0.6975826828492987,
    "predicted_positive_rate": 0.9666666666666667,
    "predicted_negative_rate": 0.033333333333333326,
    "probability_mean": 0.5161930898380682,
    "probability_std": 0.006095163757838868,
    "probability_min": 0.4953813722931452,
    "probability_max": 0.5263431360588041
  },
  "baseline_metrics": {
    "constant_0_5": {
      "accuracy": 0.4666666666666667,
      "balanced_accuracy": 0.5,
      "precision": 0.4666666666666667,
      "recall": 1.0,
      "f1": 0.6363636363636364,
      "roc_auc": 0.5,
      "brier": 0.25,
      "logloss": 0.6931471805599454,
      "predicted_positive_rate": 1.0,
      "predicted_negative_rate": 0.0,
      "probability_mean": 0.5,
      "probability_std": 0.0,
      "probability_min": 0.5,
      "probability_max": 0.5,
      "baseline_name": "constant_0_5",
      "constant_probability": 0.5
    },
    "base_rate_train_calibration": {
      "accuracy": 0.4666666666666667,
      "balanced_accuracy": 0.5,
      "precision": 0.4666666666666667,
      "recall": 1.0,
      "f1": 0.6363636363636364,
      "roc_auc": 0.5,
      "brier": 0.25561385647531787,
      "logloss": 0.7044181015716576,
      "predicted_positive_rate": 1.0,
      "predicted_negative_rate": 0.0,
      "probability_mean": 0.5486725663716814,
      "probability_std": 0.0,
      "probability_min": 0.5486725663716814,
      "probability_max": 0.5486725663716814,
      "baseline_name": "base_rate_train_calibration",
      "constant_probability": 0.5486725663716814
    },
    "always_home": {
      "accuracy": 0.4666666666666667,
      "balanced_accuracy": 0.5,
      "precision": 0.4666666666666667,
      "recall": 1.0,
      "f1": 0.6363636363636364,
      "roc_auc": 0.5,
      "brier": 0.5333322666676666,
      "logloss": 7.36827276423251,
      "predicted_positive_rate": 1.0,
      "predicted_negative_rate": 0.0,
      "probability_mean": 0.9999990000000002,
      "probability_std": 2.220446049250313e-16,
      "probability_min": 0.999999,
      "probability_max": 0.999999,
      "baseline_name": "always_home",
      "constant_probability": 0.999999
    },
    "always_away": {
      "accuracy": 0.5333333333333333,
      "balanced_accuracy": 0.5,
      "precision": 0.0,
      "recall": 0.0,
      "f1": 0.0,
      "roc_auc": 0.5,
      "brier": 0.46666573333433325,
      "logloss": 6.447238793716929,
      "predicted_positive_rate": 0.0,
      "predicted_negative_rate": 1.0,
      "probability_mean": 9.999999999999997e-07,
      "probability_std": 2.117582368135751e-22,
      "probability_min": 1e-06,
      "probability_max": 1e-06,
      "baseline_name": "always_away",
      "constant_probability": 1e-06
    }
  },
  "model_vs_baselines": {
    "constant_0_5": {
      "delta_brier": 0.0022164260884960374,
      "beats_brier": false,
      "delta_logloss": 0.004435502289353299,
      "beats_logloss": false,
      "delta_roc_auc": -0.0613839285714286,
      "beats_roc_auc": false
    },
    "base_rate_train_calibration": {
      "delta_brier": -0.0033974303868218314,
      "beats_brier": true,
      "delta_logloss": -0.0068354187223589324,
      "beats_logloss": true,
      "delta_roc_auc": -0.0613839285714286,
      "beats_roc_auc": false
    },
    "always_home": {
      "delta_brier": -0.2811158405791706,
      "beats_brier": true,
      "delta_logloss": -6.670690081383212,
      "beats_logloss": true,
      "delta_roc_auc": -0.0613839285714286,
      "beats_roc_auc": false
    },
    "always_away": {
      "delta_brier": -0.21444930724583722,
      "beats_brier": true,
      "delta_logloss": -5.7496561108676305,
      "beats_logloss": true,
      "delta_roc_auc": -0.0613839285714286,
      "beats_roc_auc": false
    }
  },
  "collapse_guardrail": {
    "status": "failed",
    "model_has_no_discrimination_power": true,
    "do_not_promote": true,
    "collapse_reasons": [
      "balanced_accuracy_near_random",
      "single_class_positive_prediction_collapse",
      "probability_distribution_too_narrow",
      "brier_near_random_0_25",
      "logloss_near_random_0_693"
    ],
    "thresholds": {
      "auc_random_band_low": 0.48,
      "auc_random_band_high": 0.52,
      "balanced_accuracy_random_band_low": 0.48,
      "balanced_accuracy_random_band_high": 0.52,
      "max_single_class_prediction_rate": 0.85,
      "min_probability_std": 0.02,
      "brier_random_reference": 0.25,
      "logloss_random_reference": 0.6931471805599453
    },
    "confusion_matrix": [
      [
        1,
        31
      ],
      [
        1,
        27
      ]
    ],
    "live_betting_allowed": false,
    "automated_wagering_allowed": false,
    "production_model_replacement_allowed": false
  },
  "confusion_matrix": [
    [
      1,
      31
    ],
    [
      1,
      27
    ]
  ],
  "warnings": [
    "model_has_no_discrimination_power",
    "model_does_not_beat_all_brier_baselines"
  ],
  "errors": [],
  "live_betting_allowed": false,
  "automated_wagering_allowed": false,
  "production_model_replacement_allowed": false
}