{
  "generated_at": "2026-06-20T22:40:26.053924Z",
  "report_type": "model_eval_report",
  "status": "ok",
  "training_source": "data/training_samples.csv",
  "oos_prediction_output": "data/oos_predictions_with_labels.csv",
  "collapse_report_output": "report/prediction_collapse_report.json",
  "pipeline_version": "baseline_v2_clean",
  "feature_schema_version": "core_v4_canonical_training_samples",
  "feature_schema_hash": "96648eff8ef44ed996d40e7a84d16d67305d831de227e200d0d93819283df1ed",
  "core_feature_count": 7,
  "features_used": [
    "elo_diff",
    "bt_strength_diff",
    "sp_era_diff",
    "pitcher_rating_diff",
    "dynamic_park_factor",
    "winrate_diff",
    "timezone_diff"
  ],
  "label_column": "home_win",
  "sample_count": 306,
  "train_sample_count": 214,
  "calibration_sample_count": 46,
  "test_sample_count": 46,
  "metrics": {
    "accuracy": 0.5652173913043478,
    "balanced_accuracy": 0.5,
    "precision": 0.5652173913043478,
    "recall": 1.0,
    "f1": 0.7222222222222222,
    "roc_auc": 0.5769230769230769,
    "brier": 0.2461602569833861,
    "logloss": 0.6854645084589638,
    "predicted_positive_rate": 1.0,
    "predicted_negative_rate": 0.0,
    "probability_mean": 0.5863453756985811,
    "probability_std": 0.0005482656374908151,
    "probability_min": 0.5847422568942363,
    "probability_max": 0.5872518151421313
  },
  "baseline_metrics": {
    "constant_0_5": {
      "accuracy": 0.5652173913043478,
      "balanced_accuracy": 0.5,
      "precision": 0.5652173913043478,
      "recall": 1.0,
      "f1": 0.7222222222222222,
      "roc_auc": 0.5,
      "brier": 0.25,
      "logloss": 0.6931471805599451,
      "predicted_positive_rate": 1.0,
      "predicted_negative_rate": 0.0,
      "probability_mean": 0.5,
      "probability_std": 0.0,
      "probability_min": 0.5,
      "probability_max": 0.5,
      "baseline_name": "constant_0_5",
      "constant_probability": 0.5
    },
    "base_rate_train_calibration": {
      "accuracy": 0.5652173913043478,
      "balanced_accuracy": 0.5,
      "precision": 0.5652173913043478,
      "recall": 1.0,
      "f1": 0.7222222222222222,
      "roc_auc": 0.5,
      "brier": 0.24576022639567788,
      "logloss": 0.6846437803132092,
      "predicted_positive_rate": 1.0,
      "predicted_negative_rate": 0.0,
      "probability_mean": 0.5615384615384614,
      "probability_std": 1.1102230246251565e-16,
      "probability_min": 0.5615384615384615,
      "probability_max": 0.5615384615384615,
      "baseline_name": "base_rate_train_calibration",
      "constant_probability": 0.5615384615384615
    },
    "always_home": {
      "accuracy": 0.5652173913043478,
      "balanced_accuracy": 0.5,
      "precision": 0.5652173913043478,
      "recall": 1.0,
      "f1": 0.7222222222222222,
      "roc_auc": 0.5,
      "brier": 0.4347817391314346,
      "logloss": 6.006744286059204,
      "predicted_positive_rate": 1.0,
      "predicted_negative_rate": 0.0,
      "probability_mean": 0.9999990000000004,
      "probability_std": 4.440892098500626e-16,
      "probability_min": 0.999999,
      "probability_max": 0.999999,
      "baseline_name": "always_home",
      "constant_probability": 0.999999
    },
    "always_away": {
      "accuracy": 0.43478260869565216,
      "balanced_accuracy": 0.5,
      "precision": 0.0,
      "recall": 0.0,
      "f1": 0.0,
      "roc_auc": 0.5,
      "brier": 0.5652162608705651,
      "logloss": 7.808767271893069,
      "predicted_positive_rate": 0.0,
      "predicted_negative_rate": 1.0,
      "probability_mean": 9.999999999999995e-07,
      "probability_std": 4.235164736271502e-22,
      "probability_min": 1e-06,
      "probability_max": 1e-06,
      "baseline_name": "always_away",
      "constant_probability": 1e-06
    }
  },
  "model_vs_baselines": {
    "constant_0_5": {
      "delta_brier": -0.0038397430166139113,
      "beats_brier": true,
      "delta_logloss": -0.00768267210098128,
      "beats_logloss": true,
      "delta_roc_auc": 0.07692307692307687,
      "beats_roc_auc": true
    },
    "base_rate_train_calibration": {
      "delta_brier": 0.0004000305877082111,
      "beats_brier": false,
      "delta_logloss": 0.0008207281457546234,
      "beats_logloss": false,
      "delta_roc_auc": 0.07692307692307687,
      "beats_roc_auc": true
    },
    "always_home": {
      "delta_brier": -0.1886214821480485,
      "beats_brier": true,
      "delta_logloss": -5.321279777600241,
      "beats_logloss": true,
      "delta_roc_auc": 0.07692307692307687,
      "beats_roc_auc": true
    },
    "always_away": {
      "delta_brier": -0.31905600388717903,
      "beats_brier": true,
      "delta_logloss": -7.123302763434106,
      "beats_logloss": true,
      "delta_roc_auc": 0.07692307692307687,
      "beats_roc_auc": true
    }
  },
  "collapse_guardrail": {
    "status": "failed",
    "model_has_no_discrimination_power": true,
    "do_not_promote": true,
    "collapse_reasons": [
      "balanced_accuracy_near_random",
      "single_class_positive_prediction_collapse",
      "probability_distribution_too_narrow",
      "brier_near_random_0_25",
      "logloss_near_random_0_693",
      "test_sample_count_too_small_for_stable_claims"
    ],
    "thresholds": {
      "auc_random_band_low": 0.48,
      "auc_random_band_high": 0.52,
      "balanced_accuracy_random_band_low": 0.48,
      "balanced_accuracy_random_band_high": 0.52,
      "max_single_class_prediction_rate": 0.85,
      "min_probability_std": 0.02,
      "brier_random_reference": 0.25,
      "logloss_random_reference": 0.6931471805599453
    },
    "confusion_matrix": [
      [
        0,
        20
      ],
      [
        0,
        26
      ]
    ],
    "live_betting_allowed": false,
    "automated_wagering_allowed": false,
    "production_model_replacement_allowed": false
  },
  "confusion_matrix": [
    [
      0,
      20
    ],
    [
      0,
      26
    ]
  ],
  "warnings": [
    "model_has_no_discrimination_power",
    "model_does_not_beat_all_brier_baselines"
  ],
  "errors": [],
  "live_betting_allowed": false,
  "automated_wagering_allowed": false,
  "production_model_replacement_allowed": false
}