{
  "generated_at": "2026-06-21T13:35:59.520679Z",
  "report_type": "model_eval_report",
  "status": "ok",
  "training_source": "data/training_samples.csv",
  "oos_prediction_output": "data/oos_predictions_with_labels.csv",
  "collapse_report_output": "report/prediction_collapse_report.json",
  "pipeline_version": "baseline_v2_clean",
  "feature_schema_version": "core_v4_canonical_training_samples",
  "feature_schema_hash": "96648eff8ef44ed996d40e7a84d16d67305d831de227e200d0d93819283df1ed",
  "core_feature_count": 7,
  "features_used": [
    "elo_diff",
    "bt_strength_diff",
    "sp_era_diff",
    "pitcher_rating_diff",
    "dynamic_park_factor",
    "winrate_diff",
    "timezone_diff"
  ],
  "label_column": "home_win",
  "sample_count": 317,
  "train_sample_count": 221,
  "calibration_sample_count": 48,
  "test_sample_count": 48,
  "metrics": {
    "accuracy": 0.5208333333333334,
    "balanced_accuracy": 0.49125874125874125,
    "precision": 0.5365853658536586,
    "recall": 0.8461538461538461,
    "f1": 0.6567164179104478,
    "roc_auc": 0.4632867132867133,
    "brier": 0.2594002604380355,
    "logloss": 0.7125292981004145,
    "predicted_positive_rate": 0.8541666666666666,
    "predicted_negative_rate": 0.14583333333333337,
    "probability_mean": 0.563038018367835,
    "probability_std": 0.06100174071412029,
    "probability_min": 0.39455275397674344,
    "probability_max": 0.6557920541786475
  },
  "baseline_metrics": {
    "constant_0_5": {
      "accuracy": 0.5416666666666666,
      "balanced_accuracy": 0.5,
      "precision": 0.5416666666666666,
      "recall": 1.0,
      "f1": 0.7027027027027027,
      "roc_auc": 0.5,
      "brier": 0.25,
      "logloss": 0.6931471805599453,
      "predicted_positive_rate": 1.0,
      "predicted_negative_rate": 0.0,
      "probability_mean": 0.5,
      "probability_std": 0.0,
      "probability_min": 0.5,
      "probability_max": 0.5,
      "baseline_name": "constant_0_5",
      "constant_probability": 0.5
    },
    "base_rate_train_calibration": {
      "accuracy": 0.5416666666666666,
      "balanced_accuracy": 0.5,
      "precision": 0.5416666666666666,
      "recall": 1.0,
      "f1": 0.7027027027027027,
      "roc_auc": 0.5,
      "brier": 0.2485184238286738,
      "logloss": 0.6901856609569164,
      "predicted_positive_rate": 1.0,
      "predicted_negative_rate": 0.0,
      "probability_mean": 0.5576208178438663,
      "probability_std": 1.1102230246251565e-16,
      "probability_min": 0.5576208178438662,
      "probability_max": 0.5576208178438662,
      "baseline_name": "base_rate_train_calibration",
      "constant_probability": 0.5576208178438662
    },
    "always_home": {
      "accuracy": 0.5416666666666666,
      "balanced_accuracy": 0.5,
      "precision": 0.5416666666666666,
      "recall": 1.0,
      "f1": 0.7027027027027027,
      "roc_auc": 0.5,
      "brier": 0.4583324166676666,
      "logloss": 6.3321095473873825,
      "predicted_positive_rate": 1.0,
      "predicted_negative_rate": 0.0,
      "probability_mean": 0.999999,
      "probability_std": 0.0,
      "probability_min": 0.999999,
      "probability_max": 0.999999,
      "baseline_name": "always_home",
      "constant_probability": 0.999999
    },
    "always_away": {
      "accuracy": 0.4583333333333333,
      "balanced_accuracy": 0.5,
      "precision": 0.0,
      "recall": 0.0,
      "f1": 0.0,
      "roc_auc": 0.5,
      "brier": 0.5416655833343332,
      "logloss": 7.483402010564212,
      "predicted_positive_rate": 0.0,
      "predicted_negative_rate": 1.0,
      "probability_mean": 1e-06,
      "probability_std": 0.0,
      "probability_min": 1e-06,
      "probability_max": 1e-06,
      "baseline_name": "always_away",
      "constant_probability": 1e-06
    }
  },
  "model_vs_baselines": {
    "constant_0_5": {
      "delta_brier": 0.00940026043803549,
      "beats_brier": false,
      "delta_logloss": 0.019382117540469257,
      "beats_logloss": false,
      "delta_roc_auc": -0.03671328671328672,
      "beats_roc_auc": false
    },
    "base_rate_train_calibration": {
      "delta_brier": 0.010881836609361678,
      "beats_brier": false,
      "delta_logloss": 0.022343637143498185,
      "beats_logloss": false,
      "delta_roc_auc": -0.03671328671328672,
      "beats_roc_auc": false
    },
    "always_home": {
      "delta_brier": -0.19893215622963112,
      "beats_brier": true,
      "delta_logloss": -5.619580249286968,
      "beats_logloss": true,
      "delta_roc_auc": -0.03671328671328672,
      "beats_roc_auc": false
    },
    "always_away": {
      "delta_brier": -0.28226532289629774,
      "beats_brier": true,
      "delta_logloss": -6.770872712463797,
      "beats_logloss": true,
      "delta_roc_auc": -0.03671328671328672,
      "beats_roc_auc": false
    }
  },
  "collapse_guardrail": {
    "status": "failed",
    "model_has_no_discrimination_power": true,
    "do_not_promote": true,
    "collapse_reasons": [
      "balanced_accuracy_near_random",
      "single_class_positive_prediction_collapse",
      "brier_near_random_0_25",
      "logloss_near_random_0_693",
      "test_sample_count_too_small_for_stable_claims"
    ],
    "thresholds": {
      "auc_random_band_low": 0.48,
      "auc_random_band_high": 0.52,
      "balanced_accuracy_random_band_low": 0.48,
      "balanced_accuracy_random_band_high": 0.52,
      "max_single_class_prediction_rate": 0.85,
      "min_probability_std": 0.02,
      "brier_random_reference": 0.25,
      "logloss_random_reference": 0.6931471805599453
    },
    "confusion_matrix": [
      [
        3,
        19
      ],
      [
        4,
        22
      ]
    ],
    "live_betting_allowed": false,
    "automated_wagering_allowed": false,
    "production_model_replacement_allowed": false
  },
  "confusion_matrix": [
    [
      3,
      19
    ],
    [
      4,
      22
    ]
  ],
  "warnings": [
    "model_has_no_discrimination_power",
    "model_does_not_beat_all_brier_baselines"
  ],
  "errors": [],
  "live_betting_allowed": false,
  "automated_wagering_allowed": false,
  "production_model_replacement_allowed": false
}