{
  "generated_at": "2026-06-25T22:42:55.434075Z",
  "report_type": "model_eval_report",
  "status": "ok",
  "training_source": "data/training_samples.csv",
  "oos_prediction_output": "data/oos_predictions_with_labels.csv",
  "collapse_report_output": "report/prediction_collapse_report.json",
  "pipeline_version": "baseline_v2_clean",
  "feature_schema_version": "core_v4_canonical_training_samples",
  "feature_schema_hash": "96648eff8ef44ed996d40e7a84d16d67305d831de227e200d0d93819283df1ed",
  "core_feature_count": 7,
  "features_used": [
    "elo_diff",
    "bt_strength_diff",
    "sp_era_diff",
    "pitcher_rating_diff",
    "dynamic_park_factor",
    "winrate_diff",
    "timezone_diff"
  ],
  "label_column": "home_win",
  "sample_count": 376,
  "train_sample_count": 263,
  "calibration_sample_count": 56,
  "test_sample_count": 57,
  "metrics": {
    "accuracy": 0.49122807017543857,
    "balanced_accuracy": 0.5,
    "precision": 0.49122807017543857,
    "recall": 1.0,
    "f1": 0.6588235294117647,
    "roc_auc": 0.4938423645320197,
    "brier": 0.2519976723820543,
    "logloss": 0.6971560346575709,
    "predicted_positive_rate": 1.0,
    "predicted_negative_rate": 0.0,
    "probability_mean": 0.5366318551693747,
    "probability_std": 0.012637412634153314,
    "probability_min": 0.5141050140244853,
    "probability_max": 0.5785410964987201
  },
  "baseline_metrics": {
    "constant_0_5": {
      "accuracy": 0.49122807017543857,
      "balanced_accuracy": 0.5,
      "precision": 0.49122807017543857,
      "recall": 1.0,
      "f1": 0.6588235294117647,
      "roc_auc": 0.5,
      "brier": 0.25,
      "logloss": 0.6931471805599453,
      "predicted_positive_rate": 1.0,
      "predicted_negative_rate": 0.0,
      "probability_mean": 0.5,
      "probability_std": 0.0,
      "probability_min": 0.5,
      "probability_max": 0.5,
      "baseline_name": "constant_0_5",
      "constant_probability": 0.5
    },
    "base_rate_train_calibration": {
      "accuracy": 0.49122807017543857,
      "balanced_accuracy": 0.5,
      "precision": 0.49122807017543857,
      "recall": 1.0,
      "f1": 0.6588235294117647,
      "roc_auc": 0.5,
      "brier": 0.2535828274610426,
      "logloss": 0.7003481880724665,
      "predicted_positive_rate": 1.0,
      "predicted_negative_rate": 0.0,
      "probability_mean": 0.5517241379310346,
      "probability_std": 1.1102230246251565e-16,
      "probability_min": 0.5517241379310345,
      "probability_max": 0.5517241379310345,
      "baseline_name": "base_rate_train_calibration",
      "constant_probability": 0.5517241379310345
    },
    "always_home": {
      "accuracy": 0.49122807017543857,
      "balanced_accuracy": 0.5,
      "precision": 0.49122807017543857,
      "recall": 1.0,
      "f1": 0.6588235294117647,
      "roc_auc": 0.5,
      "brier": 0.5087709122817017,
      "logloss": 7.028944459300772,
      "predicted_positive_rate": 1.0,
      "predicted_negative_rate": 0.0,
      "probability_mean": 0.9999990000000001,
      "probability_std": 1.1102230246251565e-16,
      "probability_min": 0.999999,
      "probability_max": 0.999999,
      "baseline_name": "always_home",
      "constant_probability": 0.999999
    },
    "always_away": {
      "accuracy": 0.5087719298245614,
      "balanced_accuracy": 0.5,
      "precision": 0.0,
      "recall": 0.0,
      "f1": 0.0,
      "roc_auc": 0.5,
      "brier": 0.4912270877202982,
      "logloss": 6.786567098649372,
      "predicted_positive_rate": 0.0,
      "predicted_negative_rate": 1.0,
      "probability_mean": 9.999999999999997e-07,
      "probability_std": 2.117582368135751e-22,
      "probability_min": 1e-06,
      "probability_max": 1e-06,
      "baseline_name": "always_away",
      "constant_probability": 1e-06
    }
  },
  "model_vs_baselines": {
    "constant_0_5": {
      "delta_brier": 0.001997672382054283,
      "beats_brier": false,
      "delta_logloss": 0.004008854097625636,
      "beats_logloss": false,
      "delta_roc_auc": -0.006157635467980316,
      "beats_roc_auc": false
    },
    "base_rate_train_calibration": {
      "delta_brier": -0.0015851550789883206,
      "beats_brier": true,
      "delta_logloss": -0.0031921534148955377,
      "beats_logloss": true,
      "delta_roc_auc": -0.006157635467980316,
      "beats_roc_auc": false
    },
    "always_home": {
      "delta_brier": -0.2567732398996474,
      "beats_brier": true,
      "delta_logloss": -6.331788424643201,
      "beats_logloss": true,
      "delta_roc_auc": -0.006157635467980316,
      "beats_roc_auc": false
    },
    "always_away": {
      "delta_brier": -0.23922941533824393,
      "beats_brier": true,
      "delta_logloss": -6.089411063991801,
      "beats_logloss": true,
      "delta_roc_auc": -0.006157635467980316,
      "beats_roc_auc": false
    }
  },
  "collapse_guardrail": {
    "status": "failed",
    "model_has_no_discrimination_power": true,
    "do_not_promote": true,
    "collapse_reasons": [
      "roc_auc_near_random",
      "balanced_accuracy_near_random",
      "single_class_positive_prediction_collapse",
      "probability_distribution_too_narrow",
      "brier_near_random_0_25",
      "logloss_near_random_0_693"
    ],
    "thresholds": {
      "auc_random_band_low": 0.48,
      "auc_random_band_high": 0.52,
      "balanced_accuracy_random_band_low": 0.48,
      "balanced_accuracy_random_band_high": 0.52,
      "max_single_class_prediction_rate": 0.85,
      "min_probability_std": 0.02,
      "brier_random_reference": 0.25,
      "logloss_random_reference": 0.6931471805599453
    },
    "confusion_matrix": [
      [
        0,
        29
      ],
      [
        0,
        28
      ]
    ],
    "live_betting_allowed": false,
    "automated_wagering_allowed": false,
    "production_model_replacement_allowed": false
  },
  "confusion_matrix": [
    [
      0,
      29
    ],
    [
      0,
      28
    ]
  ],
  "warnings": [
    "model_has_no_discrimination_power",
    "model_does_not_beat_all_brier_baselines"
  ],
  "errors": [],
  "live_betting_allowed": false,
  "automated_wagering_allowed": false,
  "production_model_replacement_allowed": false
}