{
  "generated_at": "2026-06-24T22:02:52.310986Z",
  "report_type": "model_eval_report",
  "status": "ok",
  "training_source": "data/training_samples.csv",
  "oos_prediction_output": "data/oos_predictions_with_labels.csv",
  "collapse_report_output": "report/prediction_collapse_report.json",
  "pipeline_version": "baseline_v2_clean",
  "feature_schema_version": "core_v4_canonical_training_samples",
  "feature_schema_hash": "96648eff8ef44ed996d40e7a84d16d67305d831de227e200d0d93819283df1ed",
  "core_feature_count": 7,
  "features_used": [
    "elo_diff",
    "bt_strength_diff",
    "sp_era_diff",
    "pitcher_rating_diff",
    "dynamic_park_factor",
    "winrate_diff",
    "timezone_diff"
  ],
  "label_column": "home_win",
  "sample_count": 361,
  "train_sample_count": 252,
  "calibration_sample_count": 54,
  "test_sample_count": 55,
  "metrics": {
    "accuracy": 0.41818181818181815,
    "balanced_accuracy": 0.5,
    "precision": 0.41818181818181815,
    "recall": 1.0,
    "f1": 0.5897435897435898,
    "roc_auc": 0.4633152173913043,
    "brier": 0.2813328727455445,
    "logloss": 0.7572350958863392,
    "predicted_positive_rate": 1.0,
    "predicted_negative_rate": 0.0,
    "probability_mean": 0.6105066657323194,
    "probability_std": 0.014842920508340643,
    "probability_min": 0.5593388055281349,
    "probability_max": 0.6358938219035926
  },
  "baseline_metrics": {
    "constant_0_5": {
      "accuracy": 0.41818181818181815,
      "balanced_accuracy": 0.5,
      "precision": 0.41818181818181815,
      "recall": 1.0,
      "f1": 0.5897435897435898,
      "roc_auc": 0.5,
      "brier": 0.25,
      "logloss": 0.6931471805599455,
      "predicted_positive_rate": 1.0,
      "predicted_negative_rate": 0.0,
      "probability_mean": 0.5,
      "probability_std": 0.0,
      "probability_min": 0.5,
      "probability_max": 0.5,
      "baseline_name": "constant_0_5",
      "constant_probability": 0.5
    },
    "base_rate_train_calibration": {
      "accuracy": 0.41818181818181815,
      "balanced_accuracy": 0.5,
      "precision": 0.41818181818181815,
      "recall": 1.0,
      "f1": 0.5897435897435898,
      "roc_auc": 0.5,
      "brier": 0.26496704841572205,
      "logloss": 0.723278215106107,
      "predicted_positive_rate": 1.0,
      "predicted_negative_rate": 0.0,
      "probability_mean": 0.5653594771241829,
      "probability_std": 1.1102230246251565e-16,
      "probability_min": 0.565359477124183,
      "probability_max": 0.565359477124183,
      "baseline_name": "base_rate_train_calibration",
      "constant_probability": 0.565359477124183
    },
    "always_home": {
      "accuracy": 0.41818181818181815,
      "balanced_accuracy": 0.5,
      "precision": 0.41818181818181815,
      "recall": 1.0,
      "f1": 0.5897435897435898,
      "roc_auc": 0.5,
      "brier": 0.5818170181828181,
      "logloss": 8.038115651889965,
      "predicted_positive_rate": 1.0,
      "predicted_negative_rate": 0.0,
      "probability_mean": 0.9999990000000003,
      "probability_std": 3.3306690738754696e-16,
      "probability_min": 0.999999,
      "probability_max": 0.999999,
      "baseline_name": "always_home",
      "constant_probability": 0.999999
    },
    "always_away": {
      "accuracy": 0.5818181818181818,
      "balanced_accuracy": 0.5,
      "precision": 0.0,
      "recall": 0.0,
      "f1": 0.0,
      "roc_auc": 0.5,
      "brier": 0.4181809818191817,
      "logloss": 5.7773959060580795,
      "predicted_positive_rate": 0.0,
      "predicted_negative_rate": 1.0,
      "probability_mean": 9.999999999999995e-07,
      "probability_std": 4.235164736271502e-22,
      "probability_min": 1e-06,
      "probability_max": 1e-06,
      "baseline_name": "always_away",
      "constant_probability": 1e-06
    }
  },
  "model_vs_baselines": {
    "constant_0_5": {
      "delta_brier": 0.03133287274554453,
      "beats_brier": false,
      "delta_logloss": 0.06408791532639369,
      "beats_logloss": false,
      "delta_roc_auc": -0.036684782608695676,
      "beats_roc_auc": false
    },
    "base_rate_train_calibration": {
      "delta_brier": 0.016365824329822476,
      "beats_brier": false,
      "delta_logloss": 0.03395688078023218,
      "beats_logloss": false,
      "delta_roc_auc": -0.036684782608695676,
      "beats_roc_auc": false
    },
    "always_home": {
      "delta_brier": -0.30048414543727353,
      "beats_brier": true,
      "delta_logloss": -7.280880556003626,
      "beats_logloss": true,
      "delta_roc_auc": -0.036684782608695676,
      "beats_roc_auc": false
    },
    "always_away": {
      "delta_brier": -0.13684810907363715,
      "beats_brier": true,
      "delta_logloss": -5.02016081017174,
      "beats_logloss": true,
      "delta_roc_auc": -0.036684782608695676,
      "beats_roc_auc": false
    }
  },
  "collapse_guardrail": {
    "status": "failed",
    "model_has_no_discrimination_power": true,
    "do_not_promote": true,
    "collapse_reasons": [
      "balanced_accuracy_near_random",
      "single_class_positive_prediction_collapse",
      "probability_distribution_too_narrow"
    ],
    "thresholds": {
      "auc_random_band_low": 0.48,
      "auc_random_band_high": 0.52,
      "balanced_accuracy_random_band_low": 0.48,
      "balanced_accuracy_random_band_high": 0.52,
      "max_single_class_prediction_rate": 0.85,
      "min_probability_std": 0.02,
      "brier_random_reference": 0.25,
      "logloss_random_reference": 0.6931471805599453
    },
    "confusion_matrix": [
      [
        0,
        32
      ],
      [
        0,
        23
      ]
    ],
    "live_betting_allowed": false,
    "automated_wagering_allowed": false,
    "production_model_replacement_allowed": false
  },
  "confusion_matrix": [
    [
      0,
      32
    ],
    [
      0,
      23
    ]
  ],
  "warnings": [
    "model_has_no_discrimination_power",
    "model_does_not_beat_all_brier_baselines"
  ],
  "errors": [],
  "live_betting_allowed": false,
  "automated_wagering_allowed": false,
  "production_model_replacement_allowed": false
}