{
  "generated_at": "2026-06-19T23:27:06.432056Z",
  "report_type": "model_eval_report",
  "status": "ok",
  "training_source": "data/training_samples.csv",
  "oos_prediction_output": "data/oos_predictions_with_labels.csv",
  "collapse_report_output": "report/prediction_collapse_report.json",
  "pipeline_version": "baseline_v2_clean",
  "feature_schema_version": "core_v4_canonical_training_samples",
  "feature_schema_hash": "96648eff8ef44ed996d40e7a84d16d67305d831de227e200d0d93819283df1ed",
  "core_feature_count": 7,
  "features_used": [
    "elo_diff",
    "bt_strength_diff",
    "sp_era_diff",
    "pitcher_rating_diff",
    "dynamic_park_factor",
    "winrate_diff",
    "timezone_diff"
  ],
  "label_column": "home_win",
  "sample_count": 290,
  "train_sample_count": 203,
  "calibration_sample_count": 43,
  "test_sample_count": 44,
  "metrics": {
    "accuracy": 0.5,
    "balanced_accuracy": 0.4865424430641822,
    "precision": 0.5142857142857142,
    "recall": 0.782608695652174,
    "f1": 0.6206896551724138,
    "roc_auc": 0.5238095238095238,
    "brier": 0.25517988851902423,
    "logloss": 0.7039985673830701,
    "predicted_positive_rate": 0.7954545454545454,
    "predicted_negative_rate": 0.20454545454545459,
    "probability_mean": 0.562020861284975,
    "probability_std": 0.06977847912125217,
    "probability_min": 0.4108284549515808,
    "probability_max": 0.684910416433507
  },
  "baseline_metrics": {
    "constant_0_5": {
      "accuracy": 0.5227272727272727,
      "balanced_accuracy": 0.5,
      "precision": 0.5227272727272727,
      "recall": 1.0,
      "f1": 0.6865671641791045,
      "roc_auc": 0.5,
      "brier": 0.25,
      "logloss": 0.6931471805599452,
      "predicted_positive_rate": 1.0,
      "predicted_negative_rate": 0.0,
      "probability_mean": 0.5,
      "probability_std": 0.0,
      "probability_min": 0.5,
      "probability_max": 0.5,
      "baseline_name": "constant_0_5",
      "constant_probability": 0.5
    },
    "base_rate_train_calibration": {
      "accuracy": 0.5227272727272727,
      "balanced_accuracy": 0.5,
      "precision": 0.5227272727272727,
      "recall": 1.0,
      "f1": 0.6865671641791045,
      "roc_auc": 0.5,
      "brier": 0.250390580402478,
      "logloss": 0.6939417619875915,
      "predicted_positive_rate": 1.0,
      "predicted_negative_rate": 0.0,
      "probability_mean": 0.5528455284552847,
      "probability_std": 1.1102230246251565e-16,
      "probability_min": 0.5528455284552846,
      "probability_max": 0.5528455284552846,
      "baseline_name": "base_rate_train_calibration",
      "constant_probability": 0.5528455284552846
    },
    "always_home": {
      "accuracy": 0.5227272727272727,
      "balanced_accuracy": 0.5,
      "precision": 0.5227272727272727,
      "recall": 1.0,
      "f1": 0.6865671641791045,
      "roc_auc": 0.5,
      "brier": 0.47727177272827254,
      "logloss": 6.593766925378578,
      "predicted_positive_rate": 1.0,
      "predicted_negative_rate": 0.0,
      "probability_mean": 0.9999990000000003,
      "probability_std": 3.3306690738754696e-16,
      "probability_min": 0.999999,
      "probability_max": 0.999999,
      "baseline_name": "always_home",
      "constant_probability": 0.999999
    },
    "always_away": {
      "accuracy": 0.4772727272727273,
      "balanced_accuracy": 0.5,
      "precision": 0.0,
      "recall": 0.0,
      "f1": 0.0,
      "roc_auc": 0.5,
      "brier": 0.5227262272737272,
      "logloss": 7.221744632572473,
      "predicted_positive_rate": 0.0,
      "predicted_negative_rate": 1.0,
      "probability_mean": 9.999999999999997e-07,
      "probability_std": 2.117582368135751e-22,
      "probability_min": 1e-06,
      "probability_max": 1e-06,
      "baseline_name": "always_away",
      "constant_probability": 1e-06
    }
  },
  "model_vs_baselines": {
    "constant_0_5": {
      "delta_brier": 0.005179888519024234,
      "beats_brier": false,
      "delta_logloss": 0.01085138682312492,
      "beats_logloss": false,
      "delta_roc_auc": 0.023809523809523836,
      "beats_roc_auc": true
    },
    "base_rate_train_calibration": {
      "delta_brier": 0.004789308116546209,
      "beats_brier": false,
      "delta_logloss": 0.010056805395478596,
      "beats_logloss": false,
      "delta_roc_auc": 0.023809523809523836,
      "beats_roc_auc": true
    },
    "always_home": {
      "delta_brier": -0.2220918842092483,
      "beats_brier": true,
      "delta_logloss": -5.889768357995508,
      "beats_logloss": true,
      "delta_roc_auc": 0.023809523809523836,
      "beats_roc_auc": true
    },
    "always_away": {
      "delta_brier": -0.26754633875470296,
      "beats_brier": true,
      "delta_logloss": -6.517746065189403,
      "beats_logloss": true,
      "delta_roc_auc": 0.023809523809523836,
      "beats_roc_auc": true
    }
  },
  "collapse_guardrail": {
    "status": "failed",
    "model_has_no_discrimination_power": true,
    "do_not_promote": true,
    "collapse_reasons": [
      "balanced_accuracy_near_random",
      "brier_near_random_0_25",
      "logloss_near_random_0_693",
      "test_sample_count_too_small_for_stable_claims"
    ],
    "thresholds": {
      "auc_random_band_low": 0.48,
      "auc_random_band_high": 0.52,
      "balanced_accuracy_random_band_low": 0.48,
      "balanced_accuracy_random_band_high": 0.52,
      "max_single_class_prediction_rate": 0.85,
      "min_probability_std": 0.02,
      "brier_random_reference": 0.25,
      "logloss_random_reference": 0.6931471805599453
    },
    "confusion_matrix": [
      [
        4,
        17
      ],
      [
        5,
        18
      ]
    ],
    "live_betting_allowed": false,
    "automated_wagering_allowed": false,
    "production_model_replacement_allowed": false
  },
  "confusion_matrix": [
    [
      4,
      17
    ],
    [
      5,
      18
    ]
  ],
  "warnings": [
    "model_has_no_discrimination_power",
    "model_does_not_beat_all_brier_baselines"
  ],
  "errors": [],
  "live_betting_allowed": false,
  "automated_wagering_allowed": false,
  "production_model_replacement_allowed": false
}