{
  "generated_at": "2026-06-17T20:46:54.349150Z",
  "report_type": "model_eval_report",
  "status": "ok",
  "training_source": "data/training_samples.csv",
  "oos_prediction_output": "data/oos_predictions_with_labels.csv",
  "collapse_report_output": "report/prediction_collapse_report.json",
  "pipeline_version": "baseline_v2_clean",
  "feature_schema_version": "core_v4_canonical_training_samples",
  "feature_schema_hash": "96648eff8ef44ed996d40e7a84d16d67305d831de227e200d0d93819283df1ed",
  "core_feature_count": 7,
  "features_used": [
    "elo_diff",
    "bt_strength_diff",
    "sp_era_diff",
    "pitcher_rating_diff",
    "dynamic_park_factor",
    "winrate_diff",
    "timezone_diff"
  ],
  "label_column": "home_win",
  "sample_count": 271,
  "train_sample_count": 189,
  "calibration_sample_count": 41,
  "test_sample_count": 41,
  "metrics": {
    "accuracy": 0.5853658536585366,
    "balanced_accuracy": 0.5943627450980392,
    "precision": 0.6842105263157895,
    "recall": 0.5416666666666666,
    "f1": 0.6046511627906976,
    "roc_auc": 0.5784313725490197,
    "brier": 0.2416117413129231,
    "logloss": 0.6757776670356752,
    "predicted_positive_rate": 0.4634146341463415,
    "predicted_negative_rate": 0.5365853658536586,
    "probability_mean": 0.49732745241783827,
    "probability_std": 0.0989776204230888,
    "probability_min": 0.3060054166202058,
    "probability_max": 0.7721185729585408
  },
  "baseline_metrics": {
    "constant_0_5": {
      "accuracy": 0.5853658536585366,
      "balanced_accuracy": 0.5,
      "precision": 0.5853658536585366,
      "recall": 1.0,
      "f1": 0.7384615384615385,
      "roc_auc": 0.5,
      "brier": 0.25,
      "logloss": 0.6931471805599453,
      "predicted_positive_rate": 1.0,
      "predicted_negative_rate": 0.0,
      "probability_mean": 0.5,
      "probability_std": 0.0,
      "probability_min": 0.5,
      "probability_max": 0.5,
      "baseline_name": "constant_0_5",
      "constant_probability": 0.5
    },
    "base_rate_train_calibration": {
      "accuracy": 0.5853658536585366,
      "balanced_accuracy": 0.5,
      "precision": 0.5853658536585366,
      "recall": 1.0,
      "f1": 0.7384615384615385,
      "roc_auc": 0.5,
      "brier": 0.24446724145880402,
      "logloss": 0.6820584394614119,
      "predicted_positive_rate": 1.0,
      "predicted_negative_rate": 0.0,
      "probability_mean": 0.5434782608695653,
      "probability_std": 1.1102230246251565e-16,
      "probability_min": 0.5434782608695652,
      "probability_max": 0.5434782608695652,
      "baseline_name": "base_rate_train_calibration",
      "constant_probability": 0.5434782608695652
    },
    "always_home": {
      "accuracy": 0.5853658536585366,
      "balanced_accuracy": 0.5,
      "precision": 0.5853658536585366,
      "recall": 1.0,
      "f1": 0.7384615384615385,
      "roc_auc": 0.5,
      "brier": 0.4146333170741707,
      "logloss": 5.728383011827215,
      "predicted_positive_rate": 1.0,
      "predicted_negative_rate": 0.0,
      "probability_mean": 0.9999990000000001,
      "probability_std": 1.1102230246251565e-16,
      "probability_min": 0.999999,
      "probability_max": 0.999999,
      "baseline_name": "always_home",
      "constant_probability": 0.999999
    },
    "always_away": {
      "accuracy": 0.4146341463414634,
      "balanced_accuracy": 0.5,
      "precision": 0.0,
      "recall": 0.0,
      "f1": 0.0,
      "roc_auc": 0.5,
      "brier": 0.5853646829278292,
      "logloss": 8.087128546125637,
      "predicted_positive_rate": 0.0,
      "predicted_negative_rate": 1.0,
      "probability_mean": 9.999999999999997e-07,
      "probability_std": 2.117582368135751e-22,
      "probability_min": 1e-06,
      "probability_max": 1e-06,
      "baseline_name": "always_away",
      "constant_probability": 1e-06
    }
  },
  "model_vs_baselines": {
    "constant_0_5": {
      "delta_brier": -0.008388258687076905,
      "beats_brier": true,
      "delta_logloss": -0.017369513524270075,
      "beats_logloss": true,
      "delta_roc_auc": 0.07843137254901966,
      "beats_roc_auc": true
    },
    "base_rate_train_calibration": {
      "delta_brier": -0.0028555001458809293,
      "beats_brier": true,
      "delta_logloss": -0.006280772425736658,
      "beats_logloss": true,
      "delta_roc_auc": 0.07843137254901966,
      "beats_roc_auc": true
    },
    "always_home": {
      "delta_brier": -0.17302157576124763,
      "beats_brier": true,
      "delta_logloss": -5.052605344791539,
      "beats_logloss": true,
      "delta_roc_auc": 0.07843137254901966,
      "beats_roc_auc": true
    },
    "always_away": {
      "delta_brier": -0.3437529416149061,
      "beats_brier": true,
      "delta_logloss": -7.411350879089962,
      "beats_logloss": true,
      "delta_roc_auc": 0.07843137254901966,
      "beats_roc_auc": true
    }
  },
  "collapse_guardrail": {
    "status": "ok",
    "model_has_no_discrimination_power": false,
    "do_not_promote": false,
    "collapse_reasons": [
      "brier_near_random_0_25",
      "logloss_near_random_0_693",
      "test_sample_count_too_small_for_stable_claims"
    ],
    "thresholds": {
      "auc_random_band_low": 0.48,
      "auc_random_band_high": 0.52,
      "balanced_accuracy_random_band_low": 0.48,
      "balanced_accuracy_random_band_high": 0.52,
      "max_single_class_prediction_rate": 0.85,
      "min_probability_std": 0.02,
      "brier_random_reference": 0.25,
      "logloss_random_reference": 0.6931471805599453
    },
    "confusion_matrix": [
      [
        11,
        6
      ],
      [
        11,
        13
      ]
    ],
    "live_betting_allowed": false,
    "automated_wagering_allowed": false,
    "production_model_replacement_allowed": false
  },
  "confusion_matrix": [
    [
      11,
      6
    ],
    [
      11,
      13
    ]
  ],
  "warnings": [],
  "errors": [],
  "live_betting_allowed": false,
  "automated_wagering_allowed": false,
  "production_model_replacement_allowed": false
}