{
  "generated_at": "2026-06-23T04:34:28.284072Z",
  "report_type": "model_eval_report",
  "status": "ok",
  "training_source": "data/training_samples.csv",
  "oos_prediction_output": "data/oos_predictions_with_labels.csv",
  "collapse_report_output": "report/prediction_collapse_report.json",
  "pipeline_version": "baseline_v2_clean",
  "feature_schema_version": "core_v4_canonical_training_samples",
  "feature_schema_hash": "96648eff8ef44ed996d40e7a84d16d67305d831de227e200d0d93819283df1ed",
  "core_feature_count": 7,
  "features_used": [
    "elo_diff",
    "bt_strength_diff",
    "sp_era_diff",
    "pitcher_rating_diff",
    "dynamic_park_factor",
    "winrate_diff",
    "timezone_diff"
  ],
  "label_column": "home_win",
  "sample_count": 341,
  "train_sample_count": 238,
  "calibration_sample_count": 51,
  "test_sample_count": 52,
  "metrics": {
    "accuracy": 0.5576923076923077,
    "balanced_accuracy": 0.4984639016897081,
    "precision": 0.5952380952380952,
    "recall": 0.8064516129032258,
    "f1": 0.684931506849315,
    "roc_auc": 0.47772657450076805,
    "brier": 0.24884481621511498,
    "logloss": 0.6909560570578557,
    "predicted_positive_rate": 0.8076923076923077,
    "predicted_negative_rate": 0.1923076923076923,
    "probability_mean": 0.5370483760083538,
    "probability_std": 0.05081833220973907,
    "probability_min": 0.3773797415892205,
    "probability_max": 0.6212195699694397
  },
  "baseline_metrics": {
    "constant_0_5": {
      "accuracy": 0.5961538461538461,
      "balanced_accuracy": 0.5,
      "precision": 0.5961538461538461,
      "recall": 1.0,
      "f1": 0.7469879518072289,
      "roc_auc": 0.5,
      "brier": 0.25,
      "logloss": 0.6931471805599454,
      "predicted_positive_rate": 1.0,
      "predicted_negative_rate": 0.0,
      "probability_mean": 0.5,
      "probability_std": 0.0,
      "probability_min": 0.5,
      "probability_max": 0.5,
      "baseline_name": "constant_0_5",
      "constant_probability": 0.5
    },
    "base_rate_train_calibration": {
      "accuracy": 0.5961538461538461,
      "balanced_accuracy": 0.5,
      "precision": 0.5961538461538461,
      "recall": 1.0,
      "f1": 0.7469879518072289,
      "roc_auc": 0.5,
      "brier": 0.24319885464088722,
      "logloss": 0.6795114994381984,
      "predicted_positive_rate": 1.0,
      "predicted_negative_rate": 0.0,
      "probability_mean": 0.5467128027681661,
      "probability_std": 0.0,
      "probability_min": 0.5467128027681661,
      "probability_max": 0.5467128027681661,
      "baseline_name": "base_rate_train_calibration",
      "constant_probability": 0.5467128027681661
    },
    "always_home": {
      "accuracy": 0.5961538461538461,
      "balanced_accuracy": 0.5,
      "precision": 0.5961538461538461,
      "recall": 1.0,
      "f1": 0.7469879518072289,
      "roc_auc": 0.5,
      "brier": 0.403845346154846,
      "logloss": 5.579341398397334,
      "predicted_positive_rate": 1.0,
      "predicted_negative_rate": 0.0,
      "probability_mean": 0.9999990000000002,
      "probability_std": 2.220446049250313e-16,
      "probability_min": 0.999999,
      "probability_max": 0.999999,
      "baseline_name": "always_home",
      "constant_probability": 0.999999
    },
    "always_away": {
      "accuracy": 0.40384615384615385,
      "balanced_accuracy": 0.5,
      "precision": 0.0,
      "recall": 0.0,
      "f1": 0.0,
      "roc_auc": 0.5,
      "brier": 0.5961526538471538,
      "logloss": 8.236170159555828,
      "predicted_positive_rate": 0.0,
      "predicted_negative_rate": 1.0,
      "probability_mean": 9.999999999999997e-07,
      "probability_std": 2.117582368135751e-22,
      "probability_min": 1e-06,
      "probability_max": 1e-06,
      "baseline_name": "always_away",
      "constant_probability": 1e-06
    }
  },
  "model_vs_baselines": {
    "constant_0_5": {
      "delta_brier": -0.0011551837848850222,
      "beats_brier": true,
      "delta_logloss": -0.00219112350208972,
      "beats_logloss": true,
      "delta_roc_auc": -0.022273425499231947,
      "beats_roc_auc": false
    },
    "base_rate_train_calibration": {
      "delta_brier": 0.005645961574227754,
      "beats_brier": false,
      "delta_logloss": 0.011444557619657236,
      "beats_logloss": false,
      "delta_roc_auc": -0.022273425499231947,
      "beats_roc_auc": false
    },
    "always_home": {
      "delta_brier": -0.15500052993973104,
      "beats_brier": true,
      "delta_logloss": -4.888385341339479,
      "beats_logloss": true,
      "delta_roc_auc": -0.022273425499231947,
      "beats_roc_auc": false
    },
    "always_away": {
      "delta_brier": -0.34730783763203876,
      "beats_brier": true,
      "delta_logloss": -7.545214102497972,
      "beats_logloss": true,
      "delta_roc_auc": -0.022273425499231947,
      "beats_roc_auc": false
    }
  },
  "collapse_guardrail": {
    "status": "failed",
    "model_has_no_discrimination_power": true,
    "do_not_promote": true,
    "collapse_reasons": [
      "balanced_accuracy_near_random",
      "brier_near_random_0_25",
      "logloss_near_random_0_693"
    ],
    "thresholds": {
      "auc_random_band_low": 0.48,
      "auc_random_band_high": 0.52,
      "balanced_accuracy_random_band_low": 0.48,
      "balanced_accuracy_random_band_high": 0.52,
      "max_single_class_prediction_rate": 0.85,
      "min_probability_std": 0.02,
      "brier_random_reference": 0.25,
      "logloss_random_reference": 0.6931471805599453
    },
    "confusion_matrix": [
      [
        4,
        17
      ],
      [
        6,
        25
      ]
    ],
    "live_betting_allowed": false,
    "automated_wagering_allowed": false,
    "production_model_replacement_allowed": false
  },
  "confusion_matrix": [
    [
      4,
      17
    ],
    [
      6,
      25
    ]
  ],
  "warnings": [
    "model_has_no_discrimination_power",
    "model_does_not_beat_all_brier_baselines"
  ],
  "errors": [],
  "live_betting_allowed": false,
  "automated_wagering_allowed": false,
  "production_model_replacement_allowed": false
}