{
  "generated_at": "2026-06-23T23:37:50.807478Z",
  "report_type": "model_eval_report",
  "status": "ok",
  "training_source": "data/training_samples.csv",
  "oos_prediction_output": "data/oos_predictions_with_labels.csv",
  "collapse_report_output": "report/prediction_collapse_report.json",
  "pipeline_version": "baseline_v2_clean",
  "feature_schema_version": "core_v4_canonical_training_samples",
  "feature_schema_hash": "96648eff8ef44ed996d40e7a84d16d67305d831de227e200d0d93819283df1ed",
  "core_feature_count": 7,
  "features_used": [
    "elo_diff",
    "bt_strength_diff",
    "sp_era_diff",
    "pitcher_rating_diff",
    "dynamic_park_factor",
    "winrate_diff",
    "timezone_diff"
  ],
  "label_column": "home_win",
  "sample_count": 343,
  "train_sample_count": 240,
  "calibration_sample_count": 51,
  "test_sample_count": 52,
  "metrics": {
    "accuracy": 0.5576923076923077,
    "balanced_accuracy": 0.4893939393939394,
    "precision": 0.5714285714285714,
    "recall": 0.9333333333333333,
    "f1": 0.7088607594936709,
    "roc_auc": 0.49848484848484853,
    "brier": 0.2490342056370216,
    "logloss": 0.691499069011453,
    "predicted_positive_rate": 0.9423076923076923,
    "predicted_negative_rate": 0.05769230769230771,
    "probability_mean": 0.5931043468468583,
    "probability_std": 0.05412584040228688,
    "probability_min": 0.4204557806978922,
    "probability_max": 0.6815515792897491
  },
  "baseline_metrics": {
    "constant_0_5": {
      "accuracy": 0.5769230769230769,
      "balanced_accuracy": 0.5,
      "precision": 0.5769230769230769,
      "recall": 1.0,
      "f1": 0.7317073170731707,
      "roc_auc": 0.5,
      "brier": 0.25,
      "logloss": 0.6931471805599454,
      "predicted_positive_rate": 1.0,
      "predicted_negative_rate": 0.0,
      "probability_mean": 0.5,
      "probability_std": 0.0,
      "probability_min": 0.5,
      "probability_max": 0.5,
      "baseline_name": "constant_0_5",
      "constant_probability": 0.5
    },
    "base_rate_train_calibration": {
      "accuracy": 0.5769230769230769,
      "balanced_accuracy": 0.5,
      "precision": 0.5769230769230769,
      "recall": 1.0,
      "f1": 0.7317073170731707,
      "roc_auc": 0.5,
      "brier": 0.2448169737467219,
      "logloss": 0.6827548908745668,
      "predicted_positive_rate": 1.0,
      "predicted_negative_rate": 0.0,
      "probability_mean": 0.5498281786941581,
      "probability_std": 0.0,
      "probability_min": 0.5498281786941581,
      "probability_max": 0.5498281786941581,
      "baseline_name": "base_rate_train_calibration",
      "constant_probability": 0.5498281786941581
    },
    "always_home": {
      "accuracy": 0.5769230769230769,
      "balanced_accuracy": 0.5,
      "precision": 0.5769230769230769,
      "recall": 1.0,
      "f1": 0.7317073170731707,
      "roc_auc": 0.5,
      "brier": 0.4230760769240768,
      "logloss": 5.845024274511469,
      "predicted_positive_rate": 1.0,
      "predicted_negative_rate": 0.0,
      "probability_mean": 0.9999990000000002,
      "probability_std": 2.220446049250313e-16,
      "probability_min": 0.999999,
      "probability_max": 0.999999,
      "baseline_name": "always_home",
      "constant_probability": 0.999999
    },
    "always_away": {
      "accuracy": 0.4230769230769231,
      "balanced_accuracy": 0.5,
      "precision": 0.0,
      "recall": 0.0,
      "f1": 0.0,
      "roc_auc": 0.5,
      "brier": 0.576921923077923,
      "logloss": 7.970487283441139,
      "predicted_positive_rate": 0.0,
      "predicted_negative_rate": 1.0,
      "probability_mean": 9.999999999999997e-07,
      "probability_std": 2.117582368135751e-22,
      "probability_min": 1e-06,
      "probability_max": 1e-06,
      "baseline_name": "always_away",
      "constant_probability": 1e-06
    }
  },
  "model_vs_baselines": {
    "constant_0_5": {
      "delta_brier": -0.0009657943629783894,
      "beats_brier": true,
      "delta_logloss": -0.0016481115484924258,
      "beats_logloss": true,
      "delta_roc_auc": -0.0015151515151514694,
      "beats_roc_auc": false
    },
    "base_rate_train_calibration": {
      "delta_brier": 0.004217231890299711,
      "beats_brier": false,
      "delta_logloss": 0.008744178136886216,
      "beats_logloss": false,
      "delta_roc_auc": -0.0015151515151514694,
      "beats_roc_auc": false
    },
    "always_home": {
      "delta_brier": -0.17404187128705517,
      "beats_brier": true,
      "delta_logloss": -5.153525205500016,
      "beats_logloss": true,
      "delta_roc_auc": -0.0015151515151514694,
      "beats_roc_auc": false
    },
    "always_away": {
      "delta_brier": -0.3278877174409014,
      "beats_brier": true,
      "delta_logloss": -7.2789882144296865,
      "beats_logloss": true,
      "delta_roc_auc": -0.0015151515151514694,
      "beats_roc_auc": false
    }
  },
  "collapse_guardrail": {
    "status": "failed",
    "model_has_no_discrimination_power": true,
    "do_not_promote": true,
    "collapse_reasons": [
      "roc_auc_near_random",
      "balanced_accuracy_near_random",
      "single_class_positive_prediction_collapse",
      "brier_near_random_0_25",
      "logloss_near_random_0_693"
    ],
    "thresholds": {
      "auc_random_band_low": 0.48,
      "auc_random_band_high": 0.52,
      "balanced_accuracy_random_band_low": 0.48,
      "balanced_accuracy_random_band_high": 0.52,
      "max_single_class_prediction_rate": 0.85,
      "min_probability_std": 0.02,
      "brier_random_reference": 0.25,
      "logloss_random_reference": 0.6931471805599453
    },
    "confusion_matrix": [
      [
        1,
        21
      ],
      [
        2,
        28
      ]
    ],
    "live_betting_allowed": false,
    "automated_wagering_allowed": false,
    "production_model_replacement_allowed": false
  },
  "confusion_matrix": [
    [
      1,
      21
    ],
    [
      2,
      28
    ]
  ],
  "warnings": [
    "model_has_no_discrimination_power",
    "model_does_not_beat_all_brier_baselines"
  ],
  "errors": [],
  "live_betting_allowed": false,
  "automated_wagering_allowed": false,
  "production_model_replacement_allowed": false
}