{
  "generated_at": "2026-07-01T22:08:13.414050Z",
  "report_type": "prediction_collapse_report",
  "status": "failed",
  "model_has_no_discrimination_power": true,
  "do_not_promote": true,
  "collapse_reasons": [
    "single_class_negative_prediction_collapse",
    "brier_near_random_0_25",
    "logloss_near_random_0_693"
  ],
  "source_model_eval_report": "report/model_eval_report.json",
  "sample_count": 460,
  "test_sample_count": 69,
  "metrics": {
    "accuracy": 0.4492753623188406,
    "balanced_accuracy": 0.4305555555555556,
    "precision": 0.0,
    "recall": 0.0,
    "f1": 0.0,
    "roc_auc": 0.37121212121212127,
    "brier": 0.2565108449711902,
    "logloss": 0.7062413911834369,
    "predicted_positive_rate": 0.07246376811594203,
    "predicted_negative_rate": 0.927536231884058,
    "probability_mean": 0.4659031988456526,
    "probability_std": 0.024018734887502446,
    "probability_min": 0.39643354200886105,
    "probability_max": 0.5330468555666198
  },
  "baseline_metrics": {
    "constant_0_5": {
      "accuracy": 0.4782608695652174,
      "balanced_accuracy": 0.5,
      "precision": 0.4782608695652174,
      "recall": 1.0,
      "f1": 0.6470588235294118,
      "roc_auc": 0.5,
      "brier": 0.25,
      "logloss": 0.6931471805599454,
      "predicted_positive_rate": 1.0,
      "predicted_negative_rate": 0.0,
      "probability_mean": 0.5,
      "probability_std": 0.0,
      "probability_min": 0.5,
      "probability_max": 0.5,
      "baseline_name": "constant_0_5",
      "constant_probability": 0.5
    },
    "base_rate_train_calibration": {
      "accuracy": 0.4782608695652174,
      "balanced_accuracy": 0.5,
      "precision": 0.4782608695652174,
      "recall": 1.0,
      "f1": 0.6470588235294118,
      "roc_auc": 0.5,
      "brier": 0.2529876178203963,
      "logloss": 0.6991359420252758,
      "predicted_positive_rate": 1.0,
      "predicted_negative_rate": 0.0,
      "probability_mean": 0.5370843989769819,
      "probability_std": 2.220446049250313e-16,
      "probability_min": 0.5370843989769821,
      "probability_max": 0.5370843989769821,
      "baseline_name": "base_rate_train_calibration",
      "constant_probability": 0.5370843989769821
    },
    "always_home": {
      "accuracy": 0.4782608695652174,
      "balanced_accuracy": 0.5,
      "precision": 0.4782608695652174,
      "recall": 1.0,
      "f1": 0.6470588235294118,
      "roc_auc": 0.5,
      "brier": 0.5217380869575218,
      "logloss": 7.208092943270945,
      "predicted_positive_rate": 1.0,
      "predicted_negative_rate": 0.0,
      "probability_mean": 0.9999990000000001,
      "probability_std": 1.1102230246251565e-16,
      "probability_min": 0.999999,
      "probability_max": 0.999999,
      "baseline_name": "always_home",
      "constant_probability": 0.999999
    },
    "always_away": {
      "accuracy": 0.5217391304347826,
      "balanced_accuracy": 0.5,
      "precision": 0.0,
      "recall": 0.0,
      "f1": 0.0,
      "roc_auc": 0.5,
      "brier": 0.47825991304447824,
      "logloss": 6.607418614678827,
      "predicted_positive_rate": 0.0,
      "predicted_negative_rate": 1.0,
      "probability_mean": 9.999999999999997e-07,
      "probability_std": 2.117582368135751e-22,
      "probability_min": 1e-06,
      "probability_max": 1e-06,
      "baseline_name": "always_away",
      "constant_probability": 1e-06
    }
  },
  "model_vs_baselines": {
    "constant_0_5": {
      "delta_brier": 0.0065108449711901994,
      "beats_brier": false,
      "delta_logloss": 0.013094210623491476,
      "beats_logloss": false,
      "delta_roc_auc": -0.12878787878787873,
      "beats_roc_auc": false
    },
    "base_rate_train_calibration": {
      "delta_brier": 0.003523227150793895,
      "beats_brier": false,
      "delta_logloss": 0.007105449158161026,
      "beats_logloss": false,
      "delta_roc_auc": -0.12878787878787873,
      "beats_roc_auc": false
    },
    "always_home": {
      "delta_brier": -0.2652272419863316,
      "beats_brier": true,
      "delta_logloss": -6.5018515520875075,
      "beats_logloss": true,
      "delta_roc_auc": -0.12878787878787873,
      "beats_roc_auc": false
    },
    "always_away": {
      "delta_brier": -0.22174906807328804,
      "beats_brier": true,
      "delta_logloss": -5.90117722349539,
      "beats_logloss": true,
      "delta_roc_auc": -0.12878787878787873,
      "beats_roc_auc": false
    }
  },
  "confusion_matrix": [
    [
      31,
      5
    ],
    [
      33,
      0
    ]
  ],
  "recommendations": [
    "Keep model in tracking-only mode until OOS discrimination and calibration beat simple baselines.",
    "Investigate feature quality and expand finalized samples before artifact promotion.",
    "Do not use hit rate alone; require Brier/logloss/AUC improvement over baselines."
  ],
  "live_betting_allowed": false,
  "automated_wagering_allowed": false,
  "production_model_replacement_allowed": false
}