{
  "generated_at": "2026-06-21T00:38:40.731077Z",
  "report_type": "prediction_collapse_report",
  "status": "failed",
  "model_has_no_discrimination_power": true,
  "do_not_promote": true,
  "collapse_reasons": [
    "balanced_accuracy_near_random",
    "single_class_positive_prediction_collapse",
    "brier_near_random_0_25",
    "logloss_near_random_0_693",
    "test_sample_count_too_small_for_stable_claims"
  ],
  "source_model_eval_report": "report/model_eval_report.json",
  "sample_count": 310,
  "test_sample_count": 47,
  "metrics": {
    "accuracy": 0.574468085106383,
    "balanced_accuracy": 0.48214285714285715,
    "precision": 0.5869565217391305,
    "recall": 0.9642857142857143,
    "f1": 0.7297297297297297,
    "roc_auc": 0.5695488721804511,
    "brier": 0.24078502087214307,
    "logloss": 0.6745835560117609,
    "predicted_positive_rate": 0.9787234042553191,
    "predicted_negative_rate": 0.021276595744680882,
    "probability_mean": 0.5635773712317113,
    "probability_std": 0.02265029078521291,
    "probability_min": 0.4972210196718505,
    "probability_max": 0.6025904172250439
  },
  "baseline_metrics": {
    "constant_0_5": {
      "accuracy": 0.5957446808510638,
      "balanced_accuracy": 0.5,
      "precision": 0.5957446808510638,
      "recall": 1.0,
      "f1": 0.7466666666666667,
      "roc_auc": 0.5,
      "brier": 0.25,
      "logloss": 0.6931471805599451,
      "predicted_positive_rate": 1.0,
      "predicted_negative_rate": 0.0,
      "probability_mean": 0.5,
      "probability_std": 0.0,
      "probability_min": 0.5,
      "probability_max": 0.5,
      "baseline_name": "constant_0_5",
      "constant_probability": 0.5
    },
    "base_rate_train_calibration": {
      "accuracy": 0.5957446808510638,
      "balanced_accuracy": 0.5,
      "precision": 0.5957446808510638,
      "recall": 1.0,
      "f1": 0.7466666666666667,
      "roc_auc": 0.5,
      "brier": 0.2424822582247674,
      "logloss": 0.6780627519864714,
      "predicted_positive_rate": 1.0,
      "predicted_negative_rate": 0.0,
      "probability_mean": 0.5551330798479088,
      "probability_std": 1.1102230246251565e-16,
      "probability_min": 0.5551330798479087,
      "probability_max": 0.5551330798479087,
      "baseline_name": "base_rate_train_calibration",
      "constant_probability": 0.5551330798479087
    },
    "always_home": {
      "accuracy": 0.5957446808510638,
      "balanced_accuracy": 0.5,
      "precision": 0.5957446808510638,
      "recall": 1.0,
      "f1": 0.7466666666666667,
      "roc_auc": 0.5,
      "brier": 0.4042545106392978,
      "logloss": 5.584994225548699,
      "predicted_positive_rate": 1.0,
      "predicted_negative_rate": 0.0,
      "probability_mean": 0.9999990000000004,
      "probability_std": 4.440892098500626e-16,
      "probability_min": 0.999999,
      "probability_max": 0.999999,
      "baseline_name": "always_home",
      "constant_probability": 0.999999
    },
    "always_away": {
      "accuracy": 0.40425531914893614,
      "balanced_accuracy": 0.5,
      "precision": 0.0,
      "recall": 0.0,
      "f1": 0.0,
      "roc_auc": 0.5,
      "brier": 0.5957434893627018,
      "logloss": 8.230517332404451,
      "predicted_positive_rate": 0.0,
      "predicted_negative_rate": 1.0,
      "probability_mean": 9.999999999999995e-07,
      "probability_std": 4.235164736271502e-22,
      "probability_min": 1e-06,
      "probability_max": 1e-06,
      "baseline_name": "always_away",
      "constant_probability": 1e-06
    }
  },
  "model_vs_baselines": {
    "constant_0_5": {
      "delta_brier": -0.009214979127856932,
      "beats_brier": true,
      "delta_logloss": -0.018563624548184166,
      "beats_logloss": true,
      "delta_roc_auc": 0.06954887218045114,
      "beats_roc_auc": true
    },
    "base_rate_train_calibration": {
      "delta_brier": -0.0016972373526243367,
      "beats_brier": true,
      "delta_logloss": -0.0034791959747104695,
      "beats_logloss": true,
      "delta_roc_auc": 0.06954887218045114,
      "beats_roc_auc": true
    },
    "always_home": {
      "delta_brier": -0.16346948976715472,
      "beats_brier": true,
      "delta_logloss": -4.910410669536938,
      "beats_logloss": true,
      "delta_roc_auc": 0.06954887218045114,
      "beats_roc_auc": true
    },
    "always_away": {
      "delta_brier": -0.3549584684905588,
      "beats_brier": true,
      "delta_logloss": -7.55593377639269,
      "beats_logloss": true,
      "delta_roc_auc": 0.06954887218045114,
      "beats_roc_auc": true
    }
  },
  "confusion_matrix": [
    [
      0,
      19
    ],
    [
      1,
      27
    ]
  ],
  "recommendations": [
    "Keep model in tracking-only mode until OOS discrimination and calibration beat simple baselines.",
    "Investigate feature quality and expand finalized samples before artifact promotion.",
    "Do not use hit rate alone; require Brier/logloss/AUC improvement over baselines."
  ],
  "live_betting_allowed": false,
  "automated_wagering_allowed": false,
  "production_model_replacement_allowed": false
}