{
  "generated_at": "2026-06-24T17:35:28.953972Z",
  "report_type": "prediction_collapse_report",
  "status": "failed",
  "model_has_no_discrimination_power": true,
  "do_not_promote": true,
  "collapse_reasons": [
    "roc_auc_near_random",
    "balanced_accuracy_near_random",
    "single_class_positive_prediction_collapse",
    "probability_distribution_too_narrow"
  ],
  "source_model_eval_report": "report/model_eval_report.json",
  "sample_count": 358,
  "test_sample_count": 54,
  "metrics": {
    "accuracy": 0.4444444444444444,
    "balanced_accuracy": 0.5,
    "precision": 0.4444444444444444,
    "recall": 1.0,
    "f1": 0.6153846153846154,
    "roc_auc": 0.5013888888888889,
    "brier": 0.26852774849859196,
    "logloss": 0.7307522478967038,
    "predicted_positive_rate": 1.0,
    "predicted_negative_rate": 0.0,
    "probability_mean": 0.5910283490031812,
    "probability_std": 0.010534741224175892,
    "probability_min": 0.5735492577252572,
    "probability_max": 0.6265254343929303
  },
  "baseline_metrics": {
    "constant_0_5": {
      "accuracy": 0.4444444444444444,
      "balanced_accuracy": 0.5,
      "precision": 0.4444444444444444,
      "recall": 1.0,
      "f1": 0.6153846153846154,
      "roc_auc": 0.5,
      "brier": 0.25,
      "logloss": 0.6931471805599455,
      "predicted_positive_rate": 1.0,
      "predicted_negative_rate": 0.0,
      "probability_mean": 0.5,
      "probability_std": 0.0,
      "probability_min": 0.5,
      "probability_max": 0.5,
      "baseline_name": "constant_0_5",
      "constant_probability": 0.5
    },
    "base_rate_train_calibration": {
      "accuracy": 0.4444444444444444,
      "balanced_accuracy": 0.5,
      "precision": 0.4444444444444444,
      "recall": 1.0,
      "f1": 0.6153846153846154,
      "roc_auc": 0.5,
      "brier": 0.2608506944444444,
      "logloss": 0.7149832717262873,
      "predicted_positive_rate": 1.0,
      "predicted_negative_rate": 0.0,
      "probability_mean": 0.5625,
      "probability_std": 0.0,
      "probability_min": 0.5625,
      "probability_max": 0.5625,
      "baseline_name": "base_rate_train_calibration",
      "constant_probability": 0.5625
    },
    "always_home": {
      "accuracy": 0.4444444444444444,
      "balanced_accuracy": 0.5,
      "precision": 0.4444444444444444,
      "recall": 1.0,
      "f1": 0.6153846153846154,
      "roc_auc": 0.5,
      "brier": 0.5555544444454443,
      "logloss": 7.675284087742177,
      "predicted_positive_rate": 1.0,
      "predicted_negative_rate": 0.0,
      "probability_mean": 0.9999990000000003,
      "probability_std": 3.3306690738754696e-16,
      "probability_min": 0.999999,
      "probability_max": 0.999999,
      "baseline_name": "always_home",
      "constant_probability": 0.999999
    },
    "always_away": {
      "accuracy": 0.5555555555555556,
      "balanced_accuracy": 0.5,
      "precision": 0.0,
      "recall": 0.0,
      "f1": 0.0,
      "roc_auc": 0.5,
      "brier": 0.4444435555565554,
      "logloss": 6.140227470206622,
      "predicted_positive_rate": 0.0,
      "predicted_negative_rate": 1.0,
      "probability_mean": 9.999999999999995e-07,
      "probability_std": 4.235164736271502e-22,
      "probability_min": 1e-06,
      "probability_max": 1e-06,
      "baseline_name": "always_away",
      "constant_probability": 1e-06
    }
  },
  "model_vs_baselines": {
    "constant_0_5": {
      "delta_brier": 0.018527748498591956,
      "beats_brier": false,
      "delta_logloss": 0.03760506733675828,
      "beats_logloss": false,
      "delta_roc_auc": 0.001388888888888884,
      "beats_roc_auc": true
    },
    "base_rate_train_calibration": {
      "delta_brier": 0.007677054054147536,
      "beats_brier": false,
      "delta_logloss": 0.015768976170416504,
      "beats_logloss": false,
      "delta_roc_auc": 0.001388888888888884,
      "beats_roc_auc": true
    },
    "always_home": {
      "delta_brier": -0.2870266959468524,
      "beats_brier": true,
      "delta_logloss": -6.944531839845473,
      "beats_logloss": true,
      "delta_roc_auc": 0.001388888888888884,
      "beats_roc_auc": true
    },
    "always_away": {
      "delta_brier": -0.17591580705796345,
      "beats_brier": true,
      "delta_logloss": -5.4094752223099185,
      "beats_logloss": true,
      "delta_roc_auc": 0.001388888888888884,
      "beats_roc_auc": true
    }
  },
  "confusion_matrix": [
    [
      0,
      30
    ],
    [
      0,
      24
    ]
  ],
  "recommendations": [
    "Keep model in tracking-only mode until OOS discrimination and calibration beat simple baselines.",
    "Investigate feature quality and expand finalized samples before artifact promotion.",
    "Do not use hit rate alone; require Brier/logloss/AUC improvement over baselines."
  ],
  "live_betting_allowed": false,
  "automated_wagering_allowed": false,
  "production_model_replacement_allowed": false
}