{
  "generated_at": "2026-07-01T23:44:20.186066Z",
  "report_type": "prediction_collapse_report",
  "status": "failed",
  "model_has_no_discrimination_power": true,
  "do_not_promote": true,
  "collapse_reasons": [
    "single_class_negative_prediction_collapse",
    "brier_near_random_0_25",
    "logloss_near_random_0_693"
  ],
  "source_model_eval_report": "report/model_eval_report.json",
  "sample_count": 461,
  "test_sample_count": 70,
  "metrics": {
    "accuracy": 0.44285714285714284,
    "balanced_accuracy": 0.4305555555555556,
    "precision": 0.0,
    "recall": 0.0,
    "f1": 0.0,
    "roc_auc": 0.38153594771241833,
    "brier": 0.2566371680415814,
    "logloss": 0.7064931361838039,
    "predicted_positive_rate": 0.07142857142857142,
    "predicted_negative_rate": 0.9285714285714286,
    "probability_mean": 0.46617422881571224,
    "probability_std": 0.023952593852349158,
    "probability_min": 0.39643354200886105,
    "probability_max": 0.5330468555666198
  },
  "baseline_metrics": {
    "constant_0_5": {
      "accuracy": 0.4857142857142857,
      "balanced_accuracy": 0.5,
      "precision": 0.4857142857142857,
      "recall": 1.0,
      "f1": 0.6538461538461539,
      "roc_auc": 0.5,
      "brier": 0.25,
      "logloss": 0.6931471805599454,
      "predicted_positive_rate": 1.0,
      "predicted_negative_rate": 0.0,
      "probability_mean": 0.5,
      "probability_std": 0.0,
      "probability_min": 0.5,
      "probability_max": 0.5,
      "baseline_name": "constant_0_5",
      "constant_probability": 0.5
    },
    "base_rate_train_calibration": {
      "accuracy": 0.4857142857142857,
      "balanced_accuracy": 0.5,
      "precision": 0.4857142857142857,
      "recall": 1.0,
      "f1": 0.6538461538461539,
      "roc_auc": 0.5,
      "brier": 0.25243480690396924,
      "logloss": 0.6980282861287419,
      "predicted_positive_rate": 1.0,
      "predicted_negative_rate": 0.0,
      "probability_mean": 0.5370843989769819,
      "probability_std": 2.220446049250313e-16,
      "probability_min": 0.5370843989769821,
      "probability_max": 0.5370843989769821,
      "baseline_name": "base_rate_train_calibration",
      "constant_probability": 0.5370843989769821
    },
    "always_home": {
      "accuracy": 0.4857142857142857,
      "balanced_accuracy": 0.5,
      "precision": 0.4857142857142857,
      "recall": 1.0,
      "f1": 0.6538461538461539,
      "roc_auc": 0.5,
      "brier": 0.5142846857152858,
      "logloss": 7.105120201224223,
      "predicted_positive_rate": 1.0,
      "predicted_negative_rate": 0.0,
      "probability_mean": 0.9999990000000001,
      "probability_std": 1.1102230246251565e-16,
      "probability_min": 0.999999,
      "probability_max": 0.999999,
      "baseline_name": "always_home",
      "constant_probability": 0.999999
    },
    "always_away": {
      "accuracy": 0.5142857142857142,
      "balanced_accuracy": 0.5,
      "precision": 0.0,
      "recall": 0.0,
      "f1": 0.0,
      "roc_auc": 0.5,
      "brier": 0.4857133142867142,
      "logloss": 6.710391356725762,
      "predicted_positive_rate": 0.0,
      "predicted_negative_rate": 1.0,
      "probability_mean": 9.999999999999997e-07,
      "probability_std": 2.117582368135751e-22,
      "probability_min": 1e-06,
      "probability_max": 1e-06,
      "baseline_name": "always_away",
      "constant_probability": 1e-06
    }
  },
  "model_vs_baselines": {
    "constant_0_5": {
      "delta_brier": 0.006637168041581376,
      "beats_brier": false,
      "delta_logloss": 0.01334595562385854,
      "beats_logloss": false,
      "delta_roc_auc": -0.11846405228758167,
      "beats_roc_auc": false
    },
    "base_rate_train_calibration": {
      "delta_brier": 0.004202361137612132,
      "beats_brier": false,
      "delta_logloss": 0.008464850055062034,
      "beats_logloss": false,
      "delta_roc_auc": -0.11846405228758167,
      "beats_roc_auc": false
    },
    "always_home": {
      "delta_brier": -0.2576475176737045,
      "beats_brier": true,
      "delta_logloss": -6.39862706504042,
      "beats_logloss": true,
      "delta_roc_auc": -0.11846405228758167,
      "beats_roc_auc": false
    },
    "always_away": {
      "delta_brier": -0.22907614624513284,
      "beats_brier": true,
      "delta_logloss": -6.003898220541958,
      "beats_logloss": true,
      "delta_roc_auc": -0.11846405228758167,
      "beats_roc_auc": false
    }
  },
  "confusion_matrix": [
    [
      31,
      5
    ],
    [
      34,
      0
    ]
  ],
  "recommendations": [
    "Keep model in tracking-only mode until OOS discrimination and calibration beat simple baselines.",
    "Investigate feature quality and expand finalized samples before artifact promotion.",
    "Do not use hit rate alone; require Brier/logloss/AUC improvement over baselines."
  ],
  "live_betting_allowed": false,
  "automated_wagering_allowed": false,
  "production_model_replacement_allowed": false
}