{
  "generated_at": "2026-06-29T22:01:12.615211Z",
  "report_type": "prediction_collapse_report",
  "status": "failed",
  "model_has_no_discrimination_power": true,
  "do_not_promote": true,
  "collapse_reasons": [
    "roc_auc_near_random",
    "balanced_accuracy_near_random",
    "single_class_negative_prediction_collapse",
    "brier_near_random_0_25",
    "logloss_near_random_0_693"
  ],
  "source_model_eval_report": "report/model_eval_report.json",
  "sample_count": 427,
  "test_sample_count": 65,
  "metrics": {
    "accuracy": 0.5230769230769231,
    "balanced_accuracy": 0.5160984848484849,
    "precision": 0.6666666666666666,
    "recall": 0.0625,
    "f1": 0.11428571428571428,
    "roc_auc": 0.5160984848484849,
    "brier": 0.25150855476590556,
    "logloss": 0.6962150706115027,
    "predicted_positive_rate": 0.046153846153846156,
    "predicted_negative_rate": 0.9538461538461538,
    "probability_mean": 0.4489235949968527,
    "probability_std": 0.029460227153248277,
    "probability_min": 0.3898824957222066,
    "probability_max": 0.5544578928174164
  },
  "baseline_metrics": {
    "constant_0_5": {
      "accuracy": 0.49230769230769234,
      "balanced_accuracy": 0.5,
      "precision": 0.49230769230769234,
      "recall": 1.0,
      "f1": 0.6597938144329897,
      "roc_auc": 0.5,
      "brier": 0.25,
      "logloss": 0.6931471805599453,
      "predicted_positive_rate": 1.0,
      "predicted_negative_rate": 0.0,
      "probability_mean": 0.5,
      "probability_std": 0.0,
      "probability_min": 0.5,
      "probability_max": 0.5,
      "baseline_name": "constant_0_5",
      "constant_probability": 0.5
    },
    "base_rate_train_calibration": {
      "accuracy": 0.49230769230769234,
      "balanced_accuracy": 0.5,
      "precision": 0.49230769230769234,
      "recall": 1.0,
      "f1": 0.6597938144329897,
      "roc_auc": 0.5,
      "brier": 0.2523544646190475,
      "logloss": 0.6978708870389636,
      "predicted_positive_rate": 1.0,
      "predicted_negative_rate": 0.0,
      "probability_mean": 0.5414364640883979,
      "probability_std": 1.1102230246251565e-16,
      "probability_min": 0.5414364640883977,
      "probability_max": 0.5414364640883977,
      "baseline_name": "base_rate_train_calibration",
      "constant_probability": 0.5414364640883977
    },
    "always_home": {
      "accuracy": 0.49230769230769234,
      "balanced_accuracy": 0.5,
      "precision": 0.49230769230769234,
      "recall": 1.0,
      "f1": 0.6597938144329897,
      "roc_auc": 0.5,
      "brier": 0.5076912923086923,
      "logloss": 7.014028929413663,
      "predicted_positive_rate": 1.0,
      "predicted_negative_rate": 0.0,
      "probability_mean": 0.9999989999999999,
      "probability_std": 1.1102230246251565e-16,
      "probability_min": 0.999999,
      "probability_max": 0.999999,
      "baseline_name": "always_home",
      "constant_probability": 0.999999
    },
    "always_away": {
      "accuracy": 0.5076923076923077,
      "balanced_accuracy": 0.5,
      "precision": 0.0,
      "recall": 0.0,
      "f1": 0.0,
      "roc_auc": 0.5,
      "brier": 0.49230670769330764,
      "logloss": 6.801482628536511,
      "predicted_positive_rate": 0.0,
      "predicted_negative_rate": 1.0,
      "probability_mean": 1e-06,
      "probability_std": 0.0,
      "probability_min": 1e-06,
      "probability_max": 1e-06,
      "baseline_name": "always_away",
      "constant_probability": 1e-06
    }
  },
  "model_vs_baselines": {
    "constant_0_5": {
      "delta_brier": 0.0015085547659055565,
      "beats_brier": false,
      "delta_logloss": 0.003067890051557387,
      "beats_logloss": false,
      "delta_roc_auc": 0.016098484848484862,
      "beats_roc_auc": true
    },
    "base_rate_train_calibration": {
      "delta_brier": -0.000845909853141924,
      "beats_brier": true,
      "delta_logloss": -0.0016558164274609322,
      "beats_logloss": true,
      "delta_roc_auc": 0.016098484848484862,
      "beats_roc_auc": true
    },
    "always_home": {
      "delta_brier": -0.2561827375427867,
      "beats_brier": true,
      "delta_logloss": -6.31781385880216,
      "beats_logloss": true,
      "delta_roc_auc": 0.016098484848484862,
      "beats_roc_auc": true
    },
    "always_away": {
      "delta_brier": -0.2407981529274021,
      "beats_brier": true,
      "delta_logloss": -6.105267557925008,
      "beats_logloss": true,
      "delta_roc_auc": 0.016098484848484862,
      "beats_roc_auc": true
    }
  },
  "confusion_matrix": [
    [
      32,
      1
    ],
    [
      30,
      2
    ]
  ],
  "recommendations": [
    "Keep model in tracking-only mode until OOS discrimination and calibration beat simple baselines.",
    "Investigate feature quality and expand finalized samples before artifact promotion.",
    "Do not use hit rate alone; require Brier/logloss/AUC improvement over baselines."
  ],
  "live_betting_allowed": false,
  "automated_wagering_allowed": false,
  "production_model_replacement_allowed": false
}