{
  "generated_at": "2026-06-24T04:38:48.825122Z",
  "report_type": "prediction_collapse_report",
  "status": "failed",
  "model_has_no_discrimination_power": true,
  "do_not_promote": true,
  "collapse_reasons": [
    "roc_auc_near_random",
    "balanced_accuracy_near_random",
    "single_class_positive_prediction_collapse",
    "probability_distribution_too_narrow"
  ],
  "source_model_eval_report": "report/model_eval_report.json",
  "sample_count": 356,
  "test_sample_count": 54,
  "metrics": {
    "accuracy": 0.42592592592592593,
    "balanced_accuracy": 0.5,
    "precision": 0.42592592592592593,
    "recall": 1.0,
    "f1": 0.5974025974025974,
    "roc_auc": 0.5189340813464235,
    "brier": 0.2758021232792401,
    "logloss": 0.7456560723525667,
    "predicted_positive_rate": 1.0,
    "predicted_negative_rate": 0.0,
    "probability_mean": 0.6030635634760235,
    "probability_std": 0.0036151937866748564,
    "probability_min": 0.5968936858071496,
    "probability_max": 0.615099792267522
  },
  "baseline_metrics": {
    "constant_0_5": {
      "accuracy": 0.42592592592592593,
      "balanced_accuracy": 0.5,
      "precision": 0.42592592592592593,
      "recall": 1.0,
      "f1": 0.5974025974025974,
      "roc_auc": 0.5,
      "brier": 0.25,
      "logloss": 0.6931471805599455,
      "predicted_positive_rate": 1.0,
      "predicted_negative_rate": 0.0,
      "probability_mean": 0.5,
      "probability_std": 0.0,
      "probability_min": 0.5,
      "probability_max": 0.5,
      "baseline_name": "constant_0_5",
      "constant_probability": 0.5
    },
    "base_rate_train_calibration": {
      "accuracy": 0.42592592592592593,
      "balanced_accuracy": 0.5,
      "precision": 0.42592592592592593,
      "recall": 1.0,
      "f1": 0.5974025974025974,
      "roc_auc": 0.5,
      "brier": 0.2632787385868392,
      "logloss": 0.7198673201094344,
      "predicted_positive_rate": 1.0,
      "predicted_negative_rate": 0.0,
      "probability_mean": 0.562913907284768,
      "probability_std": 2.220446049250313e-16,
      "probability_min": 0.5629139072847682,
      "probability_max": 0.5629139072847682,
      "baseline_name": "base_rate_train_calibration",
      "constant_probability": 0.5629139072847682
    },
    "always_home": {
      "accuracy": 0.42592592592592593,
      "balanced_accuracy": 0.5,
      "precision": 0.42592592592592593,
      "recall": 1.0,
      "f1": 0.5974025974025974,
      "roc_auc": 0.5,
      "brier": 0.5740729259269258,
      "logloss": 7.931126857333565,
      "predicted_positive_rate": 1.0,
      "predicted_negative_rate": 0.0,
      "probability_mean": 0.9999990000000003,
      "probability_std": 3.3306690738754696e-16,
      "probability_min": 0.999999,
      "probability_max": 0.999999,
      "baseline_name": "always_home",
      "constant_probability": 0.999999
    },
    "always_away": {
      "accuracy": 0.5740740740740741,
      "balanced_accuracy": 0.5,
      "precision": 0.0,
      "recall": 0.0,
      "f1": 0.0,
      "roc_auc": 0.5,
      "brier": 0.4259250740750739,
      "logloss": 5.884384700614701,
      "predicted_positive_rate": 0.0,
      "predicted_negative_rate": 1.0,
      "probability_mean": 9.999999999999995e-07,
      "probability_std": 4.235164736271502e-22,
      "probability_min": 1e-06,
      "probability_max": 1e-06,
      "baseline_name": "always_away",
      "constant_probability": 1e-06
    }
  },
  "model_vs_baselines": {
    "constant_0_5": {
      "delta_brier": 0.025802123279240086,
      "beats_brier": false,
      "delta_logloss": 0.05250889179262119,
      "beats_logloss": false,
      "delta_roc_auc": 0.018934081346423492,
      "beats_roc_auc": true
    },
    "base_rate_train_calibration": {
      "delta_brier": 0.012523384692400885,
      "beats_brier": false,
      "delta_logloss": 0.025788752243132262,
      "beats_logloss": false,
      "delta_roc_auc": 0.018934081346423492,
      "beats_roc_auc": true
    },
    "always_home": {
      "delta_brier": -0.29827080264768574,
      "beats_brier": true,
      "delta_logloss": -7.185470784980998,
      "beats_logloss": true,
      "delta_roc_auc": 0.018934081346423492,
      "beats_roc_auc": true
    },
    "always_away": {
      "delta_brier": -0.15012295079583382,
      "beats_brier": true,
      "delta_logloss": -5.138728628262134,
      "beats_logloss": true,
      "delta_roc_auc": 0.018934081346423492,
      "beats_roc_auc": true
    }
  },
  "confusion_matrix": [
    [
      0,
      31
    ],
    [
      0,
      23
    ]
  ],
  "recommendations": [
    "Keep model in tracking-only mode until OOS discrimination and calibration beat simple baselines.",
    "Investigate feature quality and expand finalized samples before artifact promotion.",
    "Do not use hit rate alone; require Brier/logloss/AUC improvement over baselines."
  ],
  "live_betting_allowed": false,
  "automated_wagering_allowed": false,
  "production_model_replacement_allowed": false
}