{
  "generated_at": "2026-06-26T00:41:57.958155Z",
  "report_type": "prediction_collapse_report",
  "status": "failed",
  "model_has_no_discrimination_power": true,
  "do_not_promote": true,
  "collapse_reasons": [
    "roc_auc_near_random",
    "balanced_accuracy_near_random",
    "single_class_positive_prediction_collapse",
    "probability_distribution_too_narrow",
    "brier_near_random_0_25",
    "logloss_near_random_0_693"
  ],
  "source_model_eval_report": "report/model_eval_report.json",
  "sample_count": 377,
  "test_sample_count": 57,
  "metrics": {
    "accuracy": 0.47368421052631576,
    "balanced_accuracy": 0.5,
    "precision": 0.47368421052631576,
    "recall": 1.0,
    "f1": 0.6428571428571429,
    "roc_auc": 0.5061728395061729,
    "brier": 0.2541336016901127,
    "logloss": 0.7014433134330319,
    "predicted_positive_rate": 1.0,
    "predicted_negative_rate": 0.0,
    "probability_mean": 0.5445799788911817,
    "probability_std": 0.010475407687670465,
    "probability_min": 0.5259851776557245,
    "probability_max": 0.5793033799014687
  },
  "baseline_metrics": {
    "constant_0_5": {
      "accuracy": 0.47368421052631576,
      "balanced_accuracy": 0.5,
      "precision": 0.47368421052631576,
      "recall": 1.0,
      "f1": 0.6428571428571429,
      "roc_auc": 0.5,
      "brier": 0.25,
      "logloss": 0.6931471805599453,
      "predicted_positive_rate": 1.0,
      "predicted_negative_rate": 0.0,
      "probability_mean": 0.5,
      "probability_std": 0.0,
      "probability_min": 0.5,
      "probability_max": 0.5,
      "baseline_name": "constant_0_5",
      "constant_probability": 0.5
    },
    "base_rate_train_calibration": {
      "accuracy": 0.47368421052631576,
      "balanced_accuracy": 0.5,
      "precision": 0.47368421052631576,
      "recall": 1.0,
      "f1": 0.6428571428571429,
      "roc_auc": 0.5,
      "brier": 0.25561831825657894,
      "logloss": 0.7044371065430599,
      "predicted_positive_rate": 1.0,
      "predicted_negative_rate": 0.0,
      "probability_mean": 0.5531250000000001,
      "probability_std": 1.1102230246251565e-16,
      "probability_min": 0.553125,
      "probability_max": 0.553125,
      "baseline_name": "base_rate_train_calibration",
      "constant_probability": 0.553125
    },
    "always_home": {
      "accuracy": 0.47368421052631576,
      "balanced_accuracy": 0.5,
      "precision": 0.47368421052631576,
      "recall": 1.0,
      "f1": 0.6428571428571429,
      "roc_auc": 0.5,
      "brier": 0.5263147368431053,
      "logloss": 7.271321819966299,
      "predicted_positive_rate": 1.0,
      "predicted_negative_rate": 0.0,
      "probability_mean": 0.9999990000000001,
      "probability_std": 1.1102230246251565e-16,
      "probability_min": 0.999999,
      "probability_max": 0.999999,
      "baseline_name": "always_home",
      "constant_probability": 0.999999
    },
    "always_away": {
      "accuracy": 0.5263157894736842,
      "balanced_accuracy": 0.5,
      "precision": 0.0,
      "recall": 0.0,
      "f1": 0.0,
      "roc_auc": 0.5,
      "brier": 0.4736832631588947,
      "logloss": 6.544189737983341,
      "predicted_positive_rate": 0.0,
      "predicted_negative_rate": 1.0,
      "probability_mean": 9.999999999999997e-07,
      "probability_std": 2.117582368135751e-22,
      "probability_min": 1e-06,
      "probability_max": 1e-06,
      "baseline_name": "always_away",
      "constant_probability": 1e-06
    }
  },
  "model_vs_baselines": {
    "constant_0_5": {
      "delta_brier": 0.004133601690112676,
      "beats_brier": false,
      "delta_logloss": 0.008296132873086615,
      "beats_logloss": false,
      "delta_roc_auc": 0.006172839506172867,
      "beats_roc_auc": true
    },
    "base_rate_train_calibration": {
      "delta_brier": -0.0014847165664662598,
      "beats_brier": true,
      "delta_logloss": -0.002993793110028009,
      "beats_logloss": true,
      "delta_roc_auc": 0.006172839506172867,
      "beats_roc_auc": true
    },
    "always_home": {
      "delta_brier": -0.2721811351529926,
      "beats_brier": true,
      "delta_logloss": -6.569878506533267,
      "beats_logloss": true,
      "delta_roc_auc": 0.006172839506172867,
      "beats_roc_auc": true
    },
    "always_away": {
      "delta_brier": -0.21954966146878202,
      "beats_brier": true,
      "delta_logloss": -5.84274642455031,
      "beats_logloss": true,
      "delta_roc_auc": 0.006172839506172867,
      "beats_roc_auc": true
    }
  },
  "confusion_matrix": [
    [
      0,
      30
    ],
    [
      0,
      27
    ]
  ],
  "recommendations": [
    "Keep model in tracking-only mode until OOS discrimination and calibration beat simple baselines.",
    "Investigate feature quality and expand finalized samples before artifact promotion.",
    "Do not use hit rate alone; require Brier/logloss/AUC improvement over baselines."
  ],
  "live_betting_allowed": false,
  "automated_wagering_allowed": false,
  "production_model_replacement_allowed": false
}