{
  "generated_at": "2026-07-01T10:26:05.206826Z",
  "report_type": "prediction_collapse_report",
  "status": "failed",
  "model_has_no_discrimination_power": true,
  "do_not_promote": true,
  "collapse_reasons": [
    "single_class_negative_prediction_collapse",
    "brier_near_random_0_25",
    "logloss_near_random_0_693"
  ],
  "source_model_eval_report": "report/model_eval_report.json",
  "sample_count": 455,
  "test_sample_count": 69,
  "metrics": {
    "accuracy": 0.43478260869565216,
    "balanced_accuracy": 0.4075168918918919,
    "precision": 0.1111111111111111,
    "recall": 0.03125,
    "f1": 0.04878048780487805,
    "roc_auc": 0.38344594594594594,
    "brier": 0.25692445464594965,
    "logloss": 0.707093968167703,
    "predicted_positive_rate": 0.13043478260869565,
    "predicted_negative_rate": 0.8695652173913043,
    "probability_mean": 0.47023815079585557,
    "probability_std": 0.02836715325880962,
    "probability_min": 0.3862184531652984,
    "probability_max": 0.5554817756364067
  },
  "baseline_metrics": {
    "constant_0_5": {
      "accuracy": 0.463768115942029,
      "balanced_accuracy": 0.5,
      "precision": 0.463768115942029,
      "recall": 1.0,
      "f1": 0.6336633663366337,
      "roc_auc": 0.5,
      "brier": 0.25,
      "logloss": 0.6931471805599454,
      "predicted_positive_rate": 1.0,
      "predicted_negative_rate": 0.0,
      "probability_mean": 0.5,
      "probability_std": 0.0,
      "probability_min": 0.5,
      "probability_max": 0.5,
      "baseline_name": "constant_0_5",
      "constant_probability": 0.5
    },
    "base_rate_train_calibration": {
      "accuracy": 0.463768115942029,
      "balanced_accuracy": 0.5,
      "precision": 0.463768115942029,
      "recall": 1.0,
      "f1": 0.6336633663366337,
      "roc_auc": 0.5,
      "brier": 0.25432605719208107,
      "logloss": 0.7018198345191884,
      "predicted_positive_rate": 1.0,
      "predicted_negative_rate": 0.0,
      "probability_mean": 0.5388601036269431,
      "probability_std": 1.1102230246251565e-16,
      "probability_min": 0.538860103626943,
      "probability_max": 0.538860103626943,
      "baseline_name": "base_rate_train_calibration",
      "constant_probability": 0.538860103626943
    },
    "always_home": {
      "accuracy": 0.463768115942029,
      "balanced_accuracy": 0.5,
      "precision": 0.463768115942029,
      "recall": 1.0,
      "f1": 0.6336633663366337,
      "roc_auc": 0.5,
      "brier": 0.5362308115952029,
      "logloss": 7.4083177194729,
      "predicted_positive_rate": 1.0,
      "predicted_negative_rate": 0.0,
      "probability_mean": 0.9999990000000001,
      "probability_std": 1.1102230246251565e-16,
      "probability_min": 0.999999,
      "probability_max": 0.999999,
      "baseline_name": "always_home",
      "constant_probability": 0.999999
    },
    "always_away": {
      "accuracy": 0.5362318840579711,
      "balanced_accuracy": 0.5,
      "precision": 0.0,
      "recall": 0.0,
      "f1": 0.0,
      "roc_auc": 0.5,
      "brier": 0.46376718840679704,
      "logloss": 6.407193838476453,
      "predicted_positive_rate": 0.0,
      "predicted_negative_rate": 1.0,
      "probability_mean": 9.999999999999997e-07,
      "probability_std": 2.117582368135751e-22,
      "probability_min": 1e-06,
      "probability_max": 1e-06,
      "baseline_name": "always_away",
      "constant_probability": 1e-06
    }
  },
  "model_vs_baselines": {
    "constant_0_5": {
      "delta_brier": 0.006924454645949651,
      "beats_brier": false,
      "delta_logloss": 0.013946787607757583,
      "beats_logloss": false,
      "delta_roc_auc": -0.11655405405405406,
      "beats_roc_auc": false
    },
    "base_rate_train_calibration": {
      "delta_brier": 0.002598397453868584,
      "beats_brier": false,
      "delta_logloss": 0.0052741336485145895,
      "beats_logloss": false,
      "delta_roc_auc": -0.11655405405405406,
      "beats_roc_auc": false
    },
    "always_home": {
      "delta_brier": -0.27930635694925326,
      "beats_brier": true,
      "delta_logloss": -6.701223751305197,
      "beats_logloss": true,
      "delta_roc_auc": -0.11655405405405406,
      "beats_roc_auc": false
    },
    "always_away": {
      "delta_brier": -0.20684273376084739,
      "beats_brier": true,
      "delta_logloss": -5.70009987030875,
      "beats_logloss": true,
      "delta_roc_auc": -0.11655405405405406,
      "beats_roc_auc": false
    }
  },
  "confusion_matrix": [
    [
      29,
      8
    ],
    [
      31,
      1
    ]
  ],
  "recommendations": [
    "Keep model in tracking-only mode until OOS discrimination and calibration beat simple baselines.",
    "Investigate feature quality and expand finalized samples before artifact promotion.",
    "Do not use hit rate alone; require Brier/logloss/AUC improvement over baselines."
  ],
  "live_betting_allowed": false,
  "automated_wagering_allowed": false,
  "production_model_replacement_allowed": false
}