{
  "generated_at": "2026-06-28T00:33:24.166735Z",
  "report_type": "prediction_collapse_report",
  "status": "failed",
  "model_has_no_discrimination_power": true,
  "do_not_promote": true,
  "collapse_reasons": [
    "single_class_positive_prediction_collapse",
    "brier_near_random_0_25"
  ],
  "source_model_eval_report": "report/model_eval_report.json",
  "sample_count": 403,
  "test_sample_count": 61,
  "metrics": {
    "accuracy": 0.4262295081967213,
    "balanced_accuracy": 0.47766884531590414,
    "precision": 0.43103448275862066,
    "recall": 0.9259259259259259,
    "f1": 0.5882352941176471,
    "roc_auc": 0.4618736383442266,
    "brier": 0.26166127532488875,
    "logloss": 0.7166223172915234,
    "predicted_positive_rate": 0.9508196721311475,
    "predicted_negative_rate": 0.049180327868852514,
    "probability_mean": 0.5501934238402146,
    "probability_std": 0.02449012180818095,
    "probability_min": 0.46098386959554405,
    "probability_max": 0.5899152659887679
  },
  "baseline_metrics": {
    "constant_0_5": {
      "accuracy": 0.4426229508196721,
      "balanced_accuracy": 0.5,
      "precision": 0.4426229508196721,
      "recall": 1.0,
      "f1": 0.6136363636363636,
      "roc_auc": 0.5,
      "brier": 0.25,
      "logloss": 0.6931471805599454,
      "predicted_positive_rate": 1.0,
      "predicted_negative_rate": 0.0,
      "probability_mean": 0.5,
      "probability_std": 0.0,
      "probability_min": 0.5,
      "probability_max": 0.5,
      "baseline_name": "constant_0_5",
      "constant_probability": 0.5
    },
    "base_rate_train_calibration": {
      "accuracy": 0.4426229508196721,
      "balanced_accuracy": 0.5,
      "precision": 0.4426229508196721,
      "recall": 1.0,
      "f1": 0.6136363636363636,
      "roc_auc": 0.5,
      "brier": 0.25880977248989606,
      "logloss": 0.71084256109616,
      "predicted_positive_rate": 1.0,
      "predicted_negative_rate": 0.0,
      "probability_mean": 0.5526315789473686,
      "probability_std": 1.1102230246251565e-16,
      "probability_min": 0.5526315789473685,
      "probability_max": 0.5526315789473685,
      "baseline_name": "base_rate_train_calibration",
      "constant_probability": 0.5526315789473685
    },
    "always_home": {
      "accuracy": 0.4426229508196721,
      "balanced_accuracy": 0.5,
      "precision": 0.4426229508196721,
      "recall": 1.0,
      "f1": 0.6136363636363636,
      "roc_auc": 0.5,
      "brier": 0.5573759344272294,
      "logloss": 7.700448950324937,
      "predicted_positive_rate": 1.0,
      "predicted_negative_rate": 0.0,
      "probability_mean": 0.9999990000000002,
      "probability_std": 2.220446049250313e-16,
      "probability_min": 0.999999,
      "probability_max": 0.999999,
      "baseline_name": "always_home",
      "constant_probability": 0.999999
    },
    "always_away": {
      "accuracy": 0.5573770491803278,
      "balanced_accuracy": 0.5,
      "precision": 0.0,
      "recall": 0.0,
      "f1": 0.0,
      "roc_auc": 0.5,
      "brier": 0.44262206557477035,
      "logloss": 6.11506260762381,
      "predicted_positive_rate": 0.0,
      "predicted_negative_rate": 1.0,
      "probability_mean": 9.999999999999997e-07,
      "probability_std": 2.117582368135751e-22,
      "probability_min": 1e-06,
      "probability_max": 1e-06,
      "baseline_name": "always_away",
      "constant_probability": 1e-06
    }
  },
  "model_vs_baselines": {
    "constant_0_5": {
      "delta_brier": 0.011661275324888754,
      "beats_brier": false,
      "delta_logloss": 0.023475136731577972,
      "beats_logloss": false,
      "delta_roc_auc": -0.03812636165577338,
      "beats_roc_auc": false
    },
    "base_rate_train_calibration": {
      "delta_brier": 0.002851502834992692,
      "beats_brier": false,
      "delta_logloss": 0.005779756195363417,
      "beats_logloss": false,
      "delta_roc_auc": -0.03812636165577338,
      "beats_roc_auc": false
    },
    "always_home": {
      "delta_brier": -0.2957146591023407,
      "beats_brier": true,
      "delta_logloss": -6.983826633033413,
      "beats_logloss": true,
      "delta_roc_auc": -0.03812636165577338,
      "beats_roc_auc": false
    },
    "always_away": {
      "delta_brier": -0.1809607902498816,
      "beats_brier": true,
      "delta_logloss": -5.398440290332287,
      "beats_logloss": true,
      "delta_roc_auc": -0.03812636165577338,
      "beats_roc_auc": false
    }
  },
  "confusion_matrix": [
    [
      1,
      33
    ],
    [
      2,
      25
    ]
  ],
  "recommendations": [
    "Keep model in tracking-only mode until OOS discrimination and calibration beat simple baselines.",
    "Investigate feature quality and expand finalized samples before artifact promotion.",
    "Do not use hit rate alone; require Brier/logloss/AUC improvement over baselines."
  ],
  "live_betting_allowed": false,
  "automated_wagering_allowed": false,
  "production_model_replacement_allowed": false
}