{
  "generated_at": "2026-06-21T22:42:45.383771Z",
  "report_type": "prediction_collapse_report",
  "status": "failed",
  "model_has_no_discrimination_power": true,
  "do_not_promote": true,
  "collapse_reasons": [
    "balanced_accuracy_near_random",
    "single_class_positive_prediction_collapse",
    "brier_near_random_0_25",
    "logloss_near_random_0_693"
  ],
  "source_model_eval_report": "report/model_eval_report.json",
  "sample_count": 327,
  "test_sample_count": 50,
  "metrics": {
    "accuracy": 0.52,
    "balanced_accuracy": 0.48148148148148145,
    "precision": 0.5306122448979592,
    "recall": 0.9629629629629629,
    "f1": 0.6842105263157895,
    "roc_auc": 0.5314009661835749,
    "brier": 0.25205891245494194,
    "logloss": 0.6975322547317278,
    "predicted_positive_rate": 0.98,
    "predicted_negative_rate": 0.020000000000000018,
    "probability_mean": 0.5908356851493246,
    "probability_std": 0.03454948937350609,
    "probability_min": 0.49165624340822506,
    "probability_max": 0.6472102831964714
  },
  "baseline_metrics": {
    "constant_0_5": {
      "accuracy": 0.54,
      "balanced_accuracy": 0.5,
      "precision": 0.54,
      "recall": 1.0,
      "f1": 0.7012987012987013,
      "roc_auc": 0.5,
      "brier": 0.25,
      "logloss": 0.6931471805599453,
      "predicted_positive_rate": 1.0,
      "predicted_negative_rate": 0.0,
      "probability_mean": 0.5,
      "probability_std": 0.0,
      "probability_min": 0.5,
      "probability_max": 0.5,
      "baseline_name": "constant_0_5",
      "constant_probability": 0.5
    },
    "base_rate_train_calibration": {
      "accuracy": 0.54,
      "balanced_accuracy": 0.5,
      "precision": 0.54,
      "recall": 1.0,
      "f1": 0.7012987012987013,
      "roc_auc": 0.5,
      "brier": 0.24865461559514654,
      "logloss": 0.6904582974126667,
      "predicted_positive_rate": 1.0,
      "predicted_negative_rate": 0.0,
      "probability_mean": 0.555956678700361,
      "probability_std": 0.0,
      "probability_min": 0.555956678700361,
      "probability_max": 0.555956678700361,
      "baseline_name": "base_rate_train_calibration",
      "constant_probability": 0.555956678700361
    },
    "always_home": {
      "accuracy": 0.54,
      "balanced_accuracy": 0.5,
      "precision": 0.54,
      "recall": 1.0,
      "f1": 0.7012987012987013,
      "roc_auc": 0.5,
      "brier": 0.4599990800009999,
      "logloss": 6.355135396650607,
      "predicted_positive_rate": 1.0,
      "predicted_negative_rate": 0.0,
      "probability_mean": 0.9999990000000001,
      "probability_std": 1.1102230246251565e-16,
      "probability_min": 0.999999,
      "probability_max": 0.999999,
      "baseline_name": "always_home",
      "constant_probability": 0.999999
    },
    "always_away": {
      "accuracy": 0.46,
      "balanced_accuracy": 0.5,
      "precision": 0.0,
      "recall": 0.0,
      "f1": 0.0,
      "roc_auc": 0.5,
      "brier": 0.5399989200009999,
      "logloss": 7.460376161300939,
      "predicted_positive_rate": 0.0,
      "predicted_negative_rate": 1.0,
      "probability_mean": 9.999999999999997e-07,
      "probability_std": 2.117582368135751e-22,
      "probability_min": 1e-06,
      "probability_max": 1e-06,
      "baseline_name": "always_away",
      "constant_probability": 1e-06
    }
  },
  "model_vs_baselines": {
    "constant_0_5": {
      "delta_brier": 0.0020589124549419413,
      "beats_brier": false,
      "delta_logloss": 0.004385074171782466,
      "beats_logloss": false,
      "delta_roc_auc": 0.03140096618357491,
      "beats_roc_auc": true
    },
    "base_rate_train_calibration": {
      "delta_brier": 0.0034042968597954026,
      "beats_brier": false,
      "delta_logloss": 0.007073957319061019,
      "beats_logloss": false,
      "delta_roc_auc": 0.03140096618357491,
      "beats_roc_auc": true
    },
    "always_home": {
      "delta_brier": -0.20794016754605799,
      "beats_brier": true,
      "delta_logloss": -5.657603141918879,
      "beats_logloss": true,
      "delta_roc_auc": 0.03140096618357491,
      "beats_roc_auc": true
    },
    "always_away": {
      "delta_brier": -0.287940007546058,
      "beats_brier": true,
      "delta_logloss": -6.762843906569211,
      "beats_logloss": true,
      "delta_roc_auc": 0.03140096618357491,
      "beats_roc_auc": true
    }
  },
  "confusion_matrix": [
    [
      0,
      23
    ],
    [
      1,
      26
    ]
  ],
  "recommendations": [
    "Keep model in tracking-only mode until OOS discrimination and calibration beat simple baselines.",
    "Investigate feature quality and expand finalized samples before artifact promotion.",
    "Do not use hit rate alone; require Brier/logloss/AUC improvement over baselines."
  ],
  "live_betting_allowed": false,
  "automated_wagering_allowed": false,
  "production_model_replacement_allowed": false
}