{
  "generated_at": "2026-06-30T04:37:43.673089Z",
  "report_type": "prediction_collapse_report",
  "status": "failed",
  "model_has_no_discrimination_power": true,
  "do_not_promote": true,
  "collapse_reasons": [
    "balanced_accuracy_near_random",
    "single_class_negative_prediction_collapse",
    "brier_near_random_0_25"
  ],
  "source_model_eval_report": "report/model_eval_report.json",
  "sample_count": 439,
  "test_sample_count": 66,
  "metrics": {
    "accuracy": 0.48484848484848486,
    "balanced_accuracy": 0.48484848484848486,
    "precision": 0.0,
    "recall": 0.0,
    "f1": 0.0,
    "roc_auc": 0.443526170798898,
    "brier": 0.26231249889885594,
    "logloss": 0.718317092478976,
    "predicted_positive_rate": 0.015151515151515152,
    "predicted_negative_rate": 0.9848484848484849,
    "probability_mean": 0.41944784901062687,
    "probability_std": 0.03136642759202142,
    "probability_min": 0.33690122076334983,
    "probability_max": 0.5146780048050461
  },
  "baseline_metrics": {
    "constant_0_5": {
      "accuracy": 0.5,
      "balanced_accuracy": 0.5,
      "precision": 0.5,
      "recall": 1.0,
      "f1": 0.6666666666666666,
      "roc_auc": 0.5,
      "brier": 0.25,
      "logloss": 0.6931471805599454,
      "predicted_positive_rate": 1.0,
      "predicted_negative_rate": 0.0,
      "probability_mean": 0.5,
      "probability_std": 0.0,
      "probability_min": 0.5,
      "probability_max": 0.5,
      "baseline_name": "constant_0_5",
      "constant_probability": 0.5
    },
    "base_rate_train_calibration": {
      "accuracy": 0.5,
      "balanced_accuracy": 0.5,
      "precision": 0.5,
      "recall": 1.0,
      "f1": 0.6666666666666666,
      "roc_auc": 0.5,
      "brier": 0.25151118745912066,
      "logloss": 0.696178727207551,
      "predicted_positive_rate": 1.0,
      "predicted_negative_rate": 0.0,
      "probability_mean": 0.5388739946380696,
      "probability_std": 1.1102230246251565e-16,
      "probability_min": 0.5388739946380697,
      "probability_max": 0.5388739946380697,
      "baseline_name": "base_rate_train_calibration",
      "constant_probability": 0.5388739946380697
    },
    "always_home": {
      "accuracy": 0.5,
      "balanced_accuracy": 0.5,
      "precision": 0.5,
      "recall": 1.0,
      "f1": 0.6666666666666666,
      "roc_auc": 0.5,
      "brier": 0.49999900000099995,
      "logloss": 6.907755778968009,
      "predicted_positive_rate": 1.0,
      "predicted_negative_rate": 0.0,
      "probability_mean": 0.999999,
      "probability_std": 0.0,
      "probability_min": 0.999999,
      "probability_max": 0.999999,
      "baseline_name": "always_home",
      "constant_probability": 0.999999
    },
    "always_away": {
      "accuracy": 0.5,
      "balanced_accuracy": 0.5,
      "precision": 0.0,
      "recall": 0.0,
      "f1": 0.0,
      "roc_auc": 0.5,
      "brier": 0.49999900000099995,
      "logloss": 6.907755778982387,
      "predicted_positive_rate": 0.0,
      "predicted_negative_rate": 1.0,
      "probability_mean": 1e-06,
      "probability_std": 0.0,
      "probability_min": 1e-06,
      "probability_max": 1e-06,
      "baseline_name": "always_away",
      "constant_probability": 1e-06
    }
  },
  "model_vs_baselines": {
    "constant_0_5": {
      "delta_brier": 0.01231249889885594,
      "beats_brier": false,
      "delta_logloss": 0.02516991191903062,
      "beats_logloss": false,
      "delta_roc_auc": -0.056473829201102,
      "beats_roc_auc": false
    },
    "base_rate_train_calibration": {
      "delta_brier": 0.010801311439735284,
      "beats_brier": false,
      "delta_logloss": 0.022138365271424987,
      "beats_logloss": false,
      "delta_roc_auc": -0.056473829201102,
      "beats_roc_auc": false
    },
    "always_home": {
      "delta_brier": -0.237686501102144,
      "beats_brier": true,
      "delta_logloss": -6.189438686489033,
      "beats_logloss": true,
      "delta_roc_auc": -0.056473829201102,
      "beats_roc_auc": false
    },
    "always_away": {
      "delta_brier": -0.237686501102144,
      "beats_brier": true,
      "delta_logloss": -6.189438686503411,
      "beats_logloss": true,
      "delta_roc_auc": -0.056473829201102,
      "beats_roc_auc": false
    }
  },
  "confusion_matrix": [
    [
      32,
      1
    ],
    [
      33,
      0
    ]
  ],
  "recommendations": [
    "Keep model in tracking-only mode until OOS discrimination and calibration beat simple baselines.",
    "Investigate feature quality and expand finalized samples before artifact promotion.",
    "Do not use hit rate alone; require Brier/logloss/AUC improvement over baselines."
  ],
  "live_betting_allowed": false,
  "automated_wagering_allowed": false,
  "production_model_replacement_allowed": false
}