{
  "generated_at": "2026-06-21T03:27:11.517933Z",
  "report_type": "prediction_collapse_report",
  "status": "failed",
  "model_has_no_discrimination_power": true,
  "do_not_promote": true,
  "collapse_reasons": [
    "balanced_accuracy_near_random",
    "single_class_positive_prediction_collapse",
    "brier_near_random_0_25",
    "logloss_near_random_0_693",
    "test_sample_count_too_small_for_stable_claims"
  ],
  "source_model_eval_report": "report/model_eval_report.json",
  "sample_count": 312,
  "test_sample_count": 47,
  "metrics": {
    "accuracy": 0.5957446808510638,
    "balanced_accuracy": 0.5,
    "precision": 0.5957446808510638,
    "recall": 1.0,
    "f1": 0.7466666666666667,
    "roc_auc": 0.5375939849624061,
    "brier": 0.24149591110482008,
    "logloss": 0.6760297575084872,
    "predicted_positive_rate": 1.0,
    "predicted_negative_rate": 0.0,
    "probability_mean": 0.5736138996317985,
    "probability_std": 0.023613073319572065,
    "probability_min": 0.5043095445232065,
    "probability_max": 0.6113682768926904
  },
  "baseline_metrics": {
    "constant_0_5": {
      "accuracy": 0.5957446808510638,
      "balanced_accuracy": 0.5,
      "precision": 0.5957446808510638,
      "recall": 1.0,
      "f1": 0.7466666666666667,
      "roc_auc": 0.5,
      "brier": 0.25,
      "logloss": 0.6931471805599451,
      "predicted_positive_rate": 1.0,
      "predicted_negative_rate": 0.0,
      "probability_mean": 0.5,
      "probability_std": 0.0,
      "probability_min": 0.5,
      "probability_max": 0.5,
      "baseline_name": "constant_0_5",
      "constant_probability": 0.5
    },
    "base_rate_train_calibration": {
      "accuracy": 0.5957446808510638,
      "balanced_accuracy": 0.5,
      "precision": 0.5957446808510638,
      "recall": 1.0,
      "f1": 0.7466666666666667,
      "roc_auc": 0.5,
      "brier": 0.24251622823295937,
      "logloss": 0.6781315218446851,
      "predicted_positive_rate": 1.0,
      "predicted_negative_rate": 0.0,
      "probability_mean": 0.5547169811320753,
      "probability_std": 1.1102230246251565e-16,
      "probability_min": 0.5547169811320755,
      "probability_max": 0.5547169811320755,
      "baseline_name": "base_rate_train_calibration",
      "constant_probability": 0.5547169811320755
    },
    "always_home": {
      "accuracy": 0.5957446808510638,
      "balanced_accuracy": 0.5,
      "precision": 0.5957446808510638,
      "recall": 1.0,
      "f1": 0.7466666666666667,
      "roc_auc": 0.5,
      "brier": 0.4042545106392977,
      "logloss": 5.584994225548699,
      "predicted_positive_rate": 1.0,
      "predicted_negative_rate": 0.0,
      "probability_mean": 0.9999990000000004,
      "probability_std": 4.440892098500626e-16,
      "probability_min": 0.999999,
      "probability_max": 0.999999,
      "baseline_name": "always_home",
      "constant_probability": 0.999999
    },
    "always_away": {
      "accuracy": 0.40425531914893614,
      "balanced_accuracy": 0.5,
      "precision": 0.0,
      "recall": 0.0,
      "f1": 0.0,
      "roc_auc": 0.5,
      "brier": 0.5957434893627019,
      "logloss": 8.230517332404451,
      "predicted_positive_rate": 0.0,
      "predicted_negative_rate": 1.0,
      "probability_mean": 9.999999999999995e-07,
      "probability_std": 4.235164736271502e-22,
      "probability_min": 1e-06,
      "probability_max": 1e-06,
      "baseline_name": "always_away",
      "constant_probability": 1e-06
    }
  },
  "model_vs_baselines": {
    "constant_0_5": {
      "delta_brier": -0.008504088895179923,
      "beats_brier": true,
      "delta_logloss": -0.017117423051457914,
      "beats_logloss": true,
      "delta_roc_auc": 0.03759398496240607,
      "beats_roc_auc": true
    },
    "base_rate_train_calibration": {
      "delta_brier": -0.0010203171281392975,
      "beats_brier": true,
      "delta_logloss": -0.002101764336197909,
      "beats_logloss": true,
      "delta_roc_auc": 0.03759398496240607,
      "beats_roc_auc": true
    },
    "always_home": {
      "delta_brier": -0.1627585995344776,
      "beats_brier": true,
      "delta_logloss": -4.908964468040212,
      "beats_logloss": true,
      "delta_roc_auc": 0.03759398496240607,
      "beats_roc_auc": true
    },
    "always_away": {
      "delta_brier": -0.3542475782578819,
      "beats_brier": true,
      "delta_logloss": -7.554487574895965,
      "beats_logloss": true,
      "delta_roc_auc": 0.03759398496240607,
      "beats_roc_auc": true
    }
  },
  "confusion_matrix": [
    [
      0,
      19
    ],
    [
      0,
      28
    ]
  ],
  "recommendations": [
    "Keep model in tracking-only mode until OOS discrimination and calibration beat simple baselines.",
    "Investigate feature quality and expand finalized samples before artifact promotion.",
    "Do not use hit rate alone; require Brier/logloss/AUC improvement over baselines."
  ],
  "live_betting_allowed": false,
  "automated_wagering_allowed": false,
  "production_model_replacement_allowed": false
}