{
  "generated_at": "2026-06-25T04:29:01.458623Z",
  "report_type": "prediction_collapse_report",
  "status": "failed",
  "model_has_no_discrimination_power": true,
  "do_not_promote": true,
  "collapse_reasons": [
    "balanced_accuracy_near_random",
    "single_class_positive_prediction_collapse",
    "probability_distribution_too_narrow",
    "brier_near_random_0_25",
    "logloss_near_random_0_693"
  ],
  "source_model_eval_report": "report/model_eval_report.json",
  "sample_count": 373,
  "test_sample_count": 56,
  "metrics": {
    "accuracy": 0.44642857142857145,
    "balanced_accuracy": 0.5,
    "precision": 0.44642857142857145,
    "recall": 1.0,
    "f1": 0.6172839506172839,
    "roc_auc": 0.47741935483870973,
    "brier": 0.2590462436729168,
    "logloss": 0.7113507758244195,
    "predicted_positive_rate": 1.0,
    "predicted_negative_rate": 0.0,
    "probability_mean": 0.5541476281749743,
    "probability_std": 0.015059001742233768,
    "probability_min": 0.5276457899375936,
    "probability_max": 0.6051825336572635
  },
  "baseline_metrics": {
    "constant_0_5": {
      "accuracy": 0.44642857142857145,
      "balanced_accuracy": 0.5,
      "precision": 0.44642857142857145,
      "recall": 1.0,
      "f1": 0.6172839506172839,
      "roc_auc": 0.5,
      "brier": 0.25,
      "logloss": 0.6931471805599453,
      "predicted_positive_rate": 1.0,
      "predicted_negative_rate": 0.0,
      "probability_mean": 0.5,
      "probability_std": 0.0,
      "probability_min": 0.5,
      "probability_max": 0.5,
      "baseline_name": "constant_0_5",
      "constant_probability": 0.5
    },
    "base_rate_train_calibration": {
      "accuracy": 0.44642857142857145,
      "balanced_accuracy": 0.5,
      "precision": 0.44642857142857145,
      "recall": 1.0,
      "f1": 0.6172839506172839,
      "roc_auc": 0.5,
      "brier": 0.2589624237478729,
      "logloss": 0.7111579082044768,
      "predicted_positive_rate": 1.0,
      "predicted_negative_rate": 0.0,
      "probability_mean": 0.555205047318612,
      "probability_std": 0.0,
      "probability_min": 0.555205047318612,
      "probability_max": 0.555205047318612,
      "baseline_name": "base_rate_train_calibration",
      "constant_probability": 0.555205047318612
    },
    "always_home": {
      "accuracy": 0.44642857142857145,
      "balanced_accuracy": 0.5,
      "precision": 0.44642857142857145,
      "recall": 1.0,
      "f1": 0.6172839506172839,
      "roc_auc": 0.5,
      "brier": 0.5535703214295714,
      "logloss": 7.647872362428814,
      "predicted_positive_rate": 1.0,
      "predicted_negative_rate": 0.0,
      "probability_mean": 0.999999,
      "probability_std": 0.0,
      "probability_min": 0.999999,
      "probability_max": 0.999999,
      "baseline_name": "always_home",
      "constant_probability": 0.999999
    },
    "always_away": {
      "accuracy": 0.5535714285714286,
      "balanced_accuracy": 0.5,
      "precision": 0.0,
      "recall": 0.0,
      "f1": 0.0,
      "roc_auc": 0.5,
      "brier": 0.4464276785724285,
      "logloss": 6.167639195520041,
      "predicted_positive_rate": 0.0,
      "predicted_negative_rate": 1.0,
      "probability_mean": 1e-06,
      "probability_std": 0.0,
      "probability_min": 1e-06,
      "probability_max": 1e-06,
      "baseline_name": "always_away",
      "constant_probability": 1e-06
    }
  },
  "model_vs_baselines": {
    "constant_0_5": {
      "delta_brier": 0.009046243672916787,
      "beats_brier": false,
      "delta_logloss": 0.018203595264474237,
      "beats_logloss": false,
      "delta_roc_auc": -0.02258064516129027,
      "beats_roc_auc": false
    },
    "base_rate_train_calibration": {
      "delta_brier": 8.381992504385982e-05,
      "beats_brier": false,
      "delta_logloss": 0.00019286761994274926,
      "beats_logloss": false,
      "delta_roc_auc": -0.02258064516129027,
      "beats_roc_auc": false
    },
    "always_home": {
      "delta_brier": -0.2945240777566546,
      "beats_brier": true,
      "delta_logloss": -6.936521586604394,
      "beats_logloss": true,
      "delta_roc_auc": -0.02258064516129027,
      "beats_roc_auc": false
    },
    "always_away": {
      "delta_brier": -0.1873814348995117,
      "beats_brier": true,
      "delta_logloss": -5.456288419695622,
      "beats_logloss": true,
      "delta_roc_auc": -0.02258064516129027,
      "beats_roc_auc": false
    }
  },
  "confusion_matrix": [
    [
      0,
      31
    ],
    [
      0,
      25
    ]
  ],
  "recommendations": [
    "Keep model in tracking-only mode until OOS discrimination and calibration beat simple baselines.",
    "Investigate feature quality and expand finalized samples before artifact promotion.",
    "Do not use hit rate alone; require Brier/logloss/AUC improvement over baselines."
  ],
  "live_betting_allowed": false,
  "automated_wagering_allowed": false,
  "production_model_replacement_allowed": false
}