{
  "generated_at": "2026-06-25T20:28:24.624568Z",
  "report_type": "prediction_collapse_report",
  "status": "failed",
  "model_has_no_discrimination_power": true,
  "do_not_promote": true,
  "collapse_reasons": [
    "roc_auc_near_random",
    "balanced_accuracy_near_random",
    "single_class_positive_prediction_collapse",
    "probability_distribution_too_narrow",
    "brier_near_random_0_25",
    "logloss_near_random_0_693"
  ],
  "source_model_eval_report": "report/model_eval_report.json",
  "sample_count": 376,
  "test_sample_count": 57,
  "metrics": {
    "accuracy": 0.49122807017543857,
    "balanced_accuracy": 0.5,
    "precision": 0.49122807017543857,
    "recall": 1.0,
    "f1": 0.6588235294117647,
    "roc_auc": 0.4938423645320197,
    "brier": 0.2519976723820543,
    "logloss": 0.6971560346575709,
    "predicted_positive_rate": 1.0,
    "predicted_negative_rate": 0.0,
    "probability_mean": 0.5366318551693747,
    "probability_std": 0.012637412634153314,
    "probability_min": 0.5141050140244853,
    "probability_max": 0.5785410964987201
  },
  "baseline_metrics": {
    "constant_0_5": {
      "accuracy": 0.49122807017543857,
      "balanced_accuracy": 0.5,
      "precision": 0.49122807017543857,
      "recall": 1.0,
      "f1": 0.6588235294117647,
      "roc_auc": 0.5,
      "brier": 0.25,
      "logloss": 0.6931471805599453,
      "predicted_positive_rate": 1.0,
      "predicted_negative_rate": 0.0,
      "probability_mean": 0.5,
      "probability_std": 0.0,
      "probability_min": 0.5,
      "probability_max": 0.5,
      "baseline_name": "constant_0_5",
      "constant_probability": 0.5
    },
    "base_rate_train_calibration": {
      "accuracy": 0.49122807017543857,
      "balanced_accuracy": 0.5,
      "precision": 0.49122807017543857,
      "recall": 1.0,
      "f1": 0.6588235294117647,
      "roc_auc": 0.5,
      "brier": 0.2535828274610426,
      "logloss": 0.7003481880724665,
      "predicted_positive_rate": 1.0,
      "predicted_negative_rate": 0.0,
      "probability_mean": 0.5517241379310346,
      "probability_std": 1.1102230246251565e-16,
      "probability_min": 0.5517241379310345,
      "probability_max": 0.5517241379310345,
      "baseline_name": "base_rate_train_calibration",
      "constant_probability": 0.5517241379310345
    },
    "always_home": {
      "accuracy": 0.49122807017543857,
      "balanced_accuracy": 0.5,
      "precision": 0.49122807017543857,
      "recall": 1.0,
      "f1": 0.6588235294117647,
      "roc_auc": 0.5,
      "brier": 0.5087709122817017,
      "logloss": 7.028944459300772,
      "predicted_positive_rate": 1.0,
      "predicted_negative_rate": 0.0,
      "probability_mean": 0.9999990000000001,
      "probability_std": 1.1102230246251565e-16,
      "probability_min": 0.999999,
      "probability_max": 0.999999,
      "baseline_name": "always_home",
      "constant_probability": 0.999999
    },
    "always_away": {
      "accuracy": 0.5087719298245614,
      "balanced_accuracy": 0.5,
      "precision": 0.0,
      "recall": 0.0,
      "f1": 0.0,
      "roc_auc": 0.5,
      "brier": 0.4912270877202982,
      "logloss": 6.786567098649372,
      "predicted_positive_rate": 0.0,
      "predicted_negative_rate": 1.0,
      "probability_mean": 9.999999999999997e-07,
      "probability_std": 2.117582368135751e-22,
      "probability_min": 1e-06,
      "probability_max": 1e-06,
      "baseline_name": "always_away",
      "constant_probability": 1e-06
    }
  },
  "model_vs_baselines": {
    "constant_0_5": {
      "delta_brier": 0.001997672382054283,
      "beats_brier": false,
      "delta_logloss": 0.004008854097625636,
      "beats_logloss": false,
      "delta_roc_auc": -0.006157635467980316,
      "beats_roc_auc": false
    },
    "base_rate_train_calibration": {
      "delta_brier": -0.0015851550789883206,
      "beats_brier": true,
      "delta_logloss": -0.0031921534148955377,
      "beats_logloss": true,
      "delta_roc_auc": -0.006157635467980316,
      "beats_roc_auc": false
    },
    "always_home": {
      "delta_brier": -0.2567732398996474,
      "beats_brier": true,
      "delta_logloss": -6.331788424643201,
      "beats_logloss": true,
      "delta_roc_auc": -0.006157635467980316,
      "beats_roc_auc": false
    },
    "always_away": {
      "delta_brier": -0.23922941533824393,
      "beats_brier": true,
      "delta_logloss": -6.089411063991801,
      "beats_logloss": true,
      "delta_roc_auc": -0.006157635467980316,
      "beats_roc_auc": false
    }
  },
  "confusion_matrix": [
    [
      0,
      29
    ],
    [
      0,
      28
    ]
  ],
  "recommendations": [
    "Keep model in tracking-only mode until OOS discrimination and calibration beat simple baselines.",
    "Investigate feature quality and expand finalized samples before artifact promotion.",
    "Do not use hit rate alone; require Brier/logloss/AUC improvement over baselines."
  ],
  "live_betting_allowed": false,
  "automated_wagering_allowed": false,
  "production_model_replacement_allowed": false
}