{
  "generated_at": "2026-06-20T20:43:35.966118Z",
  "report_type": "prediction_collapse_report",
  "status": "failed",
  "model_has_no_discrimination_power": true,
  "do_not_promote": true,
  "collapse_reasons": [
    "balanced_accuracy_near_random",
    "single_class_positive_prediction_collapse",
    "probability_distribution_too_narrow",
    "brier_near_random_0_25",
    "test_sample_count_too_small_for_stable_claims"
  ],
  "source_model_eval_report": "report/model_eval_report.json",
  "sample_count": 304,
  "test_sample_count": 46,
  "metrics": {
    "accuracy": 0.6086956521739131,
    "balanced_accuracy": 0.5,
    "precision": 0.6086956521739131,
    "recall": 1.0,
    "f1": 0.7567567567567568,
    "roc_auc": 0.4285714285714286,
    "brier": 0.2399098667127342,
    "logloss": 0.6728686204546851,
    "predicted_positive_rate": 1.0,
    "predicted_negative_rate": 0.0,
    "probability_mean": 0.5861209404691109,
    "probability_std": 0.01447798710225608,
    "probability_min": 0.5625811362069257,
    "probability_max": 0.6278457814448379
  },
  "baseline_metrics": {
    "constant_0_5": {
      "accuracy": 0.6086956521739131,
      "balanced_accuracy": 0.5,
      "precision": 0.6086956521739131,
      "recall": 1.0,
      "f1": 0.7567567567567568,
      "roc_auc": 0.5,
      "brier": 0.25,
      "logloss": 0.6931471805599451,
      "predicted_positive_rate": 1.0,
      "predicted_negative_rate": 0.0,
      "probability_mean": 0.5,
      "probability_std": 0.0,
      "probability_min": 0.5,
      "probability_max": 0.5,
      "baseline_name": "constant_0_5",
      "constant_probability": 0.5
    },
    "base_rate_train_calibration": {
      "accuracy": 0.6086956521739131,
      "balanced_accuracy": 0.5,
      "precision": 0.6086956521739131,
      "recall": 1.0,
      "f1": 0.7567567567567568,
      "roc_auc": 0.5,
      "brier": 0.2407411761939474,
      "logloss": 0.674560792329684,
      "predicted_positive_rate": 1.0,
      "predicted_negative_rate": 0.0,
      "probability_mean": 0.558139534883721,
      "probability_std": 1.1102230246251565e-16,
      "probability_min": 0.5581395348837209,
      "probability_max": 0.5581395348837209,
      "baseline_name": "base_rate_train_calibration",
      "constant_probability": 0.5581395348837209
    },
    "always_home": {
      "accuracy": 0.6086956521739131,
      "balanced_accuracy": 0.5,
      "precision": 0.6086956521739131,
      "recall": 1.0,
      "f1": 0.7567567567567568,
      "roc_auc": 0.5,
      "brier": 0.39130356521839105,
      "logloss": 5.406069957453334,
      "predicted_positive_rate": 1.0,
      "predicted_negative_rate": 0.0,
      "probability_mean": 0.9999990000000004,
      "probability_std": 4.440892098500626e-16,
      "probability_min": 0.999999,
      "probability_max": 0.999999,
      "baseline_name": "always_home",
      "constant_probability": 0.999999
    },
    "always_away": {
      "accuracy": 0.391304347826087,
      "balanced_accuracy": 0.5,
      "precision": 0.0,
      "recall": 0.0,
      "f1": 0.0,
      "roc_auc": 0.5,
      "brier": 0.6086944347836086,
      "logloss": 8.40944160050019,
      "predicted_positive_rate": 0.0,
      "predicted_negative_rate": 1.0,
      "probability_mean": 9.999999999999995e-07,
      "probability_std": 4.235164736271502e-22,
      "probability_min": 1e-06,
      "probability_max": 1e-06,
      "baseline_name": "always_away",
      "constant_probability": 1e-06
    }
  },
  "model_vs_baselines": {
    "constant_0_5": {
      "delta_brier": -0.010090133287265796,
      "beats_brier": true,
      "delta_logloss": -0.02027856010525997,
      "beats_logloss": true,
      "delta_roc_auc": -0.0714285714285714,
      "beats_roc_auc": false
    },
    "base_rate_train_calibration": {
      "delta_brier": -0.0008313094812131827,
      "beats_brier": true,
      "delta_logloss": -0.0016921718749989267,
      "beats_logloss": true,
      "delta_roc_auc": -0.0714285714285714,
      "beats_roc_auc": false
    },
    "always_home": {
      "delta_brier": -0.15139369850565684,
      "beats_brier": true,
      "delta_logloss": -4.733201336998649,
      "beats_logloss": true,
      "delta_roc_auc": -0.0714285714285714,
      "beats_roc_auc": false
    },
    "always_away": {
      "delta_brier": -0.36878456807087445,
      "beats_brier": true,
      "delta_logloss": -7.736572980045504,
      "beats_logloss": true,
      "delta_roc_auc": -0.0714285714285714,
      "beats_roc_auc": false
    }
  },
  "confusion_matrix": [
    [
      0,
      18
    ],
    [
      0,
      28
    ]
  ],
  "recommendations": [
    "Keep model in tracking-only mode until OOS discrimination and calibration beat simple baselines.",
    "Investigate feature quality and expand finalized samples before artifact promotion.",
    "Do not use hit rate alone; require Brier/logloss/AUC improvement over baselines."
  ],
  "live_betting_allowed": false,
  "automated_wagering_allowed": false,
  "production_model_replacement_allowed": false
}