{
  "generated_at": "2026-06-20T11:44:45.926736Z",
  "report_type": "prediction_collapse_report",
  "status": "failed",
  "model_has_no_discrimination_power": true,
  "do_not_promote": true,
  "collapse_reasons": [
    "balanced_accuracy_near_random",
    "single_class_positive_prediction_collapse",
    "probability_distribution_too_narrow",
    "brier_near_random_0_25",
    "logloss_near_random_0_693",
    "test_sample_count_too_small_for_stable_claims"
  ],
  "source_model_eval_report": "report/model_eval_report.json",
  "sample_count": 303,
  "test_sample_count": 46,
  "metrics": {
    "accuracy": 0.5869565217391305,
    "balanced_accuracy": 0.5,
    "precision": 0.5869565217391305,
    "recall": 1.0,
    "f1": 0.7397260273972602,
    "roc_auc": 0.4327485380116959,
    "brier": 0.2435283260928014,
    "logloss": 0.6801989811165176,
    "predicted_positive_rate": 1.0,
    "predicted_negative_rate": 0.0,
    "probability_mean": 0.5984475536034385,
    "probability_std": 0.013313938519130436,
    "probability_min": 0.5772120287000133,
    "probability_max": 0.63670070742679
  },
  "baseline_metrics": {
    "constant_0_5": {
      "accuracy": 0.5869565217391305,
      "balanced_accuracy": 0.5,
      "precision": 0.5869565217391305,
      "recall": 1.0,
      "f1": 0.7397260273972602,
      "roc_auc": 0.5,
      "brier": 0.25,
      "logloss": 0.6931471805599451,
      "predicted_positive_rate": 1.0,
      "predicted_negative_rate": 0.0,
      "probability_mean": 0.5,
      "probability_std": 0.0,
      "probability_min": 0.5,
      "probability_max": 0.5,
      "baseline_name": "constant_0_5",
      "constant_probability": 0.5
    },
    "base_rate_train_calibration": {
      "accuracy": 0.5869565217391305,
      "balanced_accuracy": 0.5,
      "precision": 0.5869565217391305,
      "recall": 1.0,
      "f1": 0.7397260273972602,
      "roc_auc": 0.5,
      "brier": 0.24314853201871856,
      "logloss": 0.6793950491542092,
      "predicted_positive_rate": 1.0,
      "predicted_negative_rate": 0.0,
      "probability_mean": 0.5603112840466927,
      "probability_std": 1.1102230246251565e-16,
      "probability_min": 0.5603112840466926,
      "probability_max": 0.5603112840466926,
      "baseline_name": "base_rate_train_calibration",
      "constant_probability": 0.5603112840466926
    },
    "always_home": {
      "accuracy": 0.5869565217391305,
      "balanced_accuracy": 0.5,
      "precision": 0.5869565217391305,
      "recall": 1.0,
      "f1": 0.7397260273972602,
      "roc_auc": 0.5,
      "brier": 0.4130426521749128,
      "logloss": 5.7064071217562695,
      "predicted_positive_rate": 1.0,
      "predicted_negative_rate": 0.0,
      "probability_mean": 0.9999990000000004,
      "probability_std": 4.440892098500626e-16,
      "probability_min": 0.999999,
      "probability_max": 0.999999,
      "baseline_name": "always_home",
      "constant_probability": 0.999999
    },
    "always_away": {
      "accuracy": 0.41304347826086957,
      "balanced_accuracy": 0.5,
      "precision": 0.0,
      "recall": 0.0,
      "f1": 0.0,
      "roc_auc": 0.5,
      "brier": 0.5869553478270868,
      "logloss": 8.10910443619663,
      "predicted_positive_rate": 0.0,
      "predicted_negative_rate": 1.0,
      "probability_mean": 9.999999999999995e-07,
      "probability_std": 4.235164736271502e-22,
      "probability_min": 1e-06,
      "probability_max": 1e-06,
      "baseline_name": "always_away",
      "constant_probability": 1e-06
    }
  },
  "model_vs_baselines": {
    "constant_0_5": {
      "delta_brier": -0.006471673907198605,
      "beats_brier": true,
      "delta_logloss": -0.01294819944342751,
      "beats_logloss": true,
      "delta_roc_auc": -0.06725146198830412,
      "beats_roc_auc": false
    },
    "base_rate_train_calibration": {
      "delta_brier": 0.00037979407408283983,
      "beats_brier": false,
      "delta_logloss": 0.0008039319623083241,
      "beats_logloss": false,
      "delta_roc_auc": -0.06725146198830412,
      "beats_roc_auc": false
    },
    "always_home": {
      "delta_brier": -0.16951432608211142,
      "beats_brier": true,
      "delta_logloss": -5.026208140639752,
      "beats_logloss": true,
      "delta_roc_auc": -0.06725146198830412,
      "beats_roc_auc": false
    },
    "always_away": {
      "delta_brier": -0.3434270217342854,
      "beats_brier": true,
      "delta_logloss": -7.428905455080112,
      "beats_logloss": true,
      "delta_roc_auc": -0.06725146198830412,
      "beats_roc_auc": false
    }
  },
  "confusion_matrix": [
    [
      0,
      19
    ],
    [
      0,
      27
    ]
  ],
  "recommendations": [
    "Keep model in tracking-only mode until OOS discrimination and calibration beat simple baselines.",
    "Investigate feature quality and expand finalized samples before artifact promotion.",
    "Do not use hit rate alone; require Brier/logloss/AUC improvement over baselines."
  ],
  "live_betting_allowed": false,
  "automated_wagering_allowed": false,
  "production_model_replacement_allowed": false
}