{
  "generated_at": "2026-06-28T16:43:00.056843Z",
  "report_type": "prediction_collapse_report",
  "status": "failed",
  "model_has_no_discrimination_power": true,
  "do_not_promote": true,
  "collapse_reasons": [
    "balanced_accuracy_near_random",
    "single_class_positive_prediction_collapse",
    "probability_distribution_too_narrow",
    "brier_near_random_0_25",
    "logloss_near_random_0_693"
  ],
  "source_model_eval_report": "report/model_eval_report.json",
  "sample_count": 412,
  "test_sample_count": 62,
  "metrics": {
    "accuracy": 0.46774193548387094,
    "balanced_accuracy": 0.5,
    "precision": 0.46774193548387094,
    "recall": 1.0,
    "f1": 0.6373626373626373,
    "roc_auc": 0.5506792058516197,
    "brier": 0.25172523531560287,
    "logloss": 0.6965997043548725,
    "predicted_positive_rate": 1.0,
    "predicted_negative_rate": 0.0,
    "probability_mean": 0.532456209876374,
    "probability_std": 0.01367661581910675,
    "probability_min": 0.5102404180735044,
    "probability_max": 0.5823017031546219
  },
  "baseline_metrics": {
    "constant_0_5": {
      "accuracy": 0.46774193548387094,
      "balanced_accuracy": 0.5,
      "precision": 0.46774193548387094,
      "recall": 1.0,
      "f1": 0.6373626373626373,
      "roc_auc": 0.5,
      "brier": 0.25,
      "logloss": 0.6931471805599455,
      "predicted_positive_rate": 1.0,
      "predicted_negative_rate": 0.0,
      "probability_mean": 0.5,
      "probability_std": 0.0,
      "probability_min": 0.5,
      "probability_max": 0.5,
      "baseline_name": "constant_0_5",
      "constant_probability": 0.5
    },
    "base_rate_train_calibration": {
      "accuracy": 0.46774193548387094,
      "balanced_accuracy": 0.5,
      "precision": 0.46774193548387094,
      "recall": 1.0,
      "f1": 0.6373626373626373,
      "roc_auc": 0.5,
      "brier": 0.2550391046741277,
      "logloss": 0.7032594756670092,
      "predicted_positive_rate": 1.0,
      "predicted_negative_rate": 0.0,
      "probability_mean": 0.5457142857142856,
      "probability_std": 1.1102230246251565e-16,
      "probability_min": 0.5457142857142857,
      "probability_max": 0.5457142857142857,
      "baseline_name": "base_rate_train_calibration",
      "constant_probability": 0.5457142857142857
    },
    "always_home": {
      "accuracy": 0.46774193548387094,
      "balanced_accuracy": 0.5,
      "precision": 0.46774193548387094,
      "recall": 1.0,
      "f1": 0.6373626373626373,
      "roc_auc": 0.5,
      "brier": 0.532257000001,
      "logloss": 7.353417377611074,
      "predicted_positive_rate": 1.0,
      "predicted_negative_rate": 0.0,
      "probability_mean": 0.9999990000000002,
      "probability_std": 2.220446049250313e-16,
      "probability_min": 0.999999,
      "probability_max": 0.999999,
      "baseline_name": "always_home",
      "constant_probability": 0.999999
    },
    "always_away": {
      "accuracy": 0.532258064516129,
      "balanced_accuracy": 0.5,
      "precision": 0.0,
      "recall": 0.0,
      "f1": 0.0,
      "roc_auc": 0.5,
      "brier": 0.46774100000099994,
      "logloss": 6.4620941803383944,
      "predicted_positive_rate": 0.0,
      "predicted_negative_rate": 1.0,
      "probability_mean": 9.999999999999995e-07,
      "probability_std": 4.235164736271502e-22,
      "probability_min": 1e-06,
      "probability_max": 1e-06,
      "baseline_name": "always_away",
      "constant_probability": 1e-06
    }
  },
  "model_vs_baselines": {
    "constant_0_5": {
      "delta_brier": 0.0017252353156028688,
      "beats_brier": false,
      "delta_logloss": 0.0034525237949269982,
      "beats_logloss": false,
      "delta_roc_auc": 0.05067920585161967,
      "beats_roc_auc": true
    },
    "base_rate_train_calibration": {
      "delta_brier": -0.0033138693585248458,
      "beats_brier": true,
      "delta_logloss": -0.006659771312136686,
      "beats_logloss": true,
      "delta_roc_auc": 0.05067920585161967,
      "beats_roc_auc": true
    },
    "always_home": {
      "delta_brier": -0.2805317646853971,
      "beats_brier": true,
      "delta_logloss": -6.656817673256202,
      "beats_logloss": true,
      "delta_roc_auc": 0.05067920585161967,
      "beats_roc_auc": true
    },
    "always_away": {
      "delta_brier": -0.21601576468539707,
      "beats_brier": true,
      "delta_logloss": -5.765494475983522,
      "beats_logloss": true,
      "delta_roc_auc": 0.05067920585161967,
      "beats_roc_auc": true
    }
  },
  "confusion_matrix": [
    [
      0,
      33
    ],
    [
      0,
      29
    ]
  ],
  "recommendations": [
    "Keep model in tracking-only mode until OOS discrimination and calibration beat simple baselines.",
    "Investigate feature quality and expand finalized samples before artifact promotion.",
    "Do not use hit rate alone; require Brier/logloss/AUC improvement over baselines."
  ],
  "live_betting_allowed": false,
  "automated_wagering_allowed": false,
  "production_model_replacement_allowed": false
}