{
  "generated_at": "2026-06-19T17:44:52.919349Z",
  "report_type": "prediction_collapse_report",
  "status": "failed",
  "model_has_no_discrimination_power": true,
  "do_not_promote": true,
  "collapse_reasons": [
    "roc_auc_near_random",
    "balanced_accuracy_near_random",
    "brier_near_random_0_25",
    "logloss_near_random_0_693",
    "test_sample_count_too_small_for_stable_claims"
  ],
  "source_model_eval_report": "report/model_eval_report.json",
  "sample_count": 289,
  "test_sample_count": 44,
  "metrics": {
    "accuracy": 0.5,
    "balanced_accuracy": 0.4865424430641822,
    "precision": 0.5142857142857142,
    "recall": 0.782608695652174,
    "f1": 0.6206896551724138,
    "roc_auc": 0.515527950310559,
    "brier": 0.25625898591883733,
    "logloss": 0.7062908598675577,
    "predicted_positive_rate": 0.7954545454545454,
    "predicted_negative_rate": 0.20454545454545459,
    "probability_mean": 0.5600728403845813,
    "probability_std": 0.07838594673176835,
    "probability_min": 0.39134240473882564,
    "probability_max": 0.6890387138902532
  },
  "baseline_metrics": {
    "constant_0_5": {
      "accuracy": 0.5227272727272727,
      "balanced_accuracy": 0.5,
      "precision": 0.5227272727272727,
      "recall": 1.0,
      "f1": 0.6865671641791045,
      "roc_auc": 0.5,
      "brier": 0.25,
      "logloss": 0.6931471805599452,
      "predicted_positive_rate": 1.0,
      "predicted_negative_rate": 0.0,
      "probability_mean": 0.5,
      "probability_std": 0.0,
      "probability_min": 0.5,
      "probability_max": 0.5,
      "baseline_name": "constant_0_5",
      "constant_probability": 0.5
    },
    "base_rate_train_calibration": {
      "accuracy": 0.5227272727272727,
      "balanced_accuracy": 0.5,
      "precision": 0.5227272727272727,
      "recall": 1.0,
      "f1": 0.6865671641791045,
      "roc_auc": 0.5,
      "brier": 0.25028397258717955,
      "logloss": 0.6937262199600766,
      "predicted_positive_rate": 1.0,
      "predicted_negative_rate": 0.0,
      "probability_mean": 0.5510204081632651,
      "probability_std": 1.1102230246251565e-16,
      "probability_min": 0.5510204081632653,
      "probability_max": 0.5510204081632653,
      "baseline_name": "base_rate_train_calibration",
      "constant_probability": 0.5510204081632653
    },
    "always_home": {
      "accuracy": 0.5227272727272727,
      "balanced_accuracy": 0.5,
      "precision": 0.5227272727272727,
      "recall": 1.0,
      "f1": 0.6865671641791045,
      "roc_auc": 0.5,
      "brier": 0.47727177272827265,
      "logloss": 6.593766925378578,
      "predicted_positive_rate": 1.0,
      "predicted_negative_rate": 0.0,
      "probability_mean": 0.9999990000000003,
      "probability_std": 3.3306690738754696e-16,
      "probability_min": 0.999999,
      "probability_max": 0.999999,
      "baseline_name": "always_home",
      "constant_probability": 0.999999
    },
    "always_away": {
      "accuracy": 0.4772727272727273,
      "balanced_accuracy": 0.5,
      "precision": 0.0,
      "recall": 0.0,
      "f1": 0.0,
      "roc_auc": 0.5,
      "brier": 0.5227262272737272,
      "logloss": 7.221744632572473,
      "predicted_positive_rate": 0.0,
      "predicted_negative_rate": 1.0,
      "probability_mean": 9.999999999999997e-07,
      "probability_std": 2.117582368135751e-22,
      "probability_min": 1e-06,
      "probability_max": 1e-06,
      "baseline_name": "always_away",
      "constant_probability": 1e-06
    }
  },
  "model_vs_baselines": {
    "constant_0_5": {
      "delta_brier": 0.006258985918837334,
      "beats_brier": false,
      "delta_logloss": 0.01314367930761251,
      "beats_logloss": false,
      "delta_roc_auc": 0.01552795031055898,
      "beats_roc_auc": true
    },
    "base_rate_train_calibration": {
      "delta_brier": 0.005975013331657786,
      "beats_brier": false,
      "delta_logloss": 0.012564639907481134,
      "beats_logloss": false,
      "delta_roc_auc": 0.01552795031055898,
      "beats_roc_auc": true
    },
    "always_home": {
      "delta_brier": -0.2210127868094353,
      "beats_brier": true,
      "delta_logloss": -5.88747606551102,
      "beats_logloss": true,
      "delta_roc_auc": 0.01552795031055898,
      "beats_roc_auc": true
    },
    "always_away": {
      "delta_brier": -0.26646724135488986,
      "beats_brier": true,
      "delta_logloss": -6.515453772704915,
      "beats_logloss": true,
      "delta_roc_auc": 0.01552795031055898,
      "beats_roc_auc": true
    }
  },
  "confusion_matrix": [
    [
      4,
      17
    ],
    [
      5,
      18
    ]
  ],
  "recommendations": [
    "Keep model in tracking-only mode until OOS discrimination and calibration beat simple baselines.",
    "Investigate feature quality and expand finalized samples before artifact promotion.",
    "Do not use hit rate alone; require Brier/logloss/AUC improvement over baselines."
  ],
  "live_betting_allowed": false,
  "automated_wagering_allowed": false,
  "production_model_replacement_allowed": false
}