{
  "generated_at": "2026-06-25T12:01:24.201806Z",
  "report_type": "prediction_collapse_report",
  "status": "failed",
  "model_has_no_discrimination_power": true,
  "do_not_promote": true,
  "collapse_reasons": [
    "roc_auc_near_random",
    "balanced_accuracy_near_random",
    "single_class_positive_prediction_collapse",
    "probability_distribution_too_narrow",
    "brier_near_random_0_25",
    "logloss_near_random_0_693"
  ],
  "source_model_eval_report": "report/model_eval_report.json",
  "sample_count": 374,
  "test_sample_count": 57,
  "metrics": {
    "accuracy": 0.45614035087719296,
    "balanced_accuracy": 0.5,
    "precision": 0.45614035087719296,
    "recall": 1.0,
    "f1": 0.6265060240963856,
    "roc_auc": 0.49255583126550867,
    "brier": 0.2550887724014391,
    "logloss": 0.7033697787269433,
    "predicted_positive_rate": 1.0,
    "predicted_negative_rate": 0.0,
    "probability_mean": 0.5383286657327222,
    "probability_std": 0.019910785128575463,
    "probability_min": 0.502084021278698,
    "probability_max": 0.6048351788604065
  },
  "baseline_metrics": {
    "constant_0_5": {
      "accuracy": 0.45614035087719296,
      "balanced_accuracy": 0.5,
      "precision": 0.45614035087719296,
      "recall": 1.0,
      "f1": 0.6265060240963856,
      "roc_auc": 0.5,
      "brier": 0.25,
      "logloss": 0.6931471805599453,
      "predicted_positive_rate": 1.0,
      "predicted_negative_rate": 0.0,
      "probability_mean": 0.5,
      "probability_std": 0.0,
      "probability_min": 0.5,
      "probability_max": 0.5,
      "baseline_name": "constant_0_5",
      "constant_probability": 0.5
    },
    "base_rate_train_calibration": {
      "accuracy": 0.45614035087719296,
      "balanced_accuracy": 0.5,
      "precision": 0.45614035087719296,
      "recall": 1.0,
      "f1": 0.6265060240963856,
      "roc_auc": 0.5,
      "brier": 0.25789014525985476,
      "logloss": 0.709004572601576,
      "predicted_positive_rate": 1.0,
      "predicted_negative_rate": 0.0,
      "probability_mean": 0.555205047318612,
      "probability_std": 0.0,
      "probability_min": 0.555205047318612,
      "probability_max": 0.555205047318612,
      "baseline_name": "base_rate_train_calibration",
      "constant_probability": 0.555205047318612
    },
    "always_home": {
      "accuracy": 0.45614035087719296,
      "balanced_accuracy": 0.5,
      "precision": 0.45614035087719296,
      "recall": 1.0,
      "f1": 0.6265060240963856,
      "roc_auc": 0.5,
      "brier": 0.5438585614045087,
      "logloss": 7.513699180631826,
      "predicted_positive_rate": 1.0,
      "predicted_negative_rate": 0.0,
      "probability_mean": 0.9999990000000001,
      "probability_std": 1.1102230246251565e-16,
      "probability_min": 0.999999,
      "probability_max": 0.999999,
      "baseline_name": "always_home",
      "constant_probability": 0.999999
    },
    "always_away": {
      "accuracy": 0.543859649122807,
      "balanced_accuracy": 0.5,
      "precision": 0.0,
      "recall": 0.0,
      "f1": 0.0,
      "roc_auc": 0.5,
      "brier": 0.4561394385974911,
      "logloss": 6.30181237731731,
      "predicted_positive_rate": 0.0,
      "predicted_negative_rate": 1.0,
      "probability_mean": 9.999999999999997e-07,
      "probability_std": 2.117582368135751e-22,
      "probability_min": 1e-06,
      "probability_max": 1e-06,
      "baseline_name": "always_away",
      "constant_probability": 1e-06
    }
  },
  "model_vs_baselines": {
    "constant_0_5": {
      "delta_brier": 0.005088772401439123,
      "beats_brier": false,
      "delta_logloss": 0.010222598166997998,
      "beats_logloss": false,
      "delta_roc_auc": -0.00744416873449133,
      "beats_roc_auc": false
    },
    "base_rate_train_calibration": {
      "delta_brier": -0.0028013728584156405,
      "beats_brier": true,
      "delta_logloss": -0.005634793874632726,
      "beats_logloss": true,
      "delta_roc_auc": -0.00744416873449133,
      "beats_roc_auc": false
    },
    "always_home": {
      "delta_brier": -0.2887697890030696,
      "beats_brier": true,
      "delta_logloss": -6.810329401904882,
      "beats_logloss": true,
      "delta_roc_auc": -0.00744416873449133,
      "beats_roc_auc": false
    },
    "always_away": {
      "delta_brier": -0.201050666196052,
      "beats_brier": true,
      "delta_logloss": -5.598442598590367,
      "beats_logloss": true,
      "delta_roc_auc": -0.00744416873449133,
      "beats_roc_auc": false
    }
  },
  "confusion_matrix": [
    [
      0,
      31
    ],
    [
      0,
      26
    ]
  ],
  "recommendations": [
    "Keep model in tracking-only mode until OOS discrimination and calibration beat simple baselines.",
    "Investigate feature quality and expand finalized samples before artifact promotion.",
    "Do not use hit rate alone; require Brier/logloss/AUC improvement over baselines."
  ],
  "live_betting_allowed": false,
  "automated_wagering_allowed": false,
  "production_model_replacement_allowed": false
}