{
  "generated_at": "2026-06-30T17:33:26.941863Z",
  "report_type": "prediction_collapse_report",
  "status": "failed",
  "model_has_no_discrimination_power": true,
  "do_not_promote": true,
  "collapse_reasons": [
    "balanced_accuracy_near_random",
    "single_class_negative_prediction_collapse",
    "probability_distribution_too_narrow",
    "brier_near_random_0_25",
    "logloss_near_random_0_693"
  ],
  "source_model_eval_report": "report/model_eval_report.json",
  "sample_count": 440,
  "test_sample_count": 66,
  "metrics": {
    "accuracy": 0.5151515151515151,
    "balanced_accuracy": 0.5,
    "precision": 0.0,
    "recall": 0.0,
    "f1": 0.0,
    "roc_auc": 0.46875,
    "brier": 0.2532513703988794,
    "logloss": 0.6997266778627454,
    "predicted_positive_rate": 0.0,
    "predicted_negative_rate": 1.0,
    "probability_mean": 0.43777747151679086,
    "probability_std": 0.010302037574456172,
    "probability_min": 0.41003376864287616,
    "probability_max": 0.46881105560864156
  },
  "baseline_metrics": {
    "constant_0_5": {
      "accuracy": 0.48484848484848486,
      "balanced_accuracy": 0.5,
      "precision": 0.48484848484848486,
      "recall": 1.0,
      "f1": 0.6530612244897959,
      "roc_auc": 0.5,
      "brier": 0.25,
      "logloss": 0.6931471805599454,
      "predicted_positive_rate": 1.0,
      "predicted_negative_rate": 0.0,
      "probability_mean": 0.5,
      "probability_std": 0.0,
      "probability_min": 0.5,
      "probability_max": 0.5,
      "baseline_name": "constant_0_5",
      "constant_probability": 0.5
    },
    "base_rate_train_calibration": {
      "accuracy": 0.48484848484848486,
      "balanced_accuracy": 0.5,
      "precision": 0.48484848484848486,
      "recall": 1.0,
      "f1": 0.6530612244897959,
      "roc_auc": 0.5,
      "brier": 0.25282392976636453,
      "logloss": 0.6988106681948962,
      "predicted_positive_rate": 1.0,
      "predicted_negative_rate": 0.0,
      "probability_mean": 0.5401069518716578,
      "probability_std": 0.0,
      "probability_min": 0.5401069518716578,
      "probability_max": 0.5401069518716578,
      "baseline_name": "base_rate_train_calibration",
      "constant_probability": 0.5401069518716578
    },
    "always_home": {
      "accuracy": 0.48484848484848486,
      "balanced_accuracy": 0.5,
      "precision": 0.48484848484848486,
      "recall": 1.0,
      "f1": 0.6530612244897959,
      "roc_auc": 0.5,
      "brier": 0.5151504848494849,
      "logloss": 7.117081681360964,
      "predicted_positive_rate": 1.0,
      "predicted_negative_rate": 0.0,
      "probability_mean": 0.999999,
      "probability_std": 0.0,
      "probability_min": 0.999999,
      "probability_max": 0.999999,
      "baseline_name": "always_home",
      "constant_probability": 0.999999
    },
    "always_away": {
      "accuracy": 0.5151515151515151,
      "balanced_accuracy": 0.5,
      "precision": 0.0,
      "recall": 0.0,
      "f1": 0.0,
      "roc_auc": 0.5,
      "brier": 0.4848475151525151,
      "logloss": 6.698429876588996,
      "predicted_positive_rate": 0.0,
      "predicted_negative_rate": 1.0,
      "probability_mean": 1e-06,
      "probability_std": 0.0,
      "probability_min": 1e-06,
      "probability_max": 1e-06,
      "baseline_name": "always_away",
      "constant_probability": 1e-06
    }
  },
  "model_vs_baselines": {
    "constant_0_5": {
      "delta_brier": 0.003251370398879405,
      "beats_brier": false,
      "delta_logloss": 0.0065794973028000525,
      "beats_logloss": false,
      "delta_roc_auc": -0.03125,
      "beats_roc_auc": false
    },
    "base_rate_train_calibration": {
      "delta_brier": 0.00042744063251487496,
      "beats_brier": false,
      "delta_logloss": 0.0009160096678492158,
      "beats_logloss": false,
      "delta_roc_auc": -0.03125,
      "beats_roc_auc": false
    },
    "always_home": {
      "delta_brier": -0.2618991144506055,
      "beats_brier": true,
      "delta_logloss": -6.417355003498218,
      "beats_logloss": true,
      "delta_roc_auc": -0.03125,
      "beats_roc_auc": false
    },
    "always_away": {
      "delta_brier": -0.2315961447536357,
      "beats_brier": true,
      "delta_logloss": -5.9987031987262505,
      "beats_logloss": true,
      "delta_roc_auc": -0.03125,
      "beats_roc_auc": false
    }
  },
  "confusion_matrix": [
    [
      34,
      0
    ],
    [
      32,
      0
    ]
  ],
  "recommendations": [
    "Keep model in tracking-only mode until OOS discrimination and calibration beat simple baselines.",
    "Investigate feature quality and expand finalized samples before artifact promotion.",
    "Do not use hit rate alone; require Brier/logloss/AUC improvement over baselines."
  ],
  "live_betting_allowed": false,
  "automated_wagering_allowed": false,
  "production_model_replacement_allowed": false
}