{
  "generated_at": "2026-06-16T21:36:46.000381Z",
  "report_type": "prediction_collapse_report",
  "status": "failed",
  "model_has_no_discrimination_power": true,
  "do_not_promote": true,
  "collapse_reasons": [
    "roc_auc_near_random",
    "balanced_accuracy_near_random",
    "single_class_positive_prediction_collapse",
    "brier_near_random_0_25",
    "logloss_near_random_0_693",
    "test_sample_count_too_small_for_stable_claims"
  ],
  "source_model_eval_report": "report/model_eval_report.json",
  "sample_count": 252,
  "test_sample_count": 38,
  "metrics": {
    "accuracy": 0.5526315789473685,
    "balanced_accuracy": 0.5,
    "precision": 0.5526315789473685,
    "recall": 1.0,
    "f1": 0.711864406779661,
    "roc_auc": 0.5126050420168067,
    "brier": 0.25881946503179776,
    "logloss": 0.7116405965174838,
    "predicted_positive_rate": 1.0,
    "predicted_negative_rate": 0.0,
    "probability_mean": 0.661199570400887,
    "probability_std": 0.04831126069010233,
    "probability_min": 0.5830506654199666,
    "probability_max": 0.807475707188477
  },
  "baseline_metrics": {
    "constant_0_5": {
      "accuracy": 0.5526315789473685,
      "balanced_accuracy": 0.5,
      "precision": 0.5526315789473685,
      "recall": 1.0,
      "f1": 0.711864406779661,
      "roc_auc": 0.5,
      "brier": 0.25,
      "logloss": 0.6931471805599451,
      "predicted_positive_rate": 1.0,
      "predicted_negative_rate": 0.0,
      "probability_mean": 0.5,
      "probability_std": 0.0,
      "probability_min": 0.5,
      "probability_max": 0.5,
      "baseline_name": "constant_0_5",
      "constant_probability": 0.5
    },
    "base_rate_train_calibration": {
      "accuracy": 0.5526315789473685,
      "balanced_accuracy": 0.5,
      "precision": 0.5526315789473685,
      "recall": 1.0,
      "f1": 0.711864406779661,
      "roc_auc": 0.5,
      "brier": 0.24724177243703202,
      "logloss": 0.6876207383757645,
      "predicted_positive_rate": 1.0,
      "predicted_negative_rate": 0.0,
      "probability_mean": 0.5560747663551404,
      "probability_std": 2.220446049250313e-16,
      "probability_min": 0.5560747663551402,
      "probability_max": 0.5560747663551402,
      "baseline_name": "base_rate_train_calibration",
      "constant_probability": 0.5560747663551402
    },
    "always_home": {
      "accuracy": 0.5526315789473685,
      "balanced_accuracy": 0.5,
      "precision": 0.5526315789473685,
      "recall": 1.0,
      "f1": 0.711864406779661,
      "roc_auc": 0.5,
      "brier": 0.4473675263167894,
      "logloss": 6.1806236969714305,
      "predicted_positive_rate": 1.0,
      "predicted_negative_rate": 0.0,
      "probability_mean": 0.9999990000000003,
      "probability_std": 3.3306690738754696e-16,
      "probability_min": 0.999999,
      "probability_max": 0.999999,
      "baseline_name": "always_home",
      "constant_probability": 0.999999
    },
    "always_away": {
      "accuracy": 0.4473684210526316,
      "balanced_accuracy": 0.5,
      "precision": 0.0,
      "recall": 0.0,
      "f1": 0.0,
      "roc_auc": 0.5,
      "brier": 0.5526304736852103,
      "logloss": 7.63488786098048,
      "predicted_positive_rate": 0.0,
      "predicted_negative_rate": 1.0,
      "probability_mean": 9.999999999999995e-07,
      "probability_std": 4.235164736271502e-22,
      "probability_min": 1e-06,
      "probability_max": 1e-06,
      "baseline_name": "always_away",
      "constant_probability": 1e-06
    }
  },
  "model_vs_baselines": {
    "constant_0_5": {
      "delta_brier": 0.008819465031797757,
      "beats_brier": false,
      "delta_logloss": 0.018493415957538728,
      "beats_logloss": false,
      "delta_roc_auc": 0.012605042016806678,
      "beats_roc_auc": true
    },
    "base_rate_train_calibration": {
      "delta_brier": 0.011577692594765737,
      "beats_brier": false,
      "delta_logloss": 0.024019858141719252,
      "beats_logloss": false,
      "delta_roc_auc": 0.012605042016806678,
      "beats_roc_auc": true
    },
    "always_home": {
      "delta_brier": -0.18854806128499163,
      "beats_brier": true,
      "delta_logloss": -5.468983100453947,
      "beats_logloss": true,
      "delta_roc_auc": 0.012605042016806678,
      "beats_roc_auc": true
    },
    "always_away": {
      "delta_brier": -0.2938110086534126,
      "beats_brier": true,
      "delta_logloss": -6.923247264462996,
      "beats_logloss": true,
      "delta_roc_auc": 0.012605042016806678,
      "beats_roc_auc": true
    }
  },
  "confusion_matrix": [
    [
      0,
      17
    ],
    [
      0,
      21
    ]
  ],
  "recommendations": [
    "Keep model in tracking-only mode until OOS discrimination and calibration beat simple baselines.",
    "Investigate feature quality and expand finalized samples before artifact promotion.",
    "Do not use hit rate alone; require Brier/logloss/AUC improvement over baselines."
  ],
  "live_betting_allowed": false,
  "automated_wagering_allowed": false,
  "production_model_replacement_allowed": false
}