{
  "generated_at": "2026-06-28T22:32:17.912639Z",
  "report_type": "prediction_collapse_report",
  "status": "failed",
  "model_has_no_discrimination_power": true,
  "do_not_promote": true,
  "collapse_reasons": [
    "roc_auc_near_random",
    "single_class_negative_prediction_collapse",
    "brier_near_random_0_25",
    "logloss_near_random_0_693"
  ],
  "source_model_eval_report": "report/model_eval_report.json",
  "sample_count": 424,
  "test_sample_count": 64,
  "metrics": {
    "accuracy": 0.546875,
    "balanced_accuracy": 0.5332355816226784,
    "precision": 0.75,
    "recall": 0.0967741935483871,
    "f1": 0.17142857142857143,
    "roc_auc": 0.5073313782991202,
    "brier": 0.24991413363701157,
    "logloss": 0.6929849431905779,
    "predicted_positive_rate": 0.0625,
    "predicted_negative_rate": 0.9375,
    "probability_mean": 0.46444686515316247,
    "probability_std": 0.024502293263919138,
    "probability_min": 0.4149190367495952,
    "probability_max": 0.5517106320520828
  },
  "baseline_metrics": {
    "constant_0_5": {
      "accuracy": 0.484375,
      "balanced_accuracy": 0.5,
      "precision": 0.484375,
      "recall": 1.0,
      "f1": 0.6526315789473685,
      "roc_auc": 0.5,
      "brier": 0.25,
      "logloss": 0.6931471805599453,
      "predicted_positive_rate": 1.0,
      "predicted_negative_rate": 0.0,
      "probability_mean": 0.5,
      "probability_std": 0.0,
      "probability_min": 0.5,
      "probability_max": 0.5,
      "baseline_name": "constant_0_5",
      "constant_probability": 0.5
    },
    "base_rate_train_calibration": {
      "accuracy": 0.484375,
      "balanced_accuracy": 0.5,
      "precision": 0.484375,
      "recall": 1.0,
      "f1": 0.6526315789473685,
      "roc_auc": 0.5,
      "brier": 0.2530381944444444,
      "logloss": 0.6992417352908539,
      "predicted_positive_rate": 1.0,
      "predicted_negative_rate": 0.0,
      "probability_mean": 0.5416666666666666,
      "probability_std": 0.0,
      "probability_min": 0.5416666666666666,
      "probability_max": 0.5416666666666666,
      "baseline_name": "base_rate_train_calibration",
      "constant_probability": 0.5416666666666666
    },
    "always_home": {
      "accuracy": 0.484375,
      "balanced_accuracy": 0.5,
      "precision": 0.484375,
      "recall": 1.0,
      "f1": 0.6526315789473685,
      "roc_auc": 0.5,
      "brier": 0.515623968751,
      "logloss": 7.1236231158107435,
      "predicted_positive_rate": 1.0,
      "predicted_negative_rate": 0.0,
      "probability_mean": 0.999999,
      "probability_std": 0.0,
      "probability_min": 0.999999,
      "probability_max": 0.999999,
      "baseline_name": "always_home",
      "constant_probability": 0.999999
    },
    "always_away": {
      "accuracy": 0.515625,
      "balanced_accuracy": 0.5,
      "precision": 0.0,
      "recall": 0.0,
      "f1": 0.0,
      "roc_auc": 0.5,
      "brier": 0.484374031251,
      "logloss": 6.691888442139203,
      "predicted_positive_rate": 0.0,
      "predicted_negative_rate": 1.0,
      "probability_mean": 1e-06,
      "probability_std": 0.0,
      "probability_min": 1e-06,
      "probability_max": 1e-06,
      "baseline_name": "always_away",
      "constant_probability": 1e-06
    }
  },
  "model_vs_baselines": {
    "constant_0_5": {
      "delta_brier": -8.586636298843486e-05,
      "beats_brier": true,
      "delta_logloss": -0.00016223736936737954,
      "beats_logloss": true,
      "delta_roc_auc": 0.007331378299120228,
      "beats_roc_auc": true
    },
    "base_rate_train_calibration": {
      "delta_brier": -0.0031240608074328546,
      "beats_brier": true,
      "delta_logloss": -0.006256792100275965,
      "beats_logloss": true,
      "delta_roc_auc": 0.007331378299120228,
      "beats_roc_auc": true
    },
    "always_home": {
      "delta_brier": -0.2657098351139885,
      "beats_brier": true,
      "delta_logloss": -6.430638172620165,
      "beats_logloss": true,
      "delta_roc_auc": 0.007331378299120228,
      "beats_roc_auc": true
    },
    "always_away": {
      "delta_brier": -0.23445989761398842,
      "beats_brier": true,
      "delta_logloss": -5.998903498948625,
      "beats_logloss": true,
      "delta_roc_auc": 0.007331378299120228,
      "beats_roc_auc": true
    }
  },
  "confusion_matrix": [
    [
      32,
      1
    ],
    [
      28,
      3
    ]
  ],
  "recommendations": [
    "Keep model in tracking-only mode until OOS discrimination and calibration beat simple baselines.",
    "Investigate feature quality and expand finalized samples before artifact promotion.",
    "Do not use hit rate alone; require Brier/logloss/AUC improvement over baselines."
  ],
  "live_betting_allowed": false,
  "automated_wagering_allowed": false,
  "production_model_replacement_allowed": false
}