{
  "generated_at": "2026-06-29T00:36:58.979447+00:00",
  "status": "ok",
  "trained": true,
  "skipped": false,
  "skip_reason": "",
  "sample_count": 346,
  "train_count": 242,
  "calibration_count": 52,
  "validation_count": 52,
  "model_columns": [
    "lightgbm_classifier",
    "logistic_baseline",
    "market_residual_model",
    "xgboost_classifier"
  ],
  "ensemble_methods": {
    "simple_average": {
      "ok": true,
      "sample_count": 52,
      "positive_count": 25,
      "negative_count": 27,
      "brier": 0.27009406164525934,
      "logloss": 0.7352931256102415,
      "accuracy": 0.4423076923076923,
      "auc": 0.42814814814814817,
      "ece": 0.15737483061346297,
      "warnings": [],
      "errors": []
    },
    "weighted_average": {
      "ok": true,
      "sample_count": 52,
      "positive_count": 25,
      "negative_count": 27,
      "brier": 0.2700109255324951,
      "logloss": 0.735138109798899,
      "accuracy": 0.46153846153846156,
      "auc": 0.42814814814814817,
      "ece": 0.12265734686040972,
      "warnings": [],
      "errors": [],
      "weights": {
        "lightgbm_classifier": 0.24739276950444494,
        "logistic_baseline": 0.2532771877142817,
        "market_residual_model": 0.24336539837990975,
        "xgboost_classifier": 0.2559646444013635
      }
    },
    "logistic_stacking": {
      "ok": true,
      "sample_count": 52,
      "positive_count": 25,
      "negative_count": 27,
      "brier": 0.23500420331449218,
      "logloss": 0.662358630642914,
      "accuracy": 0.6538461538461539,
      "auc": 0.6296296296296297,
      "ece": 0.13569360229462493,
      "warnings": [],
      "errors": []
    }
  },
  "recommended_shadow_ensemble": "logistic_stacking",
  "promotion_eligible": false,
  "promotion_blockers": [
    "best ensemble ECE above threshold: 0.1357 > 0.05"
  ],
  "warnings": [],
  "shadow_only": true,
  "live_betting_allowed": false,
  "automated_wagering_allowed": false,
  "production_model_replacement_allowed": false
}
