{
  "generated_at": "2026-06-17T20:46:42.960288+00:00",
  "status": "ok",
  "trained": true,
  "skipped": false,
  "skip_reason": "",
  "sample_count": 191,
  "train_count": 133,
  "calibration_count": 29,
  "validation_count": 29,
  "model_columns": [
    "lightgbm_classifier",
    "logistic_baseline",
    "market_residual_model",
    "xgboost_classifier"
  ],
  "ensemble_methods": {
    "simple_average": {
      "ok": true,
      "sample_count": 29,
      "positive_count": 15,
      "negative_count": 14,
      "brier": 0.26400987014357175,
      "logloss": 0.7238217429234104,
      "accuracy": 0.4827586206896552,
      "auc": 0.48571428571428577,
      "ece": 0.1661128317776869,
      "warnings": [],
      "errors": []
    },
    "weighted_average": {
      "ok": true,
      "sample_count": 29,
      "positive_count": 15,
      "negative_count": 14,
      "brier": 0.26570251141582174,
      "logloss": 0.7275120967105543,
      "accuracy": 0.5172413793103449,
      "auc": 0.4761904761904762,
      "ece": 0.13803275829003653,
      "warnings": [],
      "errors": [],
      "weights": {
        "lightgbm_classifier": 0.25187732613677405,
        "logistic_baseline": 0.2750165455941082,
        "market_residual_model": 0.19391134032531931,
        "xgboost_classifier": 0.27919478794379843
      }
    },
    "logistic_stacking": {
      "ok": true,
      "sample_count": 29,
      "positive_count": 15,
      "negative_count": 14,
      "brier": 0.25180637163507036,
      "logloss": 0.6970606155107245,
      "accuracy": 0.6206896551724138,
      "auc": 0.49523809523809526,
      "ece": 0.13461513567530276,
      "warnings": [],
      "errors": []
    }
  },
  "recommended_shadow_ensemble": "logistic_stacking",
  "promotion_eligible": false,
  "promotion_blockers": [
    "sample_count below promotion threshold: 191 < 300",
    "best ensemble ECE above threshold: 0.1346 > 0.05"
  ],
  "warnings": [],
  "shadow_only": true,
  "live_betting_allowed": false,
  "automated_wagering_allowed": false,
  "production_model_replacement_allowed": false
}
