{
  "generated_at": "2026-06-26T22:45:46.869268+00:00",
  "status": "ok",
  "trained": true,
  "skipped": false,
  "skip_reason": "",
  "sample_count": 302,
  "train_count": 211,
  "calibration_count": 45,
  "validation_count": 46,
  "model_columns": [
    "lightgbm_classifier",
    "logistic_baseline",
    "market_residual_model",
    "xgboost_classifier"
  ],
  "ensemble_methods": {
    "simple_average": {
      "ok": true,
      "sample_count": 46,
      "positive_count": 23,
      "negative_count": 23,
      "brier": 0.2690385944862216,
      "logloss": 0.7333156177374535,
      "accuracy": 0.45652173913043476,
      "auc": 0.43100189035916825,
      "ece": 0.1496805404668139,
      "warnings": [],
      "errors": []
    },
    "weighted_average": {
      "ok": true,
      "sample_count": 46,
      "positive_count": 23,
      "negative_count": 23,
      "brier": 0.26890338940008346,
      "logloss": 0.7330573700313283,
      "accuracy": 0.4782608695652174,
      "auc": 0.42911153119092627,
      "ece": 0.13215565570938675,
      "warnings": [],
      "errors": [],
      "weights": {
        "lightgbm_classifier": 0.24819688152666974,
        "logistic_baseline": 0.2549603758198436,
        "market_residual_model": 0.23884173674673778,
        "xgboost_classifier": 0.25800100590674885
      }
    },
    "logistic_stacking": {
      "ok": true,
      "sample_count": 46,
      "positive_count": 23,
      "negative_count": 23,
      "brier": 0.232277126451401,
      "logloss": 0.6563458615410132,
      "accuracy": 0.6521739130434783,
      "auc": 0.6294896030245747,
      "ece": 0.1497281990564754,
      "warnings": [],
      "errors": []
    }
  },
  "recommended_shadow_ensemble": "logistic_stacking",
  "promotion_eligible": false,
  "promotion_blockers": [
    "best ensemble ECE above threshold: 0.1497 > 0.05"
  ],
  "warnings": [],
  "shadow_only": true,
  "live_betting_allowed": false,
  "automated_wagering_allowed": false,
  "production_model_replacement_allowed": false
}
