{
  "generated_at": "2026-07-01T22:08:02.024494+00:00",
  "status": "ok",
  "trained": true,
  "skipped": false,
  "skip_reason": "",
  "sample_count": 380,
  "train_count": 266,
  "calibration_count": 57,
  "validation_count": 57,
  "model_columns": [
    "lightgbm_classifier",
    "logistic_baseline",
    "market_residual_model",
    "xgboost_classifier"
  ],
  "ensemble_methods": {
    "simple_average": {
      "ok": true,
      "sample_count": 57,
      "positive_count": 27,
      "negative_count": 30,
      "brier": 0.2653394878553382,
      "logloss": 0.7254628964556974,
      "accuracy": 0.47368421052631576,
      "auc": 0.45555555555555555,
      "ece": 0.1291762254456431,
      "warnings": [],
      "errors": []
    },
    "weighted_average": {
      "ok": true,
      "sample_count": 57,
      "positive_count": 27,
      "negative_count": 30,
      "brier": 0.26522266552097695,
      "logloss": 0.725246451479541,
      "accuracy": 0.49122807017543857,
      "auc": 0.454320987654321,
      "ece": 0.09746095187744905,
      "warnings": [],
      "errors": [],
      "weights": {
        "lightgbm_classifier": 0.24518222552380364,
        "logistic_baseline": 0.2569202498310486,
        "market_residual_model": 0.24113690278051048,
        "xgboost_classifier": 0.2567606218646373
      }
    },
    "logistic_stacking": {
      "ok": true,
      "sample_count": 57,
      "positive_count": 27,
      "negative_count": 30,
      "brier": 0.23586002390302824,
      "logloss": 0.6635803680425538,
      "accuracy": 0.6140350877192983,
      "auc": 0.611111111111111,
      "ece": 0.08878279958825838,
      "warnings": [],
      "errors": []
    }
  },
  "recommended_shadow_ensemble": "logistic_stacking",
  "promotion_eligible": false,
  "promotion_blockers": [
    "best ensemble ECE above threshold: 0.0888 > 0.05"
  ],
  "warnings": [],
  "shadow_only": true,
  "live_betting_allowed": false,
  "automated_wagering_allowed": false,
  "production_model_replacement_allowed": false
}
