{
  "generated_at": "2026-06-28T22:32:08.801721+00:00",
  "status": "ok",
  "trained": true,
  "skipped": false,
  "skip_reason": "",
  "sample_count": 344,
  "train_count": 240,
  "calibration_count": 52,
  "validation_count": 52,
  "model_columns": [
    "lightgbm_classifier",
    "logistic_baseline",
    "market_residual_model",
    "xgboost_classifier"
  ],
  "ensemble_methods": {
    "simple_average": {
      "ok": true,
      "sample_count": 52,
      "positive_count": 25,
      "negative_count": 27,
      "brier": 0.2700611737757624,
      "logloss": 0.7352272747889905,
      "accuracy": 0.4423076923076923,
      "auc": 0.42814814814814817,
      "ece": 0.15734276571069802,
      "warnings": [],
      "errors": []
    },
    "weighted_average": {
      "ok": true,
      "sample_count": 52,
      "positive_count": 25,
      "negative_count": 27,
      "brier": 0.26997649342804586,
      "logloss": 0.7350691911719891,
      "accuracy": 0.46153846153846156,
      "auc": 0.42814814814814817,
      "ece": 0.1226254702402865,
      "warnings": [],
      "errors": [],
      "weights": {
        "lightgbm_classifier": 0.24735676679820348,
        "logistic_baseline": 0.25320366604794403,
        "market_residual_model": 0.2434378505750925,
        "xgboost_classifier": 0.2560017165787599
      }
    },
    "logistic_stacking": {
      "ok": true,
      "sample_count": 52,
      "positive_count": 25,
      "negative_count": 27,
      "brier": 0.23480415581456834,
      "logloss": 0.6619678727187146,
      "accuracy": 0.6538461538461539,
      "auc": 0.6370370370370371,
      "ece": 0.13617661462282477,
      "warnings": [],
      "errors": []
    }
  },
  "recommended_shadow_ensemble": "logistic_stacking",
  "promotion_eligible": false,
  "promotion_blockers": [
    "best ensemble ECE above threshold: 0.1362 > 0.05"
  ],
  "warnings": [],
  "shadow_only": true,
  "live_betting_allowed": false,
  "automated_wagering_allowed": false,
  "production_model_replacement_allowed": false
}
