{
  "generated_at": "2026-06-29T23:25:49.331380+00:00",
  "status": "ok",
  "trained": true,
  "skipped": false,
  "skip_reason": "",
  "sample_count": 347,
  "train_count": 242,
  "calibration_count": 52,
  "validation_count": 53,
  "model_columns": [
    "lightgbm_classifier",
    "logistic_baseline",
    "market_residual_model",
    "xgboost_classifier"
  ],
  "ensemble_methods": {
    "simple_average": {
      "ok": true,
      "sample_count": 53,
      "positive_count": 26,
      "negative_count": 27,
      "brier": 0.2704002385325605,
      "logloss": 0.7358708056898259,
      "accuracy": 0.4339622641509434,
      "auc": 0.4216524216524216,
      "ece": 0.1645015636308853,
      "warnings": [],
      "errors": []
    },
    "weighted_average": {
      "ok": true,
      "sample_count": 53,
      "positive_count": 26,
      "negative_count": 27,
      "brier": 0.2703050530403119,
      "logloss": 0.7356937474225311,
      "accuracy": 0.4528301886792453,
      "auc": 0.4216524216524216,
      "ece": 0.13041589870334774,
      "warnings": [],
      "errors": [],
      "weights": {
        "lightgbm_classifier": 0.24565617153759708,
        "logistic_baseline": 0.25515950415150945,
        "market_residual_model": 0.2437830805212621,
        "xgboost_classifier": 0.25540124378963136
      }
    },
    "logistic_stacking": {
      "ok": true,
      "sample_count": 53,
      "positive_count": 26,
      "negative_count": 27,
      "brier": 0.23596536058382775,
      "logloss": 0.6643296276738119,
      "accuracy": 0.6415094339622641,
      "auc": 0.6210826210826211,
      "ece": 0.12349806396278618,
      "warnings": [],
      "errors": []
    }
  },
  "recommended_shadow_ensemble": "logistic_stacking",
  "promotion_eligible": false,
  "promotion_blockers": [
    "best ensemble ECE above threshold: 0.1235 > 0.05"
  ],
  "warnings": [],
  "shadow_only": true,
  "live_betting_allowed": false,
  "automated_wagering_allowed": false,
  "production_model_replacement_allowed": false
}
