{
  "generated_at": "2026-06-26T15:51:25.294832+00:00",
  "status": "ok",
  "trained": true,
  "skipped": false,
  "skip_reason": "",
  "sample_count": 302,
  "train_count": 211,
  "calibration_count": 45,
  "validation_count": 46,
  "model_columns": [
    "lightgbm_classifier",
    "logistic_baseline",
    "market_residual_model",
    "xgboost_classifier"
  ],
  "ensemble_methods": {
    "simple_average": {
      "ok": true,
      "sample_count": 46,
      "positive_count": 23,
      "negative_count": 23,
      "brier": 0.26903931747594895,
      "logloss": 0.733317110422527,
      "accuracy": 0.45652173913043476,
      "auc": 0.43100189035916825,
      "ece": 0.14967997632828745,
      "warnings": [],
      "errors": []
    },
    "weighted_average": {
      "ok": true,
      "sample_count": 46,
      "positive_count": 23,
      "negative_count": 23,
      "brier": 0.2689041306318587,
      "logloss": 0.7330589037464769,
      "accuracy": 0.4782608695652174,
      "auc": 0.42911153119092627,
      "ece": 0.132155076907566,
      "warnings": [],
      "errors": [],
      "weights": {
        "lightgbm_classifier": 0.24819638999454693,
        "logistic_baseline": 0.25495987089321437,
        "market_residual_model": 0.23884126374165746,
        "xgboost_classifier": 0.2580024753705813
      }
    },
    "logistic_stacking": {
      "ok": true,
      "sample_count": 46,
      "positive_count": 23,
      "negative_count": 23,
      "brier": 0.2322770954476574,
      "logloss": 0.6563457445952651,
      "accuracy": 0.6521739130434783,
      "auc": 0.6294896030245747,
      "ece": 0.14972664278830014,
      "warnings": [],
      "errors": []
    }
  },
  "recommended_shadow_ensemble": "logistic_stacking",
  "promotion_eligible": false,
  "promotion_blockers": [
    "best ensemble ECE above threshold: 0.1497 > 0.05"
  ],
  "warnings": [],
  "shadow_only": true,
  "live_betting_allowed": false,
  "automated_wagering_allowed": false,
  "production_model_replacement_allowed": false
}
