{
  "generated_at": "2026-06-30T04:37:32.681169+00:00",
  "status": "ok",
  "trained": true,
  "skipped": false,
  "skip_reason": "",
  "sample_count": 359,
  "train_count": 251,
  "calibration_count": 54,
  "validation_count": 54,
  "model_columns": [
    "lightgbm_classifier",
    "logistic_baseline",
    "market_residual_model",
    "xgboost_classifier"
  ],
  "ensemble_methods": {
    "simple_average": {
      "ok": true,
      "sample_count": 54,
      "positive_count": 26,
      "negative_count": 28,
      "brier": 0.2689546842856017,
      "logloss": 0.7329414150791687,
      "accuracy": 0.46296296296296297,
      "auc": 0.4340659340659341,
      "ece": 0.13343095115426873,
      "warnings": [],
      "errors": []
    },
    "weighted_average": {
      "ok": true,
      "sample_count": 54,
      "positive_count": 26,
      "negative_count": 28,
      "brier": 0.2688841325383133,
      "logloss": 0.7328092469737877,
      "accuracy": 0.48148148148148145,
      "auc": 0.4326923076923077,
      "ece": 0.10004594572199729,
      "warnings": [],
      "errors": [],
      "weights": {
        "lightgbm_classifier": 0.24726255286546026,
        "logistic_baseline": 0.25261610579532645,
        "market_residual_model": 0.2455430560508682,
        "xgboost_classifier": 0.25457828528834503
      }
    },
    "logistic_stacking": {
      "ok": true,
      "sample_count": 54,
      "positive_count": 26,
      "negative_count": 28,
      "brier": 0.2377141180749935,
      "logloss": 0.6680571549462793,
      "accuracy": 0.6296296296296297,
      "auc": 0.6332417582417582,
      "ece": 0.10348457681656655,
      "warnings": [],
      "errors": []
    }
  },
  "recommended_shadow_ensemble": "logistic_stacking",
  "promotion_eligible": false,
  "promotion_blockers": [
    "best ensemble ECE above threshold: 0.1035 > 0.05"
  ],
  "warnings": [],
  "shadow_only": true,
  "live_betting_allowed": false,
  "automated_wagering_allowed": false,
  "production_model_replacement_allowed": false
}
