{
  "generated_at": "2026-07-02T04:29:06.083659+00:00",
  "status": "ok",
  "trained": true,
  "skipped": false,
  "skip_reason": "",
  "sample_count": 388,
  "train_count": 271,
  "calibration_count": 58,
  "validation_count": 59,
  "model_columns": [
    "lightgbm_classifier",
    "logistic_baseline",
    "market_residual_model",
    "xgboost_classifier"
  ],
  "ensemble_methods": {
    "simple_average": {
      "ok": true,
      "sample_count": 59,
      "positive_count": 29,
      "negative_count": 30,
      "brier": 0.26485363854829136,
      "logloss": 0.7244357199791773,
      "accuracy": 0.4745762711864407,
      "auc": 0.4482758620689655,
      "ece": 0.12492963746952565,
      "warnings": [],
      "errors": []
    },
    "weighted_average": {
      "ok": true,
      "sample_count": 59,
      "positive_count": 29,
      "negative_count": 30,
      "brier": 0.26472356270438135,
      "logloss": 0.7241914775335628,
      "accuracy": 0.4915254237288136,
      "auc": 0.4482758620689655,
      "ece": 0.10869290159715198,
      "warnings": [],
      "errors": [],
      "weights": {
        "lightgbm_classifier": 0.2456845344730746,
        "logistic_baseline": 0.25675370037161904,
        "market_residual_model": 0.2409983325394681,
        "xgboost_classifier": 0.2565634326158383
      }
    },
    "logistic_stacking": {
      "ok": true,
      "sample_count": 59,
      "positive_count": 29,
      "negative_count": 30,
      "brier": 0.2368487476584359,
      "logloss": 0.6657561026627525,
      "accuracy": 0.6271186440677966,
      "auc": 0.6068965517241379,
      "ece": 0.09010583329170571,
      "warnings": [],
      "errors": []
    }
  },
  "recommended_shadow_ensemble": "logistic_stacking",
  "promotion_eligible": false,
  "promotion_blockers": [
    "best ensemble ECE above threshold: 0.0901 > 0.05"
  ],
  "warnings": [],
  "shadow_only": true,
  "live_betting_allowed": false,
  "automated_wagering_allowed": false,
  "production_model_replacement_allowed": false
}
