{
  "generated_at": "2026-06-29T22:01:01.522389+00:00",
  "status": "ok",
  "trained": true,
  "skipped": false,
  "skip_reason": "",
  "sample_count": 347,
  "train_count": 242,
  "calibration_count": 52,
  "validation_count": 53,
  "model_columns": [
    "lightgbm_classifier",
    "logistic_baseline",
    "market_residual_model",
    "xgboost_classifier"
  ],
  "ensemble_methods": {
    "simple_average": {
      "ok": true,
      "sample_count": 53,
      "positive_count": 26,
      "negative_count": 27,
      "brier": 0.2704014174809915,
      "logloss": 0.7358732041279793,
      "accuracy": 0.4339622641509434,
      "auc": 0.4216524216524216,
      "ece": 0.1645026357647472,
      "warnings": [],
      "errors": []
    },
    "weighted_average": {
      "ok": true,
      "sample_count": 53,
      "positive_count": 26,
      "negative_count": 27,
      "brier": 0.27030624659224656,
      "logloss": 0.735696179712561,
      "accuracy": 0.4528301886792453,
      "auc": 0.4216524216524216,
      "ece": 0.13041698549369873,
      "warnings": [],
      "errors": [],
      "weights": {
        "lightgbm_classifier": 0.2456552404891355,
        "logistic_baseline": 0.25515853708496955,
        "market_residual_model": 0.24378215657190366,
        "xgboost_classifier": 0.2554040658539912
      }
    },
    "logistic_stacking": {
      "ok": true,
      "sample_count": 53,
      "positive_count": 26,
      "negative_count": 27,
      "brier": 0.23596584108911753,
      "logloss": 0.6643305620278,
      "accuracy": 0.6415094339622641,
      "auc": 0.6210826210826211,
      "ece": 0.12349713223163396,
      "warnings": [],
      "errors": []
    }
  },
  "recommended_shadow_ensemble": "logistic_stacking",
  "promotion_eligible": false,
  "promotion_blockers": [
    "best ensemble ECE above threshold: 0.1235 > 0.05"
  ],
  "warnings": [],
  "shadow_only": true,
  "live_betting_allowed": false,
  "automated_wagering_allowed": false,
  "production_model_replacement_allowed": false
}
