{
  "generated_at": "2026-07-01T19:28:11.874868+00:00",
  "status": "ok",
  "trained": true,
  "skipped": false,
  "skip_reason": "",
  "sample_count": 375,
  "train_count": 262,
  "calibration_count": 56,
  "validation_count": 57,
  "model_columns": [
    "lightgbm_classifier",
    "logistic_baseline",
    "market_residual_model",
    "xgboost_classifier"
  ],
  "ensemble_methods": {
    "simple_average": {
      "ok": true,
      "sample_count": 57,
      "positive_count": 27,
      "negative_count": 30,
      "brier": 0.2634852446020238,
      "logloss": 0.7216733906446734,
      "accuracy": 0.47368421052631576,
      "auc": 0.4703703703703704,
      "ece": 0.13131388317032727,
      "warnings": [],
      "errors": []
    },
    "weighted_average": {
      "ok": true,
      "sample_count": 57,
      "positive_count": 27,
      "negative_count": 30,
      "brier": 0.26335921242289306,
      "logloss": 0.7214379761871088,
      "accuracy": 0.49122807017543857,
      "auc": 0.4703703703703703,
      "ece": 0.09961249749858955,
      "warnings": [],
      "errors": [],
      "weights": {
        "lightgbm_classifier": 0.24527721160559443,
        "logistic_baseline": 0.2569070633208504,
        "market_residual_model": 0.24134594483607108,
        "xgboost_classifier": 0.2564697802374841
      }
    },
    "logistic_stacking": {
      "ok": true,
      "sample_count": 57,
      "positive_count": 27,
      "negative_count": 30,
      "brier": 0.23556992498210103,
      "logloss": 0.6630800736513399,
      "accuracy": 0.6140350877192983,
      "auc": 0.6234567901234568,
      "ece": 0.09020776670340291,
      "warnings": [],
      "errors": []
    }
  },
  "recommended_shadow_ensemble": "logistic_stacking",
  "promotion_eligible": false,
  "promotion_blockers": [
    "best ensemble ECE above threshold: 0.0902 > 0.05"
  ],
  "warnings": [],
  "shadow_only": true,
  "live_betting_allowed": false,
  "automated_wagering_allowed": false,
  "production_model_replacement_allowed": false
}
