{
  "generated_at": "2026-07-02T11:56:11.300752+00:00",
  "status": "ok",
  "trained": true,
  "skipped": false,
  "skip_reason": "",
  "sample_count": 389,
  "train_count": 272,
  "calibration_count": 58,
  "validation_count": 59,
  "model_columns": [
    "lightgbm_classifier",
    "logistic_baseline",
    "market_residual_model",
    "xgboost_classifier"
  ],
  "ensemble_methods": {
    "simple_average": {
      "ok": true,
      "sample_count": 59,
      "positive_count": 29,
      "negative_count": 30,
      "brier": 0.2618217093220618,
      "logloss": 0.718208964808986,
      "accuracy": 0.4915254237288136,
      "auc": 0.4724137931034483,
      "ece": 0.1058886328300158,
      "warnings": [],
      "errors": []
    },
    "weighted_average": {
      "ok": true,
      "sample_count": 59,
      "positive_count": 29,
      "negative_count": 30,
      "brier": 0.2618182389275248,
      "logloss": 0.7182539666794461,
      "accuracy": 0.5084745762711864,
      "auc": 0.47471264367816096,
      "ece": 0.08979527892447216,
      "warnings": [],
      "errors": [],
      "weights": {
        "lightgbm_classifier": 0.24817936133499488,
        "logistic_baseline": 0.2601778601266435,
        "market_residual_model": 0.23183571817409415,
        "xgboost_classifier": 0.2598070603642675
      }
    },
    "logistic_stacking": {
      "ok": true,
      "sample_count": 59,
      "positive_count": 29,
      "negative_count": 30,
      "brier": 0.2327845847743206,
      "logloss": 0.6575033897973416,
      "accuracy": 0.6101694915254238,
      "auc": 0.6436781609195403,
      "ece": 0.06919827316750683,
      "warnings": [],
      "errors": []
    }
  },
  "recommended_shadow_ensemble": "logistic_stacking",
  "promotion_eligible": false,
  "promotion_blockers": [
    "best ensemble ECE above threshold: 0.0692 > 0.05"
  ],
  "warnings": [],
  "shadow_only": true,
  "live_betting_allowed": false,
  "automated_wagering_allowed": false,
  "production_model_replacement_allowed": false
}
