{
  "generated_at": "2026-06-27T22:34:33.356863+00:00",
  "status": "ok",
  "sample_count": 399,
  "underdog_sample_count": 84,
  "overall": {
    "sample_count": 84,
    "correct": 37,
    "accuracy": 0.44047619047619047,
    "brier": 0.2580763759523809,
    "logloss": 0.709469034160257,
    "ece": 0.11308809523809524,
    "insufficient_sample": false,
    "decision": "weak_slice"
  },
  "buckets": {
    "home_underdog": {
      "sample_count": 30,
      "correct": 12,
      "accuracy": 0.4,
      "brier": 0.2666976086666667,
      "logloss": 0.7279068228425621,
      "ece": 0.1471466666666667,
      "insufficient_sample": false,
      "decision": "weak_slice"
    },
    "away_underdog": {
      "sample_count": 54,
      "correct": 25,
      "accuracy": 0.46296296296296297,
      "brier": 0.25328680222222216,
      "logloss": 0.699225818225643,
      "ece": 0.09416666666666663,
      "insufficient_sample": false,
      "decision": "weak_slice"
    },
    "positive_clv_underdog": {
      "sample_count": 44,
      "correct": 17,
      "accuracy": 0.38636363636363635,
      "brier": 0.25661173227272727,
      "logloss": 0.7059216122693369,
      "ece": 0.17750454545454541,
      "insufficient_sample": false,
      "decision": "weak_slice"
    },
    "non_positive_clv_underdog": {
      "sample_count": 40,
      "correct": 20,
      "accuracy": 0.5,
      "brier": 0.25968748399999997,
      "logloss": 0.7133711982402688,
      "ece": 0.08025499999999997,
      "insufficient_sample": false,
      "decision": "tracking_only"
    },
    "starter_edge_underdog": {
      "sample_count": 42,
      "correct": 19,
      "accuracy": 0.4523809523809524,
      "brier": 0.2575259954761905,
      "logloss": 0.7080005593642424,
      "ece": 0.11309285714285716,
      "insufficient_sample": false,
      "decision": "weak_slice"
    },
    "no_starter_edge_underdog": {
      "sample_count": 42,
      "correct": 18,
      "accuracy": 0.42857142857142855,
      "brier": 0.2586267564285714,
      "logloss": 0.7109375089562714,
      "ece": 0.12265476190476196,
      "insufficient_sample": false,
      "decision": "weak_slice"
    },
    "bullpen_edge_underdog": {
      "sample_count": 20,
      "correct": 8,
      "accuracy": 0.4,
      "brier": 0.2532486685,
      "logloss": 0.6984328041710508,
      "ece": 0.17320500000000005,
      "insufficient_sample": true,
      "decision": "insufficient_sample"
    },
    "lineup_context_available_underdog": {
      "sample_count": 0,
      "correct": 0,
      "accuracy": null,
      "brier": null,
      "logloss": null,
      "ece": null,
      "insufficient_sample": true,
      "decision": "insufficient_sample"
    },
    "lineup_context_missing_underdog": {
      "sample_count": 84,
      "correct": 37,
      "accuracy": 0.44047619047619047,
      "brier": 0.2580763759523809,
      "logloss": 0.709469034160257,
      "ece": 0.11308809523809524,
      "insufficient_sample": false,
      "decision": "weak_slice"
    },
    "high_confidence_underdog": {
      "sample_count": 3,
      "correct": 2,
      "accuracy": 0.6666666666666666,
      "brier": 0.21570401000000003,
      "logloss": 0.6193766361924109,
      "ece": 0.4200333333333333,
      "insufficient_sample": true,
      "decision": "insufficient_sample"
    },
    "low_confidence_underdog": {
      "sample_count": 81,
      "correct": 35,
      "accuracy": 0.43209876543209874,
      "brier": 0.25964572283950615,
      "logloss": 0.7128057896405475,
      "ece": 0.10957407407407409,
      "insufficient_sample": false,
      "decision": "weak_slice"
    }
  },
  "recommendation": {
    "underdog_policy": "TRACKING_ONLY",
    "allow_when": [],
    "block_when": [
      "away_underdog is weak",
      "home_underdog is weak",
      "lineup_context_missing_underdog is weak",
      "low_confidence_underdog is weak",
      "no_starter_edge_underdog is weak",
      "overall underdog slice is not strong enough for paper entry upgrade",
      "positive_clv_underdog is weak",
      "starter_edge_underdog is weak"
    ],
    "notes": []
  },
  "sample_state": {
    "generated_at": "2026-06-27T22:34:30.734599+00:00",
    "last_updated": "2026-06-27T22:34:30.734613+00:00",
    "status": "ok",
    "current_stage": "STAGE_2_BASELINE_TRAINING_READY",
    "input_files": {
      "prediction_snapshots": {
        "path": "data/prediction_snapshots.csv",
        "exists": true,
        "rows": 418,
        "error": ""
      },
      "finalized_games": {
        "path": "data/finalized_games.csv",
        "exists": true,
        "rows": 1194,
        "error": ""
      },
      "finalized_snapshot_outcomes": {
        "path": "data/finalized_snapshot_outcomes.csv",
        "exists": true,
        "rows": 399,
        "error": ""
      },
      "training_samples": {
        "path": "data/training_samples.csv",
        "exists": true,
        "rows": 399,
        "error": ""
      },
      "settled_prediction_link_report": {
        "path": "report/settled_prediction_link_report.json",
        "exists": true,
        "error": "",
        "type": "dict"
      },
      "finalized_linkage_diagnostic": {
        "path": "report/finalized_linkage_diagnostic_report.json",
        "exists": true,
        "error": "",
        "type": "dict"
      },
      "rolling_walkforward_evaluation": {
        "path": "report/rolling_walkforward_evaluation.json",
        "exists": true,
        "error": "",
        "type": "dict"
      },
      "training_status": {
        "path": "data/training_status.json",
        "exists": true,
        "error": "",
        "type": "dict"
      },
      "model_artifact_status": {
        "path": "data/model_artifact_status.json",
        "exists": true,
        "error": "",
        "type": "dict"
      }
    },
    "raw_snapshots": 418,
    "valid_snapshots": 418,
    "finalized_games": 1194,
    "finalized_snapshot_outcome_rows": 399,
    "linked_games": 399,
    "settled_snapshots": 399,
    "clean_settled_snapshots": 399,
    "clean_settled_sample_count": 399,
    "train_eligible_samples": 399,
    "training_status_sample_count": 399,
    "loaded_artifact_sample_count": 399,
    "model_artifact_training_samples": 399,
    "active_model_sample_count": 399,
    "model_artifact_valid": true,
    "model_artifact_error": "",
    "walkforward_predictions": 0,
    "link_rate": 0.954545,
    "minimum_clean_train_samples": 300,
    "minimum_promotion_samples": 500,
    "minimum_walkforward_predictions": 300,
    "trained": true,
    "training_allowed": true,
    "promotion_sample_ready": false,
    "walkforward_ready": false,
    "calibration_sample_ready": false,
    "live_betting_allowed": false,
    "shadow_live_allowed": false,
    "production_allowed": false,
    "production_model_replacement_allowed": false,
    "errors": [],
    "warnings": [
      "Finalized linkage diagnostic: overlap_after=399, api_final_written=0, pending_not_final=19, api_not_found_or_failed=0."
    ],
    "recommendations": [
      "Promotion sample threshold not met: 399 < 500.",
      "Rolling walk-forward predictions below threshold: 0 < 300."
    ]
  },
  "warnings": [],
  "errors": [],
  "live_betting_allowed": false,
  "automated_wagering_allowed": false,
  "production_model_replacement_allowed": false
}
