{
  "generated_at": "2026-07-01T16:54:36.611080+00:00",
  "status": "ok",
  "sample_count": 455,
  "underdog_sample_count": 92,
  "overall": {
    "sample_count": 92,
    "correct": 40,
    "accuracy": 0.43478260869565216,
    "brier": 0.2580222738043478,
    "logloss": 0.7093516783166025,
    "ece": 0.11583586956521735,
    "insufficient_sample": false,
    "decision": "weak_slice"
  },
  "buckets": {
    "home_underdog": {
      "sample_count": 32,
      "correct": 13,
      "accuracy": 0.40625,
      "brier": 0.265612870625,
      "logloss": 0.7256516896074887,
      "ece": 0.1396499999999999,
      "insufficient_sample": false,
      "decision": "weak_slice"
    },
    "away_underdog": {
      "sample_count": 60,
      "correct": 27,
      "accuracy": 0.45,
      "brier": 0.2539739555,
      "logloss": 0.7006583389614635,
      "ece": 0.10313499999999998,
      "insufficient_sample": false,
      "decision": "weak_slice"
    },
    "positive_clv_underdog": {
      "sample_count": 50,
      "correct": 19,
      "accuracy": 0.38,
      "brier": 0.2574822846,
      "logloss": 0.7077280107864735,
      "ece": 0.17869799999999997,
      "insufficient_sample": false,
      "decision": "weak_slice"
    },
    "non_positive_clv_underdog": {
      "sample_count": 42,
      "correct": 21,
      "accuracy": 0.5,
      "brier": 0.25866511809523807,
      "logloss": 0.7112846158524703,
      "ece": 0.0662142857142857,
      "insufficient_sample": false,
      "decision": "tracking_only"
    },
    "starter_edge_underdog": {
      "sample_count": 48,
      "correct": 22,
      "accuracy": 0.4583333333333333,
      "brier": 0.25603729354166666,
      "logloss": 0.7050467979794984,
      "ece": 0.1100395833333333,
      "insufficient_sample": false,
      "decision": "weak_slice"
    },
    "no_starter_edge_underdog": {
      "sample_count": 44,
      "correct": 18,
      "accuracy": 0.4090909090909091,
      "brier": 0.2601877068181819,
      "logloss": 0.714047911411625,
      "ece": 0.1416727272727273,
      "insufficient_sample": false,
      "decision": "weak_slice"
    },
    "bullpen_edge_underdog": {
      "sample_count": 25,
      "correct": 10,
      "accuracy": 0.4,
      "brier": 0.2538605704,
      "logloss": 0.6999173477140094,
      "ece": 0.162416,
      "insufficient_sample": true,
      "decision": "insufficient_sample"
    },
    "lineup_context_available_underdog": {
      "sample_count": 0,
      "correct": 0,
      "accuracy": null,
      "brier": null,
      "logloss": null,
      "ece": null,
      "insufficient_sample": true,
      "decision": "insufficient_sample"
    },
    "lineup_context_missing_underdog": {
      "sample_count": 92,
      "correct": 40,
      "accuracy": 0.43478260869565216,
      "brier": 0.2580222738043478,
      "logloss": 0.7093516783166025,
      "ece": 0.11583586956521735,
      "insufficient_sample": false,
      "decision": "weak_slice"
    },
    "high_confidence_underdog": {
      "sample_count": 3,
      "correct": 2,
      "accuracy": 0.6666666666666666,
      "brier": 0.21570401000000003,
      "logloss": 0.6193766361924109,
      "ece": 0.4200333333333333,
      "insufficient_sample": true,
      "decision": "insufficient_sample"
    },
    "low_confidence_underdog": {
      "sample_count": 89,
      "correct": 38,
      "accuracy": 0.42696629213483145,
      "brier": 0.25944873213483144,
      "logloss": 0.7123845449050584,
      "ece": 0.11273033707865164,
      "insufficient_sample": false,
      "decision": "weak_slice"
    }
  },
  "recommendation": {
    "underdog_policy": "TRACKING_ONLY",
    "allow_when": [],
    "block_when": [
      "away_underdog is weak",
      "home_underdog is weak",
      "lineup_context_missing_underdog is weak",
      "low_confidence_underdog is weak",
      "no_starter_edge_underdog is weak",
      "overall underdog slice is not strong enough for paper entry upgrade",
      "positive_clv_underdog is weak",
      "starter_edge_underdog is weak"
    ],
    "notes": []
  },
  "sample_state": {
    "generated_at": "2026-07-01T16:54:33.816762+00:00",
    "last_updated": "2026-07-01T16:54:33.816780+00:00",
    "status": "ok",
    "current_stage": "STAGE_2_BASELINE_TRAINING_READY",
    "input_files": {
      "prediction_snapshots": {
        "path": "data/prediction_snapshots.csv",
        "exists": true,
        "rows": 475,
        "error": ""
      },
      "finalized_games": {
        "path": "data/finalized_games.csv",
        "exists": true,
        "rows": 1250,
        "error": ""
      },
      "finalized_snapshot_outcomes": {
        "path": "data/finalized_snapshot_outcomes.csv",
        "exists": true,
        "rows": 455,
        "error": ""
      },
      "training_samples": {
        "path": "data/training_samples.csv",
        "exists": true,
        "rows": 455,
        "error": ""
      },
      "settled_prediction_link_report": {
        "path": "report/settled_prediction_link_report.json",
        "exists": true,
        "error": "",
        "type": "dict"
      },
      "finalized_linkage_diagnostic": {
        "path": "report/finalized_linkage_diagnostic_report.json",
        "exists": true,
        "error": "",
        "type": "dict"
      },
      "rolling_walkforward_evaluation": {
        "path": "report/rolling_walkforward_evaluation.json",
        "exists": true,
        "error": "",
        "type": "dict"
      },
      "training_status": {
        "path": "data/training_status.json",
        "exists": true,
        "error": "",
        "type": "dict"
      },
      "model_artifact_status": {
        "path": "data/model_artifact_status.json",
        "exists": true,
        "error": "",
        "type": "dict"
      }
    },
    "raw_snapshots": 475,
    "valid_snapshots": 475,
    "finalized_games": 1250,
    "finalized_snapshot_outcome_rows": 455,
    "linked_games": 455,
    "settled_snapshots": 455,
    "clean_settled_snapshots": 455,
    "clean_settled_sample_count": 455,
    "train_eligible_samples": 455,
    "training_status_sample_count": 455,
    "loaded_artifact_sample_count": 455,
    "model_artifact_training_samples": 455,
    "active_model_sample_count": 455,
    "model_artifact_valid": true,
    "model_artifact_error": "",
    "walkforward_predictions": 0,
    "link_rate": 0.957895,
    "minimum_clean_train_samples": 300,
    "minimum_promotion_samples": 500,
    "minimum_walkforward_predictions": 300,
    "trained": true,
    "training_allowed": true,
    "promotion_sample_ready": false,
    "walkforward_ready": false,
    "calibration_sample_ready": false,
    "live_betting_allowed": false,
    "shadow_live_allowed": false,
    "production_allowed": false,
    "production_model_replacement_allowed": false,
    "errors": [],
    "warnings": [
      "Finalized linkage diagnostic: overlap_after=455, api_final_written=0, pending_not_final=20, api_not_found_or_failed=0."
    ],
    "recommendations": [
      "Promotion sample threshold not met: 455 < 500.",
      "Rolling walk-forward predictions below threshold: 0 < 300."
    ]
  },
  "warnings": [],
  "errors": [],
  "live_betting_allowed": false,
  "automated_wagering_allowed": false,
  "production_model_replacement_allowed": false
}
