{
  "generated_at": "2026-06-28T22:32:12.795042+00:00",
  "status": "ok",
  "sample_count": 424,
  "underdog_sample_count": 90,
  "overall": {
    "sample_count": 90,
    "correct": 39,
    "accuracy": 0.43333333333333335,
    "brier": 0.2582490398888889,
    "logloss": 0.7098087705832054,
    "ece": 0.11833000000000006,
    "insufficient_sample": false,
    "decision": "weak_slice"
  },
  "buckets": {
    "home_underdog": {
      "sample_count": 32,
      "correct": 13,
      "accuracy": 0.40625,
      "brier": 0.265612870625,
      "logloss": 0.7256516896074887,
      "ece": 0.1396499999999999,
      "insufficient_sample": false,
      "decision": "weak_slice"
    },
    "away_underdog": {
      "sample_count": 58,
      "correct": 26,
      "accuracy": 0.4482758620689655,
      "brier": 0.2541862367241379,
      "logloss": 0.7010678497422215,
      "ece": 0.10656724137931049,
      "insufficient_sample": false,
      "decision": "weak_slice"
    },
    "positive_clv_underdog": {
      "sample_count": 48,
      "correct": 18,
      "accuracy": 0.375,
      "brier": 0.25788497145833333,
      "logloss": 0.7085174059725986,
      "ece": 0.18599374999999996,
      "insufficient_sample": false,
      "decision": "weak_slice"
    },
    "non_positive_clv_underdog": {
      "sample_count": 42,
      "correct": 21,
      "accuracy": 0.5,
      "brier": 0.25866511809523807,
      "logloss": 0.7112846158524703,
      "ece": 0.0662142857142857,
      "insufficient_sample": false,
      "decision": "tracking_only"
    },
    "starter_edge_underdog": {
      "sample_count": 46,
      "correct": 21,
      "accuracy": 0.45652173913043476,
      "brier": 0.2563946628260869,
      "logloss": 0.7057539402255866,
      "ece": 0.11466739130434785,
      "insufficient_sample": false,
      "decision": "weak_slice"
    },
    "no_starter_edge_underdog": {
      "sample_count": 44,
      "correct": 18,
      "accuracy": 0.4090909090909091,
      "brier": 0.2601877068181819,
      "logloss": 0.714047911411625,
      "ece": 0.1416727272727273,
      "insufficient_sample": false,
      "decision": "weak_slice"
    },
    "bullpen_edge_underdog": {
      "sample_count": 23,
      "correct": 9,
      "accuracy": 0.391304347826087,
      "brier": 0.2543860286956522,
      "logloss": 0.7008855930526644,
      "ece": 0.17622608695652175,
      "insufficient_sample": true,
      "decision": "insufficient_sample"
    },
    "lineup_context_available_underdog": {
      "sample_count": 0,
      "correct": 0,
      "accuracy": null,
      "brier": null,
      "logloss": null,
      "ece": null,
      "insufficient_sample": true,
      "decision": "insufficient_sample"
    },
    "lineup_context_missing_underdog": {
      "sample_count": 90,
      "correct": 39,
      "accuracy": 0.43333333333333335,
      "brier": 0.2582490398888889,
      "logloss": 0.7098087705832054,
      "ece": 0.11833000000000006,
      "insufficient_sample": false,
      "decision": "weak_slice"
    },
    "high_confidence_underdog": {
      "sample_count": 3,
      "correct": 2,
      "accuracy": 0.6666666666666666,
      "brier": 0.21570401000000003,
      "logloss": 0.6193766361924109,
      "ece": 0.4200333333333333,
      "insufficient_sample": true,
      "decision": "insufficient_sample"
    },
    "low_confidence_underdog": {
      "sample_count": 87,
      "correct": 37,
      "accuracy": 0.42528735632183906,
      "brier": 0.2597161098850575,
      "logloss": 0.712927120044957,
      "ece": 0.11523908045977019,
      "insufficient_sample": false,
      "decision": "weak_slice"
    }
  },
  "recommendation": {
    "underdog_policy": "TRACKING_ONLY",
    "allow_when": [],
    "block_when": [
      "away_underdog is weak",
      "home_underdog is weak",
      "lineup_context_missing_underdog is weak",
      "low_confidence_underdog is weak",
      "no_starter_edge_underdog is weak",
      "overall underdog slice is not strong enough for paper entry upgrade",
      "positive_clv_underdog is weak",
      "starter_edge_underdog is weak"
    ],
    "notes": []
  },
  "sample_state": {
    "generated_at": "2026-06-28T22:32:10.677326+00:00",
    "last_updated": "2026-06-28T22:32:10.677342+00:00",
    "status": "ok",
    "current_stage": "STAGE_2_BASELINE_TRAINING_READY",
    "input_files": {
      "prediction_snapshots": {
        "path": "data/prediction_snapshots.csv",
        "exists": true,
        "rows": 433,
        "error": ""
      },
      "finalized_games": {
        "path": "data/finalized_games.csv",
        "exists": true,
        "rows": 1219,
        "error": ""
      },
      "finalized_snapshot_outcomes": {
        "path": "data/finalized_snapshot_outcomes.csv",
        "exists": true,
        "rows": 424,
        "error": ""
      },
      "training_samples": {
        "path": "data/training_samples.csv",
        "exists": true,
        "rows": 424,
        "error": ""
      },
      "settled_prediction_link_report": {
        "path": "report/settled_prediction_link_report.json",
        "exists": true,
        "error": "",
        "type": "dict"
      },
      "finalized_linkage_diagnostic": {
        "path": "report/finalized_linkage_diagnostic_report.json",
        "exists": true,
        "error": "",
        "type": "dict"
      },
      "rolling_walkforward_evaluation": {
        "path": "report/rolling_walkforward_evaluation.json",
        "exists": true,
        "error": "",
        "type": "dict"
      },
      "training_status": {
        "path": "data/training_status.json",
        "exists": true,
        "error": "",
        "type": "dict"
      },
      "model_artifact_status": {
        "path": "data/model_artifact_status.json",
        "exists": true,
        "error": "",
        "type": "dict"
      }
    },
    "raw_snapshots": 433,
    "valid_snapshots": 433,
    "finalized_games": 1219,
    "finalized_snapshot_outcome_rows": 424,
    "linked_games": 424,
    "settled_snapshots": 424,
    "clean_settled_snapshots": 424,
    "clean_settled_sample_count": 424,
    "train_eligible_samples": 424,
    "training_status_sample_count": 424,
    "loaded_artifact_sample_count": 424,
    "model_artifact_training_samples": 424,
    "active_model_sample_count": 424,
    "model_artifact_valid": true,
    "model_artifact_error": "",
    "walkforward_predictions": 0,
    "link_rate": 0.979215,
    "minimum_clean_train_samples": 300,
    "minimum_promotion_samples": 500,
    "minimum_walkforward_predictions": 300,
    "trained": true,
    "training_allowed": true,
    "promotion_sample_ready": false,
    "walkforward_ready": false,
    "calibration_sample_ready": false,
    "live_betting_allowed": false,
    "shadow_live_allowed": false,
    "production_allowed": false,
    "production_model_replacement_allowed": false,
    "errors": [],
    "warnings": [
      "Finalized linkage diagnostic: overlap_after=424, api_final_written=0, pending_not_final=9, api_not_found_or_failed=0."
    ],
    "recommendations": [
      "Promotion sample threshold not met: 424 < 500.",
      "Rolling walk-forward predictions below threshold: 0 < 300."
    ]
  },
  "warnings": [],
  "errors": [],
  "live_betting_allowed": false,
  "automated_wagering_allowed": false,
  "production_model_replacement_allowed": false
}
