{
  "generated_at": "2026-06-24T17:35:22.729298+00:00",
  "status": "ok",
  "sample_count": 358,
  "underdog_sample_count": 74,
  "overall": {
    "sample_count": 74,
    "correct": 34,
    "accuracy": 0.4594594594594595,
    "brier": 0.25731562918918927,
    "logloss": 0.7079604532210723,
    "ece": 0.09812702702702711,
    "insufficient_sample": false,
    "decision": "weak_slice"
  },
  "buckets": {
    "home_underdog": {
      "sample_count": 25,
      "correct": 11,
      "accuracy": 0.44,
      "brier": 0.26589287,
      "logloss": 0.7265425859334781,
      "ece": 0.10976399999999994,
      "insufficient_sample": true,
      "decision": "insufficient_sample"
    },
    "away_underdog": {
      "sample_count": 49,
      "correct": 23,
      "accuracy": 0.46938775510204084,
      "brier": 0.25293948591836735,
      "logloss": 0.6984797732657634,
      "ece": 0.09218979591836747,
      "insufficient_sample": false,
      "decision": "weak_slice"
    },
    "positive_clv_underdog": {
      "sample_count": 37,
      "correct": 15,
      "accuracy": 0.40540540540540543,
      "brier": 0.2543348175675676,
      "logloss": 0.7012629039725738,
      "ece": 0.16506756756756766,
      "insufficient_sample": false,
      "decision": "weak_slice"
    },
    "non_positive_clv_underdog": {
      "sample_count": 37,
      "correct": 19,
      "accuracy": 0.5135135135135135,
      "brier": 0.26029644081081077,
      "logloss": 0.7146580024695709,
      "ece": 0.09051621621621622,
      "insufficient_sample": false,
      "decision": "tracking_only"
    },
    "starter_edge_underdog": {
      "sample_count": 39,
      "correct": 19,
      "accuracy": 0.48717948717948717,
      "brier": 0.2555300953846154,
      "logloss": 0.7039762397804575,
      "ece": 0.09710769230769234,
      "insufficient_sample": false,
      "decision": "weak_slice"
    },
    "no_starter_edge_underdog": {
      "sample_count": 35,
      "correct": 15,
      "accuracy": 0.42857142857142855,
      "brier": 0.259305224,
      "logloss": 0.7124000053406147,
      "ece": 0.12884571428571423,
      "insufficient_sample": false,
      "decision": "weak_slice"
    },
    "bullpen_edge_underdog": {
      "sample_count": 14,
      "correct": 5,
      "accuracy": 0.35714285714285715,
      "brier": 0.2522603042857143,
      "logloss": 0.6959010098998754,
      "ece": 0.23764285714285716,
      "insufficient_sample": true,
      "decision": "insufficient_sample"
    },
    "lineup_context_available_underdog": {
      "sample_count": 0,
      "correct": 0,
      "accuracy": null,
      "brier": null,
      "logloss": null,
      "ece": null,
      "insufficient_sample": true,
      "decision": "insufficient_sample"
    },
    "lineup_context_missing_underdog": {
      "sample_count": 74,
      "correct": 34,
      "accuracy": 0.4594594594594595,
      "brier": 0.25731562918918927,
      "logloss": 0.7079604532210723,
      "ece": 0.09812702702702711,
      "insufficient_sample": false,
      "decision": "weak_slice"
    },
    "high_confidence_underdog": {
      "sample_count": 3,
      "correct": 2,
      "accuracy": 0.6666666666666666,
      "brier": 0.21570401000000003,
      "logloss": 0.6193766361924109,
      "ece": 0.4200333333333333,
      "insufficient_sample": true,
      "decision": "insufficient_sample"
    },
    "low_confidence_underdog": {
      "sample_count": 71,
      "correct": 32,
      "accuracy": 0.4507042253521127,
      "brier": 0.2590738666197183,
      "logloss": 0.7117034314053818,
      "ece": 0.09348591549295783,
      "insufficient_sample": false,
      "decision": "weak_slice"
    }
  },
  "recommendation": {
    "underdog_policy": "TRACKING_ONLY",
    "allow_when": [],
    "block_when": [
      "away_underdog is weak",
      "lineup_context_missing_underdog is weak",
      "low_confidence_underdog is weak",
      "no_starter_edge_underdog is weak",
      "overall underdog slice is not strong enough for paper entry upgrade",
      "positive_clv_underdog is weak",
      "starter_edge_underdog is weak"
    ],
    "notes": []
  },
  "sample_state": {
    "generated_at": "2026-06-24T17:35:20.226857+00:00",
    "last_updated": "2026-06-24T17:35:20.226871+00:00",
    "status": "ok",
    "current_stage": "STAGE_2_BASELINE_TRAINING_READY",
    "input_files": {
      "prediction_snapshots": {
        "path": "data/prediction_snapshots.csv",
        "exists": true,
        "rows": 379,
        "error": ""
      },
      "finalized_games": {
        "path": "data/finalized_games.csv",
        "exists": true,
        "rows": 1153,
        "error": ""
      },
      "finalized_snapshot_outcomes": {
        "path": "data/finalized_snapshot_outcomes.csv",
        "exists": true,
        "rows": 358,
        "error": ""
      },
      "training_samples": {
        "path": "data/training_samples.csv",
        "exists": true,
        "rows": 358,
        "error": ""
      },
      "settled_prediction_link_report": {
        "path": "report/settled_prediction_link_report.json",
        "exists": true,
        "error": "",
        "type": "dict"
      },
      "finalized_linkage_diagnostic": {
        "path": "report/finalized_linkage_diagnostic_report.json",
        "exists": true,
        "error": "",
        "type": "dict"
      },
      "rolling_walkforward_evaluation": {
        "path": "report/rolling_walkforward_evaluation.json",
        "exists": true,
        "error": "",
        "type": "dict"
      },
      "training_status": {
        "path": "data/training_status.json",
        "exists": true,
        "error": "",
        "type": "dict"
      },
      "model_artifact_status": {
        "path": "data/model_artifact_status.json",
        "exists": true,
        "error": "",
        "type": "dict"
      }
    },
    "raw_snapshots": 379,
    "valid_snapshots": 379,
    "finalized_games": 1153,
    "finalized_snapshot_outcome_rows": 358,
    "linked_games": 358,
    "settled_snapshots": 358,
    "clean_settled_snapshots": 358,
    "clean_settled_sample_count": 358,
    "train_eligible_samples": 358,
    "training_status_sample_count": 358,
    "loaded_artifact_sample_count": 358,
    "model_artifact_training_samples": 358,
    "active_model_sample_count": 358,
    "model_artifact_valid": true,
    "model_artifact_error": "",
    "walkforward_predictions": 0,
    "link_rate": 0.944591,
    "minimum_clean_train_samples": 300,
    "minimum_promotion_samples": 500,
    "minimum_walkforward_predictions": 300,
    "trained": true,
    "training_allowed": true,
    "promotion_sample_ready": false,
    "walkforward_ready": false,
    "calibration_sample_ready": false,
    "live_betting_allowed": false,
    "shadow_live_allowed": false,
    "production_allowed": false,
    "production_model_replacement_allowed": false,
    "errors": [],
    "warnings": [
      "Finalized linkage diagnostic: overlap_after=358, api_final_written=0, pending_not_final=21, api_not_found_or_failed=0."
    ],
    "recommendations": [
      "Promotion sample threshold not met: 358 < 500.",
      "Rolling walk-forward predictions below threshold: 0 < 300."
    ]
  },
  "warnings": [],
  "errors": [],
  "live_betting_allowed": false,
  "automated_wagering_allowed": false,
  "production_model_replacement_allowed": false
}
