{
  "generated_at": "2026-06-24T20:20:57.574330+00:00",
  "status": "ok",
  "sample_count": 361,
  "underdog_sample_count": 76,
  "overall": {
    "sample_count": 76,
    "correct": 35,
    "accuracy": 0.4605263157894737,
    "brier": 0.25677498907894736,
    "logloss": 0.7068727383039549,
    "ece": 0.09614868421052641,
    "insufficient_sample": false,
    "decision": "weak_slice"
  },
  "buckets": {
    "home_underdog": {
      "sample_count": 27,
      "correct": 12,
      "accuracy": 0.4444444444444444,
      "brier": 0.263735717037037,
      "logloss": 0.7221044155954881,
      "ece": 0.10333333333333337,
      "insufficient_sample": true,
      "decision": "insufficient_sample"
    },
    "away_underdog": {
      "sample_count": 49,
      "correct": 23,
      "accuracy": 0.46938775510204084,
      "brier": 0.25293948591836735,
      "logloss": 0.6984797732657634,
      "ece": 0.09218979591836747,
      "insufficient_sample": false,
      "decision": "weak_slice"
    },
    "positive_clv_underdog": {
      "sample_count": 38,
      "correct": 16,
      "accuracy": 0.42105263157894735,
      "brier": 0.25328552263157894,
      "logloss": 0.6991755491720748,
      "ece": 0.14853684210526316,
      "insufficient_sample": false,
      "decision": "weak_slice"
    },
    "non_positive_clv_underdog": {
      "sample_count": 38,
      "correct": 19,
      "accuracy": 0.5,
      "brier": 0.2602644555263158,
      "logloss": 0.7145699274358354,
      "ece": 0.08517105263157895,
      "insufficient_sample": false,
      "decision": "tracking_only"
    },
    "starter_edge_underdog": {
      "sample_count": 39,
      "correct": 19,
      "accuracy": 0.48717948717948717,
      "brier": 0.2555300953846154,
      "logloss": 0.7039762397804575,
      "ece": 0.09710769230769234,
      "insufficient_sample": false,
      "decision": "weak_slice"
    },
    "no_starter_edge_underdog": {
      "sample_count": 37,
      "correct": 16,
      "accuracy": 0.43243243243243246,
      "brier": 0.25808717432432426,
      "logloss": 0.7099258043152091,
      "ece": 0.12312162162162162,
      "insufficient_sample": false,
      "decision": "weak_slice"
    },
    "bullpen_edge_underdog": {
      "sample_count": 16,
      "correct": 6,
      "accuracy": 0.375,
      "brier": 0.250324179375,
      "logloss": 0.6922417944587177,
      "ece": 0.21080624999999995,
      "insufficient_sample": true,
      "decision": "insufficient_sample"
    },
    "lineup_context_available_underdog": {
      "sample_count": 0,
      "correct": 0,
      "accuracy": null,
      "brier": null,
      "logloss": null,
      "ece": null,
      "insufficient_sample": true,
      "decision": "insufficient_sample"
    },
    "lineup_context_missing_underdog": {
      "sample_count": 76,
      "correct": 35,
      "accuracy": 0.4605263157894737,
      "brier": 0.25677498907894736,
      "logloss": 0.7068727383039549,
      "ece": 0.09614868421052641,
      "insufficient_sample": false,
      "decision": "weak_slice"
    },
    "high_confidence_underdog": {
      "sample_count": 3,
      "correct": 2,
      "accuracy": 0.6666666666666666,
      "brier": 0.21570401000000003,
      "logloss": 0.6193766361924109,
      "ece": 0.4200333333333333,
      "insufficient_sample": true,
      "decision": "insufficient_sample"
    },
    "low_confidence_underdog": {
      "sample_count": 73,
      "correct": 33,
      "accuracy": 0.4520547945205479,
      "brier": 0.2584628375342466,
      "logloss": 0.7104684685277171,
      "ece": 0.09155342465753434,
      "insufficient_sample": false,
      "decision": "weak_slice"
    }
  },
  "recommendation": {
    "underdog_policy": "TRACKING_ONLY",
    "allow_when": [],
    "block_when": [
      "away_underdog is weak",
      "lineup_context_missing_underdog is weak",
      "low_confidence_underdog is weak",
      "no_starter_edge_underdog is weak",
      "overall underdog slice is not strong enough for paper entry upgrade",
      "positive_clv_underdog is weak",
      "starter_edge_underdog is weak"
    ],
    "notes": []
  },
  "sample_state": {
    "generated_at": "2026-06-24T20:20:55.002866+00:00",
    "last_updated": "2026-06-24T20:20:55.002884+00:00",
    "status": "ok",
    "current_stage": "STAGE_2_BASELINE_TRAINING_READY",
    "input_files": {
      "prediction_snapshots": {
        "path": "data/prediction_snapshots.csv",
        "exists": true,
        "rows": 379,
        "error": ""
      },
      "finalized_games": {
        "path": "data/finalized_games.csv",
        "exists": true,
        "rows": 1156,
        "error": ""
      },
      "finalized_snapshot_outcomes": {
        "path": "data/finalized_snapshot_outcomes.csv",
        "exists": true,
        "rows": 361,
        "error": ""
      },
      "training_samples": {
        "path": "data/training_samples.csv",
        "exists": true,
        "rows": 361,
        "error": ""
      },
      "settled_prediction_link_report": {
        "path": "report/settled_prediction_link_report.json",
        "exists": true,
        "error": "",
        "type": "dict"
      },
      "finalized_linkage_diagnostic": {
        "path": "report/finalized_linkage_diagnostic_report.json",
        "exists": true,
        "error": "",
        "type": "dict"
      },
      "rolling_walkforward_evaluation": {
        "path": "report/rolling_walkforward_evaluation.json",
        "exists": true,
        "error": "",
        "type": "dict"
      },
      "training_status": {
        "path": "data/training_status.json",
        "exists": true,
        "error": "",
        "type": "dict"
      },
      "model_artifact_status": {
        "path": "data/model_artifact_status.json",
        "exists": true,
        "error": "",
        "type": "dict"
      }
    },
    "raw_snapshots": 379,
    "valid_snapshots": 379,
    "finalized_games": 1156,
    "finalized_snapshot_outcome_rows": 361,
    "linked_games": 361,
    "settled_snapshots": 361,
    "clean_settled_snapshots": 361,
    "clean_settled_sample_count": 361,
    "train_eligible_samples": 361,
    "training_status_sample_count": 361,
    "loaded_artifact_sample_count": 361,
    "model_artifact_training_samples": 361,
    "active_model_sample_count": 361,
    "model_artifact_valid": true,
    "model_artifact_error": "",
    "walkforward_predictions": 0,
    "link_rate": 0.952507,
    "minimum_clean_train_samples": 300,
    "minimum_promotion_samples": 500,
    "minimum_walkforward_predictions": 300,
    "trained": true,
    "training_allowed": true,
    "promotion_sample_ready": false,
    "walkforward_ready": false,
    "calibration_sample_ready": false,
    "live_betting_allowed": false,
    "shadow_live_allowed": false,
    "production_allowed": false,
    "production_model_replacement_allowed": false,
    "errors": [],
    "warnings": [
      "Finalized linkage diagnostic: overlap_after=361, api_final_written=1, pending_not_final=18, api_not_found_or_failed=0."
    ],
    "recommendations": [
      "Promotion sample threshold not met: 361 < 500.",
      "Rolling walk-forward predictions below threshold: 0 < 300."
    ]
  },
  "warnings": [],
  "errors": [],
  "live_betting_allowed": false,
  "automated_wagering_allowed": false,
  "production_model_replacement_allowed": false
}
