{
  "generated_at": "2026-06-28T12:18:25.680678+00:00",
  "status": "ok",
  "sample_count": 412,
  "underdog_sample_count": 87,
  "overall": {
    "sample_count": 87,
    "correct": 38,
    "accuracy": 0.4367816091954023,
    "brier": 0.2584663088505747,
    "logloss": 0.71024890657726,
    "ece": 0.11620804597701156,
    "insufficient_sample": false,
    "decision": "weak_slice"
  },
  "buckets": {
    "home_underdog": {
      "sample_count": 32,
      "correct": 13,
      "accuracy": 0.40625,
      "brier": 0.265612870625,
      "logloss": 0.7256516896074887,
      "ece": 0.1396499999999999,
      "insufficient_sample": false,
      "decision": "weak_slice"
    },
    "away_underdog": {
      "sample_count": 55,
      "correct": 25,
      "accuracy": 0.45454545454545453,
      "brier": 0.25430830927272724,
      "logloss": 0.7012872873596728,
      "ece": 0.10256909090909107,
      "insufficient_sample": false,
      "decision": "weak_slice"
    },
    "positive_clv_underdog": {
      "sample_count": 46,
      "correct": 17,
      "accuracy": 0.3695652173913043,
      "brier": 0.258192425,
      "logloss": 0.7091148622999768,
      "ece": 0.19331086956521737,
      "insufficient_sample": false,
      "decision": "weak_slice"
    },
    "non_positive_clv_underdog": {
      "sample_count": 41,
      "correct": 21,
      "accuracy": 0.5121951219512195,
      "brier": 0.25877359317073173,
      "logloss": 0.7115212489371392,
      "ece": 0.08012682926829268,
      "insufficient_sample": false,
      "decision": "tracking_only"
    },
    "starter_edge_underdog": {
      "sample_count": 43,
      "correct": 20,
      "accuracy": 0.46511627906976744,
      "brier": 0.256704878372093,
      "logloss": 0.7063615527932589,
      "ece": 0.11011860465116284,
      "insufficient_sample": false,
      "decision": "weak_slice"
    },
    "no_starter_edge_underdog": {
      "sample_count": 44,
      "correct": 18,
      "accuracy": 0.4090909090909091,
      "brier": 0.2601877068181819,
      "logloss": 0.714047911411625,
      "ece": 0.1416727272727273,
      "insufficient_sample": false,
      "decision": "weak_slice"
    },
    "bullpen_edge_underdog": {
      "sample_count": 22,
      "correct": 9,
      "accuracy": 0.4090909090909091,
      "brier": 0.25439368272727275,
      "logloss": 0.7008539082195561,
      "ece": 0.16131818181818186,
      "insufficient_sample": true,
      "decision": "insufficient_sample"
    },
    "lineup_context_available_underdog": {
      "sample_count": 0,
      "correct": 0,
      "accuracy": null,
      "brier": null,
      "logloss": null,
      "ece": null,
      "insufficient_sample": true,
      "decision": "insufficient_sample"
    },
    "lineup_context_missing_underdog": {
      "sample_count": 87,
      "correct": 38,
      "accuracy": 0.4367816091954023,
      "brier": 0.2584663088505747,
      "logloss": 0.71024890657726,
      "ece": 0.11620804597701156,
      "insufficient_sample": false,
      "decision": "weak_slice"
    },
    "high_confidence_underdog": {
      "sample_count": 3,
      "correct": 2,
      "accuracy": 0.6666666666666666,
      "brier": 0.21570401000000003,
      "logloss": 0.6193766361924109,
      "ece": 0.4200333333333333,
      "insufficient_sample": true,
      "decision": "insufficient_sample"
    },
    "low_confidence_underdog": {
      "sample_count": 84,
      "correct": 36,
      "accuracy": 0.42857142857142855,
      "brier": 0.25999353380952384,
      "logloss": 0.7134943448052906,
      "ece": 0.11293095238095245,
      "insufficient_sample": false,
      "decision": "weak_slice"
    }
  },
  "recommendation": {
    "underdog_policy": "TRACKING_ONLY",
    "allow_when": [],
    "block_when": [
      "away_underdog is weak",
      "home_underdog is weak",
      "lineup_context_missing_underdog is weak",
      "low_confidence_underdog is weak",
      "no_starter_edge_underdog is weak",
      "overall underdog slice is not strong enough for paper entry upgrade",
      "positive_clv_underdog is weak",
      "starter_edge_underdog is weak"
    ],
    "notes": []
  },
  "sample_state": {
    "generated_at": "2026-06-28T12:18:22.890530+00:00",
    "last_updated": "2026-06-28T12:18:22.890547+00:00",
    "status": "ok",
    "current_stage": "STAGE_2_BASELINE_TRAINING_READY",
    "input_files": {
      "prediction_snapshots": {
        "path": "data/prediction_snapshots.csv",
        "exists": true,
        "rows": 433,
        "error": ""
      },
      "finalized_games": {
        "path": "data/finalized_games.csv",
        "exists": true,
        "rows": 1207,
        "error": ""
      },
      "finalized_snapshot_outcomes": {
        "path": "data/finalized_snapshot_outcomes.csv",
        "exists": true,
        "rows": 412,
        "error": ""
      },
      "training_samples": {
        "path": "data/training_samples.csv",
        "exists": true,
        "rows": 412,
        "error": ""
      },
      "settled_prediction_link_report": {
        "path": "report/settled_prediction_link_report.json",
        "exists": true,
        "error": "",
        "type": "dict"
      },
      "finalized_linkage_diagnostic": {
        "path": "report/finalized_linkage_diagnostic_report.json",
        "exists": true,
        "error": "",
        "type": "dict"
      },
      "rolling_walkforward_evaluation": {
        "path": "report/rolling_walkforward_evaluation.json",
        "exists": true,
        "error": "",
        "type": "dict"
      },
      "training_status": {
        "path": "data/training_status.json",
        "exists": true,
        "error": "",
        "type": "dict"
      },
      "model_artifact_status": {
        "path": "data/model_artifact_status.json",
        "exists": true,
        "error": "",
        "type": "dict"
      }
    },
    "raw_snapshots": 433,
    "valid_snapshots": 433,
    "finalized_games": 1207,
    "finalized_snapshot_outcome_rows": 412,
    "linked_games": 412,
    "settled_snapshots": 412,
    "clean_settled_snapshots": 412,
    "clean_settled_sample_count": 412,
    "train_eligible_samples": 412,
    "training_status_sample_count": 412,
    "loaded_artifact_sample_count": 412,
    "model_artifact_training_samples": 412,
    "active_model_sample_count": 412,
    "model_artifact_valid": true,
    "model_artifact_error": "",
    "walkforward_predictions": 0,
    "link_rate": 0.951501,
    "minimum_clean_train_samples": 300,
    "minimum_promotion_samples": 500,
    "minimum_walkforward_predictions": 300,
    "trained": true,
    "training_allowed": true,
    "promotion_sample_ready": false,
    "walkforward_ready": false,
    "calibration_sample_ready": false,
    "live_betting_allowed": false,
    "shadow_live_allowed": false,
    "production_allowed": false,
    "production_model_replacement_allowed": false,
    "errors": [],
    "warnings": [
      "Finalized linkage diagnostic: overlap_after=412, api_final_written=0, pending_not_final=21, api_not_found_or_failed=0."
    ],
    "recommendations": [
      "Promotion sample threshold not met: 412 < 500.",
      "Rolling walk-forward predictions below threshold: 0 < 300."
    ]
  },
  "warnings": [],
  "errors": [],
  "live_betting_allowed": false,
  "automated_wagering_allowed": false,
  "production_model_replacement_allowed": false
}
