{
  "generated_at": "2026-06-11T01:49:35.126896+00:00",
  "status": "ok",
  "sample_count": 182,
  "underdog_sample_count": 48,
  "overall": {
    "sample_count": 48,
    "correct": 24,
    "accuracy": 0.5,
    "brier": 0.24969707375000003,
    "logloss": 0.6925642131968122,
    "ece": 0.05091666666666664,
    "insufficient_sample": false,
    "decision": "tracking_only"
  },
  "buckets": {
    "home_underdog": {
      "sample_count": 16,
      "correct": 8,
      "accuracy": 0.5,
      "brier": 0.24354190687500005,
      "logloss": 0.6802276378471399,
      "ece": 0.04316875000000004,
      "insufficient_sample": true,
      "decision": "insufficient_sample"
    },
    "away_underdog": {
      "sample_count": 32,
      "correct": 16,
      "accuracy": 0.5,
      "brier": 0.25277465718750003,
      "logloss": 0.6987325008716482,
      "ece": 0.05479062499999994,
      "insufficient_sample": false,
      "decision": "tracking_only"
    },
    "positive_clv_underdog": {
      "sample_count": 29,
      "correct": 11,
      "accuracy": 0.3793103448275862,
      "brier": 0.25804904620689656,
      "logloss": 0.7095804528125146,
      "ece": 0.17776551724137934,
      "insufficient_sample": true,
      "decision": "insufficient_sample"
    },
    "non_positive_clv_underdog": {
      "sample_count": 19,
      "correct": 13,
      "accuracy": 0.6842105263157895,
      "brier": 0.2369493263157895,
      "logloss": 0.6665920579938982,
      "ece": 0.17588421052631584,
      "insufficient_sample": true,
      "decision": "insufficient_sample"
    },
    "starter_edge_underdog": {
      "sample_count": 23,
      "correct": 12,
      "accuracy": 0.5217391304347826,
      "brier": 0.25394629869565216,
      "logloss": 0.7014484504398572,
      "ece": 0.12054347826086957,
      "insufficient_sample": true,
      "decision": "insufficient_sample"
    },
    "no_starter_edge_underdog": {
      "sample_count": 25,
      "correct": 12,
      "accuracy": 0.48,
      "brier": 0.2457877868,
      "logloss": 0.6843907149332108,
      "ece": 0.08146000000000002,
      "insufficient_sample": true,
      "decision": "insufficient_sample"
    },
    "bullpen_edge_underdog": {
      "sample_count": 3,
      "correct": 2,
      "accuracy": 0.6666666666666666,
      "brier": 0.20676142,
      "logloss": 0.6057231758737097,
      "ece": 0.1078,
      "insufficient_sample": true,
      "decision": "insufficient_sample"
    },
    "lineup_context_available_underdog": {
      "sample_count": 0,
      "correct": 0,
      "accuracy": null,
      "brier": null,
      "logloss": null,
      "ece": null,
      "insufficient_sample": true,
      "decision": "insufficient_sample"
    },
    "lineup_context_missing_underdog": {
      "sample_count": 48,
      "correct": 24,
      "accuracy": 0.5,
      "brier": 0.24969707375000003,
      "logloss": 0.6925642131968122,
      "ece": 0.05091666666666664,
      "insufficient_sample": false,
      "decision": "tracking_only"
    },
    "high_confidence_underdog": {
      "sample_count": 1,
      "correct": 1,
      "accuracy": 1.0,
      "brier": 0.10118761,
      "logloss": 0.3828722594555299,
      "ece": 0.3181,
      "insufficient_sample": true,
      "decision": "insufficient_sample"
    },
    "low_confidence_underdog": {
      "sample_count": 47,
      "correct": 23,
      "accuracy": 0.48936170212765956,
      "brier": 0.2528568495744681,
      "logloss": 0.6991534037019457,
      "ece": 0.058768085106382935,
      "insufficient_sample": false,
      "decision": "weak_slice"
    }
  },
  "recommendation": {
    "underdog_policy": "TRACKING_ONLY",
    "allow_when": [],
    "block_when": [
      "low_confidence_underdog is weak",
      "overall underdog slice is not strong enough for paper entry upgrade"
    ],
    "notes": []
  },
  "sample_state": {
    "generated_at": "2026-06-11T01:49:32.799499+00:00",
    "last_updated": "2026-06-11T01:49:32.799514+00:00",
    "status": "ok",
    "current_stage": "STAGE_2_BASELINE_TRAINING_READY",
    "input_files": {
      "prediction_snapshots": {
        "path": "data/prediction_snapshots.csv",
        "exists": true,
        "rows": 200,
        "error": ""
      },
      "finalized_games": {
        "path": "data/finalized_games.csv",
        "exists": true,
        "rows": 977,
        "error": ""
      },
      "finalized_snapshot_outcomes": {
        "path": "data/finalized_snapshot_outcomes.csv",
        "exists": true,
        "rows": 182,
        "error": ""
      },
      "training_samples": {
        "path": "data/training_samples.csv",
        "exists": true,
        "rows": 182,
        "error": ""
      },
      "settled_prediction_link_report": {
        "path": "report/settled_prediction_link_report.json",
        "exists": true,
        "error": "",
        "type": "dict"
      },
      "finalized_linkage_diagnostic": {
        "path": "report/finalized_linkage_diagnostic_report.json",
        "exists": true,
        "error": "",
        "type": "dict"
      },
      "rolling_walkforward_evaluation": {
        "path": "report/rolling_walkforward_evaluation.json",
        "exists": true,
        "error": "",
        "type": "dict"
      },
      "training_status": {
        "path": "data/training_status.json",
        "exists": true,
        "error": "",
        "type": "dict"
      },
      "model_artifact_status": {
        "path": "data/model_artifact_status.json",
        "exists": true,
        "error": "",
        "type": "dict"
      }
    },
    "raw_snapshots": 200,
    "valid_snapshots": 200,
    "finalized_games": 977,
    "finalized_snapshot_outcome_rows": 182,
    "linked_games": 182,
    "settled_snapshots": 182,
    "clean_settled_snapshots": 182,
    "clean_settled_sample_count": 182,
    "train_eligible_samples": 182,
    "training_status_sample_count": 182,
    "loaded_artifact_sample_count": 109,
    "model_artifact_training_samples": 109,
    "active_model_sample_count": 0,
    "model_artifact_valid": false,
    "model_artifact_error": "",
    "walkforward_predictions": 0,
    "link_rate": 0.91,
    "minimum_clean_train_samples": 300,
    "minimum_promotion_samples": 500,
    "minimum_walkforward_predictions": 300,
    "trained": false,
    "training_allowed": false,
    "promotion_sample_ready": false,
    "walkforward_ready": false,
    "calibration_sample_ready": false,
    "live_betting_allowed": false,
    "shadow_live_allowed": false,
    "production_allowed": false,
    "production_model_replacement_allowed": false,
    "errors": [],
    "warnings": [
      "Finalized linkage diagnostic: overlap_after=182, api_final_written=0, pending_not_final=10, api_not_found_or_failed=0.",
      "Model artifact is not valid for active ML use; prediction must use manual or market baseline."
    ],
    "recommendations": [
      "Promotion sample threshold not met: 182 < 500.",
      "Rolling walk-forward predictions below threshold: 0 < 300.",
      "Train-eligible samples are below threshold: 182 < 300."
    ]
  },
  "warnings": [],
  "errors": [],
  "live_betting_allowed": false,
  "automated_wagering_allowed": false,
  "production_model_replacement_allowed": false
}
