{
  "generated_at": "2026-06-26T00:41:53.881979+00:00",
  "status": "ok",
  "sample_count": 377,
  "underdog_sample_count": 80,
  "overall": {
    "sample_count": 80,
    "correct": 35,
    "accuracy": 0.4375,
    "brier": 0.2579561505,
    "logloss": 0.7092353533472616,
    "ece": 0.11779999999999999,
    "insufficient_sample": false,
    "decision": "weak_slice"
  },
  "buckets": {
    "home_underdog": {
      "sample_count": 29,
      "correct": 12,
      "accuracy": 0.41379310344827586,
      "brier": 0.2660942293103448,
      "logloss": 0.7267436037335038,
      "ece": 0.1338379310344827,
      "insufficient_sample": true,
      "decision": "insufficient_sample"
    },
    "away_underdog": {
      "sample_count": 51,
      "correct": 23,
      "accuracy": 0.45098039215686275,
      "brier": 0.25332861549019603,
      "logloss": 0.6992796815590064,
      "ece": 0.10868039215686276,
      "insufficient_sample": false,
      "decision": "weak_slice"
    },
    "positive_clv_underdog": {
      "sample_count": 41,
      "correct": 16,
      "accuracy": 0.3902439024390244,
      "brier": 0.2557220936585366,
      "logloss": 0.704105993104992,
      "ece": 0.1768146341463415,
      "insufficient_sample": false,
      "decision": "weak_slice"
    },
    "non_positive_clv_underdog": {
      "sample_count": 39,
      "correct": 19,
      "accuracy": 0.48717948717948717,
      "brier": 0.26030477435897426,
      "logloss": 0.7146277577045196,
      "ece": 0.06986666666666659,
      "insufficient_sample": false,
      "decision": "weak_slice"
    },
    "starter_edge_underdog": {
      "sample_count": 41,
      "correct": 19,
      "accuracy": 0.4634146341463415,
      "brier": 0.2570947963414634,
      "logloss": 0.7071323114449303,
      "ece": 0.1030560975609756,
      "insufficient_sample": false,
      "decision": "weak_slice"
    },
    "no_starter_edge_underdog": {
      "sample_count": 39,
      "correct": 16,
      "accuracy": 0.41025641025641024,
      "brier": 0.25886167666666665,
      "logloss": 0.7114462435522769,
      "ece": 0.14360769230769233,
      "insufficient_sample": false,
      "decision": "weak_slice"
    },
    "bullpen_edge_underdog": {
      "sample_count": 18,
      "correct": 6,
      "accuracy": 0.3333333333333333,
      "brier": 0.25458058888888885,
      "logloss": 0.700962465711203,
      "ece": 0.24702222222222225,
      "insufficient_sample": true,
      "decision": "insufficient_sample"
    },
    "lineup_context_available_underdog": {
      "sample_count": 0,
      "correct": 0,
      "accuracy": null,
      "brier": null,
      "logloss": null,
      "ece": null,
      "insufficient_sample": true,
      "decision": "insufficient_sample"
    },
    "lineup_context_missing_underdog": {
      "sample_count": 80,
      "correct": 35,
      "accuracy": 0.4375,
      "brier": 0.2579561505,
      "logloss": 0.7092353533472616,
      "ece": 0.11779999999999999,
      "insufficient_sample": false,
      "decision": "weak_slice"
    },
    "high_confidence_underdog": {
      "sample_count": 3,
      "correct": 2,
      "accuracy": 0.6666666666666666,
      "brier": 0.21570401000000003,
      "logloss": 0.6193766361924109,
      "ece": 0.4200333333333333,
      "insufficient_sample": true,
      "decision": "insufficient_sample"
    },
    "low_confidence_underdog": {
      "sample_count": 77,
      "correct": 33,
      "accuracy": 0.42857142857142855,
      "brier": 0.2596023377922078,
      "logloss": 0.7127363423273207,
      "ece": 0.11428701298701295,
      "insufficient_sample": false,
      "decision": "weak_slice"
    }
  },
  "recommendation": {
    "underdog_policy": "TRACKING_ONLY",
    "allow_when": [],
    "block_when": [
      "away_underdog is weak",
      "lineup_context_missing_underdog is weak",
      "low_confidence_underdog is weak",
      "no_starter_edge_underdog is weak",
      "non_positive_clv_underdog is weak",
      "overall underdog slice is not strong enough for paper entry upgrade",
      "positive_clv_underdog is weak",
      "starter_edge_underdog is weak"
    ],
    "notes": []
  },
  "sample_state": {
    "generated_at": "2026-06-26T00:41:52.248886+00:00",
    "last_updated": "2026-06-26T00:41:52.248901+00:00",
    "status": "ok",
    "current_stage": "STAGE_2_BASELINE_TRAINING_READY",
    "input_files": {
      "prediction_snapshots": {
        "path": "data/prediction_snapshots.csv",
        "exists": true,
        "rows": 403,
        "error": ""
      },
      "finalized_games": {
        "path": "data/finalized_games.csv",
        "exists": true,
        "rows": 1172,
        "error": ""
      },
      "finalized_snapshot_outcomes": {
        "path": "data/finalized_snapshot_outcomes.csv",
        "exists": true,
        "rows": 377,
        "error": ""
      },
      "training_samples": {
        "path": "data/training_samples.csv",
        "exists": true,
        "rows": 377,
        "error": ""
      },
      "settled_prediction_link_report": {
        "path": "report/settled_prediction_link_report.json",
        "exists": true,
        "error": "",
        "type": "dict"
      },
      "finalized_linkage_diagnostic": {
        "path": "report/finalized_linkage_diagnostic_report.json",
        "exists": true,
        "error": "",
        "type": "dict"
      },
      "rolling_walkforward_evaluation": {
        "path": "report/rolling_walkforward_evaluation.json",
        "exists": true,
        "error": "",
        "type": "dict"
      },
      "training_status": {
        "path": "data/training_status.json",
        "exists": true,
        "error": "",
        "type": "dict"
      },
      "model_artifact_status": {
        "path": "data/model_artifact_status.json",
        "exists": true,
        "error": "",
        "type": "dict"
      }
    },
    "raw_snapshots": 403,
    "valid_snapshots": 403,
    "finalized_games": 1172,
    "finalized_snapshot_outcome_rows": 377,
    "linked_games": 377,
    "settled_snapshots": 377,
    "clean_settled_snapshots": 377,
    "clean_settled_sample_count": 377,
    "train_eligible_samples": 377,
    "training_status_sample_count": 377,
    "loaded_artifact_sample_count": 377,
    "model_artifact_training_samples": 377,
    "active_model_sample_count": 377,
    "model_artifact_valid": true,
    "model_artifact_error": "",
    "walkforward_predictions": 0,
    "link_rate": 0.935484,
    "minimum_clean_train_samples": 300,
    "minimum_promotion_samples": 500,
    "minimum_walkforward_predictions": 300,
    "trained": true,
    "training_allowed": true,
    "promotion_sample_ready": false,
    "walkforward_ready": false,
    "calibration_sample_ready": false,
    "live_betting_allowed": false,
    "shadow_live_allowed": false,
    "production_allowed": false,
    "production_model_replacement_allowed": false,
    "errors": [],
    "warnings": [
      "Finalized linkage diagnostic: overlap_after=377, api_final_written=0, pending_not_final=11, api_not_found_or_failed=0."
    ],
    "recommendations": [
      "Promotion sample threshold not met: 377 < 500.",
      "Rolling walk-forward predictions below threshold: 0 < 300."
    ]
  },
  "warnings": [],
  "errors": [],
  "live_betting_allowed": false,
  "automated_wagering_allowed": false,
  "production_model_replacement_allowed": false
}
