{
  "generated_at": "2026-06-30T12:13:41.124605+00:00",
  "status": "ok",
  "sample_count": 440,
  "underdog_sample_count": 91,
  "overall": {
    "sample_count": 91,
    "correct": 39,
    "accuracy": 0.42857142857142855,
    "brier": 0.25817379725274725,
    "logloss": 0.7096564885756171,
    "ece": 0.12253956043956048,
    "insufficient_sample": false,
    "decision": "weak_slice"
  },
  "buckets": {
    "home_underdog": {
      "sample_count": 32,
      "correct": 13,
      "accuracy": 0.40625,
      "brier": 0.265612870625,
      "logloss": 0.7256516896074887,
      "ece": 0.1396499999999999,
      "insufficient_sample": false,
      "decision": "weak_slice"
    },
    "away_underdog": {
      "sample_count": 59,
      "correct": 26,
      "accuracy": 0.4406779661016949,
      "brier": 0.2541390455932203,
      "logloss": 0.7009811253040935,
      "ece": 0.11325932203389844,
      "insufficient_sample": false,
      "decision": "weak_slice"
    },
    "positive_clv_underdog": {
      "sample_count": 49,
      "correct": 18,
      "accuracy": 0.3673469387755102,
      "brier": 0.2577526651020408,
      "logloss": 0.708260950909743,
      "ece": 0.1924306122448979,
      "insufficient_sample": false,
      "decision": "weak_slice"
    },
    "non_positive_clv_underdog": {
      "sample_count": 42,
      "correct": 21,
      "accuracy": 0.5,
      "brier": 0.25866511809523807,
      "logloss": 0.7112846158524703,
      "ece": 0.0662142857142857,
      "insufficient_sample": false,
      "decision": "tracking_only"
    },
    "starter_edge_underdog": {
      "sample_count": 47,
      "correct": 21,
      "accuracy": 0.44680851063829785,
      "brier": 0.25628843510638294,
      "logloss": 0.7055453693248863,
      "ece": 0.12289574468085106,
      "insufficient_sample": false,
      "decision": "weak_slice"
    },
    "no_starter_edge_underdog": {
      "sample_count": 44,
      "correct": 18,
      "accuracy": 0.4090909090909091,
      "brier": 0.2601877068181819,
      "logloss": 0.714047911411625,
      "ece": 0.1416727272727273,
      "insufficient_sample": false,
      "decision": "weak_slice"
    },
    "bullpen_edge_underdog": {
      "sample_count": 24,
      "correct": 9,
      "accuracy": 0.375,
      "brier": 0.2542616925,
      "logloss": 0.7006799895043319,
      "ece": 0.18977499999999997,
      "insufficient_sample": true,
      "decision": "insufficient_sample"
    },
    "lineup_context_available_underdog": {
      "sample_count": 0,
      "correct": 0,
      "accuracy": null,
      "brier": null,
      "logloss": null,
      "ece": null,
      "insufficient_sample": true,
      "decision": "insufficient_sample"
    },
    "lineup_context_missing_underdog": {
      "sample_count": 91,
      "correct": 39,
      "accuracy": 0.42857142857142855,
      "brier": 0.25817379725274725,
      "logloss": 0.7096564885756171,
      "ece": 0.12253956043956048,
      "insufficient_sample": false,
      "decision": "weak_slice"
    },
    "high_confidence_underdog": {
      "sample_count": 3,
      "correct": 2,
      "accuracy": 0.6666666666666666,
      "brier": 0.21570401000000003,
      "logloss": 0.6193766361924109,
      "ece": 0.4200333333333333,
      "insufficient_sample": true,
      "decision": "insufficient_sample"
    },
    "low_confidence_underdog": {
      "sample_count": 88,
      "correct": 37,
      "accuracy": 0.42045454545454547,
      "brier": 0.2596216309090909,
      "logloss": 0.7127342108159538,
      "ece": 0.11962727272727278,
      "insufficient_sample": false,
      "decision": "weak_slice"
    }
  },
  "recommendation": {
    "underdog_policy": "TRACKING_ONLY",
    "allow_when": [],
    "block_when": [
      "away_underdog is weak",
      "home_underdog is weak",
      "lineup_context_missing_underdog is weak",
      "low_confidence_underdog is weak",
      "no_starter_edge_underdog is weak",
      "overall underdog slice is not strong enough for paper entry upgrade",
      "positive_clv_underdog is weak",
      "starter_edge_underdog is weak"
    ],
    "notes": []
  },
  "sample_state": {
    "generated_at": "2026-06-30T12:13:38.346358+00:00",
    "last_updated": "2026-06-30T12:13:38.346375+00:00",
    "status": "ok",
    "current_stage": "STAGE_2_BASELINE_TRAINING_READY",
    "input_files": {
      "prediction_snapshots": {
        "path": "data/prediction_snapshots.csv",
        "exists": true,
        "rows": 461,
        "error": ""
      },
      "finalized_games": {
        "path": "data/finalized_games.csv",
        "exists": true,
        "rows": 1235,
        "error": ""
      },
      "finalized_snapshot_outcomes": {
        "path": "data/finalized_snapshot_outcomes.csv",
        "exists": true,
        "rows": 440,
        "error": ""
      },
      "training_samples": {
        "path": "data/training_samples.csv",
        "exists": true,
        "rows": 440,
        "error": ""
      },
      "settled_prediction_link_report": {
        "path": "report/settled_prediction_link_report.json",
        "exists": true,
        "error": "",
        "type": "dict"
      },
      "finalized_linkage_diagnostic": {
        "path": "report/finalized_linkage_diagnostic_report.json",
        "exists": true,
        "error": "",
        "type": "dict"
      },
      "rolling_walkforward_evaluation": {
        "path": "report/rolling_walkforward_evaluation.json",
        "exists": true,
        "error": "",
        "type": "dict"
      },
      "training_status": {
        "path": "data/training_status.json",
        "exists": true,
        "error": "",
        "type": "dict"
      },
      "model_artifact_status": {
        "path": "data/model_artifact_status.json",
        "exists": true,
        "error": "",
        "type": "dict"
      }
    },
    "raw_snapshots": 461,
    "valid_snapshots": 461,
    "finalized_games": 1235,
    "finalized_snapshot_outcome_rows": 440,
    "linked_games": 440,
    "settled_snapshots": 440,
    "clean_settled_snapshots": 440,
    "clean_settled_sample_count": 440,
    "train_eligible_samples": 440,
    "training_status_sample_count": 440,
    "loaded_artifact_sample_count": 440,
    "model_artifact_training_samples": 440,
    "active_model_sample_count": 440,
    "model_artifact_valid": true,
    "model_artifact_error": "",
    "walkforward_predictions": 0,
    "link_rate": 0.954447,
    "minimum_clean_train_samples": 300,
    "minimum_promotion_samples": 500,
    "minimum_walkforward_predictions": 300,
    "trained": true,
    "training_allowed": true,
    "promotion_sample_ready": false,
    "walkforward_ready": false,
    "calibration_sample_ready": false,
    "live_betting_allowed": false,
    "shadow_live_allowed": false,
    "production_allowed": false,
    "production_model_replacement_allowed": false,
    "errors": [],
    "warnings": [
      "Finalized linkage diagnostic: overlap_after=440, api_final_written=0, pending_not_final=21, api_not_found_or_failed=0."
    ],
    "recommendations": [
      "Promotion sample threshold not met: 440 < 500.",
      "Rolling walk-forward predictions below threshold: 0 < 300."
    ]
  },
  "warnings": [],
  "errors": [],
  "live_betting_allowed": false,
  "automated_wagering_allowed": false,
  "production_model_replacement_allowed": false
}
