{
  "generated_at": "2026-07-02T11:56:16.242235+00:00",
  "status": "ok",
  "sample_count": 469,
  "underdog_sample_count": 96,
  "overall": {
    "sample_count": 96,
    "correct": 42,
    "accuracy": 0.4375,
    "brier": 0.2578063647916667,
    "logloss": 0.7089138598159104,
    "ece": 0.11208333333333328,
    "insufficient_sample": false,
    "decision": "weak_slice"
  },
  "buckets": {
    "home_underdog": {
      "sample_count": 33,
      "correct": 14,
      "accuracy": 0.42424242424242425,
      "brier": 0.26504610515151517,
      "logloss": 0.7244794057249849,
      "ece": 0.12036060606060606,
      "insufficient_sample": false,
      "decision": "weak_slice"
    },
    "away_underdog": {
      "sample_count": 63,
      "correct": 28,
      "accuracy": 0.4444444444444444,
      "brier": 0.2540141198412698,
      "logloss": 0.7007604786254427,
      "ece": 0.107747619047619,
      "insufficient_sample": false,
      "decision": "weak_slice"
    },
    "positive_clv_underdog": {
      "sample_count": 51,
      "correct": 20,
      "accuracy": 0.39215686274509803,
      "brier": 0.257274977254902,
      "logloss": 0.7073209188393832,
      "ece": 0.16545098039215678,
      "insufficient_sample": false,
      "decision": "weak_slice"
    },
    "non_positive_clv_underdog": {
      "sample_count": 45,
      "correct": 22,
      "accuracy": 0.4888888888888889,
      "brier": 0.25840860400000004,
      "logloss": 0.710719192922641,
      "ece": 0.06374222222222221,
      "insufficient_sample": false,
      "decision": "weak_slice"
    },
    "starter_edge_underdog": {
      "sample_count": 50,
      "correct": 23,
      "accuracy": 0.46,
      "brier": 0.2551116012,
      "logloss": 0.7031979221860815,
      "ece": 0.10670800000000007,
      "insufficient_sample": false,
      "decision": "weak_slice"
    },
    "no_starter_edge_underdog": {
      "sample_count": 46,
      "correct": 19,
      "accuracy": 0.41304347826086957,
      "brier": 0.2607354556521739,
      "logloss": 0.7151268355005067,
      "ece": 0.1365913043478261,
      "insufficient_sample": false,
      "decision": "weak_slice"
    },
    "bullpen_edge_underdog": {
      "sample_count": 26,
      "correct": 11,
      "accuracy": 0.4230769230769231,
      "brier": 0.25359322576923077,
      "logloss": 0.6994192313205807,
      "ece": 0.13705769230769232,
      "insufficient_sample": true,
      "decision": "insufficient_sample"
    },
    "lineup_context_available_underdog": {
      "sample_count": 0,
      "correct": 0,
      "accuracy": null,
      "brier": null,
      "logloss": null,
      "ece": null,
      "insufficient_sample": true,
      "decision": "insufficient_sample"
    },
    "lineup_context_missing_underdog": {
      "sample_count": 96,
      "correct": 42,
      "accuracy": 0.4375,
      "brier": 0.2578063647916667,
      "logloss": 0.7089138598159104,
      "ece": 0.11208333333333328,
      "insufficient_sample": false,
      "decision": "weak_slice"
    },
    "high_confidence_underdog": {
      "sample_count": 3,
      "correct": 2,
      "accuracy": 0.6666666666666666,
      "brier": 0.21570401000000003,
      "logloss": 0.6193766361924109,
      "ece": 0.4200333333333333,
      "insufficient_sample": true,
      "decision": "insufficient_sample"
    },
    "low_confidence_underdog": {
      "sample_count": 93,
      "correct": 40,
      "accuracy": 0.43010752688172044,
      "brier": 0.25916450526881724,
      "logloss": 0.711802157352152,
      "ece": 0.10899032258064512,
      "insufficient_sample": false,
      "decision": "weak_slice"
    }
  },
  "recommendation": {
    "underdog_policy": "TRACKING_ONLY",
    "allow_when": [],
    "block_when": [
      "away_underdog is weak",
      "home_underdog is weak",
      "lineup_context_missing_underdog is weak",
      "low_confidence_underdog is weak",
      "no_starter_edge_underdog is weak",
      "non_positive_clv_underdog is weak",
      "overall underdog slice is not strong enough for paper entry upgrade",
      "positive_clv_underdog is weak",
      "starter_edge_underdog is weak"
    ],
    "notes": []
  },
  "sample_state": {
    "generated_at": "2026-07-02T11:56:13.553859+00:00",
    "last_updated": "2026-07-02T11:56:13.553877+00:00",
    "status": "ok",
    "current_stage": "STAGE_2_BASELINE_TRAINING_READY",
    "input_files": {
      "prediction_snapshots": {
        "path": "data/prediction_snapshots.csv",
        "exists": true,
        "rows": 484,
        "error": ""
      },
      "finalized_games": {
        "path": "data/finalized_games.csv",
        "exists": true,
        "rows": 1264,
        "error": ""
      },
      "finalized_snapshot_outcomes": {
        "path": "data/finalized_snapshot_outcomes.csv",
        "exists": true,
        "rows": 469,
        "error": ""
      },
      "training_samples": {
        "path": "data/training_samples.csv",
        "exists": true,
        "rows": 469,
        "error": ""
      },
      "settled_prediction_link_report": {
        "path": "report/settled_prediction_link_report.json",
        "exists": true,
        "error": "",
        "type": "dict"
      },
      "finalized_linkage_diagnostic": {
        "path": "report/finalized_linkage_diagnostic_report.json",
        "exists": true,
        "error": "",
        "type": "dict"
      },
      "rolling_walkforward_evaluation": {
        "path": "report/rolling_walkforward_evaluation.json",
        "exists": true,
        "error": "",
        "type": "dict"
      },
      "training_status": {
        "path": "data/training_status.json",
        "exists": true,
        "error": "",
        "type": "dict"
      },
      "model_artifact_status": {
        "path": "data/model_artifact_status.json",
        "exists": true,
        "error": "",
        "type": "dict"
      }
    },
    "raw_snapshots": 484,
    "valid_snapshots": 484,
    "finalized_games": 1264,
    "finalized_snapshot_outcome_rows": 469,
    "linked_games": 469,
    "settled_snapshots": 469,
    "clean_settled_snapshots": 469,
    "clean_settled_sample_count": 469,
    "train_eligible_samples": 469,
    "training_status_sample_count": 469,
    "loaded_artifact_sample_count": 469,
    "model_artifact_training_samples": 469,
    "active_model_sample_count": 469,
    "model_artifact_valid": true,
    "model_artifact_error": "",
    "walkforward_predictions": 0,
    "link_rate": 0.969008,
    "minimum_clean_train_samples": 300,
    "minimum_promotion_samples": 500,
    "minimum_walkforward_predictions": 300,
    "trained": true,
    "training_allowed": true,
    "promotion_sample_ready": false,
    "walkforward_ready": false,
    "calibration_sample_ready": false,
    "live_betting_allowed": false,
    "shadow_live_allowed": false,
    "production_allowed": false,
    "production_model_replacement_allowed": false,
    "errors": [],
    "warnings": [
      "Finalized linkage diagnostic: overlap_after=469, api_final_written=0, pending_not_final=15, api_not_found_or_failed=0."
    ],
    "recommendations": [
      "Promotion sample threshold not met: 469 < 500.",
      "Rolling walk-forward predictions below threshold: 0 < 300."
    ]
  },
  "warnings": [],
  "errors": [],
  "live_betting_allowed": false,
  "automated_wagering_allowed": false,
  "production_model_replacement_allowed": false
}
