{
  "generated_at": "2026-06-11T23:40:31.492617+00:00",
  "status": "ok",
  "sample_count": 196,
  "underdog_sample_count": 52,
  "overall": {
    "sample_count": 52,
    "correct": 25,
    "accuracy": 0.4807692307692308,
    "brier": 0.2529740584615384,
    "logloss": 0.699172541168383,
    "ece": 0.07081153846153844,
    "insufficient_sample": false,
    "decision": "weak_slice"
  },
  "buckets": {
    "home_underdog": {
      "sample_count": 19,
      "correct": 9,
      "accuracy": 0.47368421052631576,
      "brier": 0.24961419789473685,
      "logloss": 0.6924760181265535,
      "ece": 0.0716,
      "insufficient_sample": true,
      "decision": "insufficient_sample"
    },
    "away_underdog": {
      "sample_count": 33,
      "correct": 16,
      "accuracy": 0.48484848484848486,
      "brier": 0.2549085236363637,
      "logloss": 0.7030281150409514,
      "ece": 0.07035757575757572,
      "insufficient_sample": false,
      "decision": "weak_slice"
    },
    "positive_clv_underdog": {
      "sample_count": 32,
      "correct": 12,
      "accuracy": 0.375,
      "brier": 0.2602944246875,
      "logloss": 0.7141011022004125,
      "ece": 0.18202812500000007,
      "insufficient_sample": false,
      "decision": "weak_slice"
    },
    "non_positive_clv_underdog": {
      "sample_count": 20,
      "correct": 13,
      "accuracy": 0.65,
      "brier": 0.24126147250000002,
      "logloss": 0.675286843517136,
      "ece": 0.13866500000000004,
      "insufficient_sample": true,
      "decision": "insufficient_sample"
    },
    "starter_edge_underdog": {
      "sample_count": 25,
      "correct": 13,
      "accuracy": 0.52,
      "brier": 0.25574600639999995,
      "logloss": 0.7050855836163464,
      "ece": 0.10576799999999997,
      "insufficient_sample": true,
      "decision": "insufficient_sample"
    },
    "no_starter_edge_underdog": {
      "sample_count": 27,
      "correct": 12,
      "accuracy": 0.4444444444444444,
      "brier": 0.25040744,
      "logloss": 0.6936975018647131,
      "ece": 0.11653333333333332,
      "insufficient_sample": true,
      "decision": "insufficient_sample"
    },
    "bullpen_edge_underdog": {
      "sample_count": 5,
      "correct": 2,
      "accuracy": 0.4,
      "brier": 0.24731809400000002,
      "logloss": 0.6874468409276233,
      "ece": 0.15730000000000002,
      "insufficient_sample": true,
      "decision": "insufficient_sample"
    },
    "lineup_context_available_underdog": {
      "sample_count": 0,
      "correct": 0,
      "accuracy": null,
      "brier": null,
      "logloss": null,
      "ece": null,
      "insufficient_sample": true,
      "decision": "insufficient_sample"
    },
    "lineup_context_missing_underdog": {
      "sample_count": 52,
      "correct": 25,
      "accuracy": 0.4807692307692308,
      "brier": 0.2529740584615384,
      "logloss": 0.699172541168383,
      "ece": 0.07081153846153844,
      "insufficient_sample": false,
      "decision": "weak_slice"
    },
    "high_confidence_underdog": {
      "sample_count": 1,
      "correct": 1,
      "accuracy": 1.0,
      "brier": 0.10118761,
      "logloss": 0.3828722594555299,
      "ece": 0.3181,
      "insufficient_sample": true,
      "decision": "insufficient_sample"
    },
    "low_confidence_underdog": {
      "sample_count": 51,
      "correct": 24,
      "accuracy": 0.47058823529411764,
      "brier": 0.2559502633333333,
      "logloss": 0.705374507476478,
      "ece": 0.07843725490196074,
      "insufficient_sample": false,
      "decision": "weak_slice"
    }
  },
  "recommendation": {
    "underdog_policy": "TRACKING_ONLY",
    "allow_when": [],
    "block_when": [
      "away_underdog is weak",
      "lineup_context_missing_underdog is weak",
      "low_confidence_underdog is weak",
      "overall underdog slice is not strong enough for paper entry upgrade",
      "positive_clv_underdog is weak"
    ],
    "notes": []
  },
  "sample_state": {
    "generated_at": "2026-06-11T23:40:29.144481+00:00",
    "last_updated": "2026-06-11T23:40:29.144498+00:00",
    "status": "ok",
    "current_stage": "STAGE_2_BASELINE_TRAINING_READY",
    "input_files": {
      "prediction_snapshots": {
        "path": "data/prediction_snapshots.csv",
        "exists": true,
        "rows": 200,
        "error": ""
      },
      "finalized_games": {
        "path": "data/finalized_games.csv",
        "exists": true,
        "rows": 991,
        "error": ""
      },
      "finalized_snapshot_outcomes": {
        "path": "data/finalized_snapshot_outcomes.csv",
        "exists": true,
        "rows": 196,
        "error": ""
      },
      "training_samples": {
        "path": "data/training_samples.csv",
        "exists": true,
        "rows": 196,
        "error": ""
      },
      "settled_prediction_link_report": {
        "path": "report/settled_prediction_link_report.json",
        "exists": true,
        "error": "",
        "type": "dict"
      },
      "finalized_linkage_diagnostic": {
        "path": "report/finalized_linkage_diagnostic_report.json",
        "exists": true,
        "error": "",
        "type": "dict"
      },
      "rolling_walkforward_evaluation": {
        "path": "report/rolling_walkforward_evaluation.json",
        "exists": true,
        "error": "",
        "type": "dict"
      },
      "training_status": {
        "path": "data/training_status.json",
        "exists": true,
        "error": "",
        "type": "dict"
      },
      "model_artifact_status": {
        "path": "data/model_artifact_status.json",
        "exists": true,
        "error": "",
        "type": "dict"
      }
    },
    "raw_snapshots": 200,
    "valid_snapshots": 200,
    "finalized_games": 991,
    "finalized_snapshot_outcome_rows": 196,
    "linked_games": 196,
    "settled_snapshots": 196,
    "clean_settled_snapshots": 196,
    "clean_settled_sample_count": 196,
    "train_eligible_samples": 196,
    "training_status_sample_count": 196,
    "loaded_artifact_sample_count": 109,
    "model_artifact_training_samples": 109,
    "active_model_sample_count": 0,
    "model_artifact_valid": false,
    "model_artifact_error": "",
    "walkforward_predictions": 0,
    "link_rate": 0.98,
    "minimum_clean_train_samples": 300,
    "minimum_promotion_samples": 500,
    "minimum_walkforward_predictions": 300,
    "trained": false,
    "training_allowed": false,
    "promotion_sample_ready": false,
    "walkforward_ready": false,
    "calibration_sample_ready": false,
    "live_betting_allowed": false,
    "shadow_live_allowed": false,
    "production_allowed": false,
    "production_model_replacement_allowed": false,
    "errors": [],
    "warnings": [
      "Finalized linkage diagnostic: overlap_after=196, api_final_written=0, pending_not_final=4, api_not_found_or_failed=0.",
      "Model artifact is not valid for active ML use; prediction must use manual or market baseline."
    ],
    "recommendations": [
      "Promotion sample threshold not met: 196 < 500.",
      "Rolling walk-forward predictions below threshold: 0 < 300.",
      "Train-eligible samples are below threshold: 196 < 300."
    ]
  },
  "warnings": [],
  "errors": [],
  "live_betting_allowed": false,
  "automated_wagering_allowed": false,
  "production_model_replacement_allowed": false
}
