{
  "generated_at": "2026-06-20T22:40:19.971715+00:00",
  "status": "ok",
  "sample_count": 306,
  "underdog_sample_count": 65,
  "overall": {
    "sample_count": 65,
    "correct": 30,
    "accuracy": 0.46153846153846156,
    "brier": 0.25260117169230767,
    "logloss": 0.6979687364426282,
    "ece": 0.09660615384615384,
    "insufficient_sample": false,
    "decision": "weak_slice"
  },
  "buckets": {
    "home_underdog": {
      "sample_count": 21,
      "correct": 10,
      "accuracy": 0.47619047619047616,
      "brier": 0.24969000619047618,
      "logloss": 0.6926180862572532,
      "ece": 0.06551904761904756,
      "insufficient_sample": true,
      "decision": "insufficient_sample"
    },
    "away_underdog": {
      "sample_count": 44,
      "correct": 20,
      "accuracy": 0.45454545454545453,
      "brier": 0.2539905915909091,
      "logloss": 0.7005224558492845,
      "ece": 0.11144318181818183,
      "insufficient_sample": false,
      "decision": "weak_slice"
    },
    "positive_clv_underdog": {
      "sample_count": 36,
      "correct": 14,
      "accuracy": 0.3888888888888889,
      "brier": 0.25448852250000004,
      "logloss": 0.7015549275284723,
      "ece": 0.1835083333333334,
      "insufficient_sample": false,
      "decision": "weak_slice"
    },
    "non_positive_clv_underdog": {
      "sample_count": 29,
      "correct": 16,
      "accuracy": 0.5517241379310345,
      "brier": 0.25025825344827585,
      "logloss": 0.6935169130257183,
      "ece": 0.07443103448275869,
      "insufficient_sample": true,
      "decision": "insufficient_sample"
    },
    "starter_edge_underdog": {
      "sample_count": 33,
      "correct": 16,
      "accuracy": 0.48484848484848486,
      "brier": 0.2532095012121212,
      "logloss": 0.6990270485870481,
      "ece": 0.13916363636363635,
      "insufficient_sample": false,
      "decision": "weak_slice"
    },
    "no_starter_edge_underdog": {
      "sample_count": 32,
      "correct": 14,
      "accuracy": 0.4375,
      "brier": 0.251973831875,
      "logloss": 0.6968773520436953,
      "ece": 0.11763749999999992,
      "insufficient_sample": false,
      "decision": "weak_slice"
    },
    "bullpen_edge_underdog": {
      "sample_count": 11,
      "correct": 5,
      "accuracy": 0.45454545454545453,
      "brier": 0.23313215818181818,
      "logloss": 0.6563295353835601,
      "ece": 0.14825454545454544,
      "insufficient_sample": true,
      "decision": "insufficient_sample"
    },
    "lineup_context_available_underdog": {
      "sample_count": 0,
      "correct": 0,
      "accuracy": null,
      "brier": null,
      "logloss": null,
      "ece": null,
      "insufficient_sample": true,
      "decision": "insufficient_sample"
    },
    "lineup_context_missing_underdog": {
      "sample_count": 65,
      "correct": 30,
      "accuracy": 0.46153846153846156,
      "brier": 0.25260117169230767,
      "logloss": 0.6979687364426282,
      "ece": 0.09660615384615384,
      "insufficient_sample": false,
      "decision": "weak_slice"
    },
    "high_confidence_underdog": {
      "sample_count": 2,
      "correct": 2,
      "accuracy": 1.0,
      "brier": 0.08058181,
      "logloss": 0.33188867381414355,
      "ece": 0.2815,
      "insufficient_sample": true,
      "decision": "insufficient_sample"
    },
    "low_confidence_underdog": {
      "sample_count": 63,
      "correct": 28,
      "accuracy": 0.4444444444444444,
      "brier": 0.2580621038095238,
      "logloss": 0.7095903257324212,
      "ece": 0.10083492063492064,
      "insufficient_sample": false,
      "decision": "weak_slice"
    }
  },
  "recommendation": {
    "underdog_policy": "TRACKING_ONLY",
    "allow_when": [],
    "block_when": [
      "away_underdog is weak",
      "lineup_context_missing_underdog is weak",
      "low_confidence_underdog is weak",
      "no_starter_edge_underdog is weak",
      "overall underdog slice is not strong enough for paper entry upgrade",
      "positive_clv_underdog is weak",
      "starter_edge_underdog is weak"
    ],
    "notes": []
  },
  "sample_state": {
    "generated_at": "2026-06-20T22:40:17.534516+00:00",
    "last_updated": "2026-06-20T22:40:17.534529+00:00",
    "status": "ok",
    "current_stage": "STAGE_2_BASELINE_TRAINING_READY",
    "input_files": {
      "prediction_snapshots": {
        "path": "data/prediction_snapshots.csv",
        "exists": true,
        "rows": 321,
        "error": ""
      },
      "finalized_games": {
        "path": "data/finalized_games.csv",
        "exists": true,
        "rows": 1101,
        "error": ""
      },
      "finalized_snapshot_outcomes": {
        "path": "data/finalized_snapshot_outcomes.csv",
        "exists": true,
        "rows": 306,
        "error": ""
      },
      "training_samples": {
        "path": "data/training_samples.csv",
        "exists": true,
        "rows": 306,
        "error": ""
      },
      "settled_prediction_link_report": {
        "path": "report/settled_prediction_link_report.json",
        "exists": true,
        "error": "",
        "type": "dict"
      },
      "finalized_linkage_diagnostic": {
        "path": "report/finalized_linkage_diagnostic_report.json",
        "exists": true,
        "error": "",
        "type": "dict"
      },
      "rolling_walkforward_evaluation": {
        "path": "report/rolling_walkforward_evaluation.json",
        "exists": true,
        "error": "",
        "type": "dict"
      },
      "training_status": {
        "path": "data/training_status.json",
        "exists": true,
        "error": "",
        "type": "dict"
      },
      "model_artifact_status": {
        "path": "data/model_artifact_status.json",
        "exists": true,
        "error": "",
        "type": "dict"
      }
    },
    "raw_snapshots": 321,
    "valid_snapshots": 321,
    "finalized_games": 1101,
    "finalized_snapshot_outcome_rows": 306,
    "linked_games": 306,
    "settled_snapshots": 306,
    "clean_settled_snapshots": 306,
    "clean_settled_sample_count": 306,
    "train_eligible_samples": 306,
    "training_status_sample_count": 306,
    "loaded_artifact_sample_count": 306,
    "model_artifact_training_samples": 306,
    "active_model_sample_count": 306,
    "model_artifact_valid": true,
    "model_artifact_error": "",
    "walkforward_predictions": 0,
    "link_rate": 0.953271,
    "minimum_clean_train_samples": 300,
    "minimum_promotion_samples": 500,
    "minimum_walkforward_predictions": 300,
    "trained": true,
    "training_allowed": true,
    "promotion_sample_ready": false,
    "walkforward_ready": false,
    "calibration_sample_ready": false,
    "live_betting_allowed": false,
    "shadow_live_allowed": false,
    "production_allowed": false,
    "production_model_replacement_allowed": false,
    "errors": [],
    "warnings": [
      "Finalized linkage diagnostic: overlap_after=306, api_final_written=0, pending_not_final=15, api_not_found_or_failed=0."
    ],
    "recommendations": [
      "Promotion sample threshold not met: 306 < 500.",
      "Rolling walk-forward predictions below threshold: 0 < 300."
    ]
  },
  "warnings": [],
  "errors": [],
  "live_betting_allowed": false,
  "automated_wagering_allowed": false,
  "production_model_replacement_allowed": false
}
