{
  "generated_at": "2026-06-26T22:45:51.369084+00:00",
  "status": "ok",
  "sample_count": 382,
  "underdog_sample_count": 81,
  "overall": {
    "sample_count": 81,
    "correct": 36,
    "accuracy": 0.4444444444444444,
    "brier": 0.25781977345679014,
    "logloss": 0.7089604270279728,
    "ece": 0.11021111111111115,
    "insufficient_sample": false,
    "decision": "weak_slice"
  },
  "buckets": {
    "home_underdog": {
      "sample_count": 29,
      "correct": 12,
      "accuracy": 0.41379310344827586,
      "brier": 0.2660942293103448,
      "logloss": 0.7267436037335038,
      "ece": 0.1338379310344827,
      "insufficient_sample": true,
      "decision": "insufficient_sample"
    },
    "away_underdog": {
      "sample_count": 52,
      "correct": 24,
      "accuracy": 0.46153846153846156,
      "brier": 0.2532051730769231,
      "logloss": 0.6990428861729652,
      "ece": 0.0970346153846155,
      "insufficient_sample": false,
      "decision": "weak_slice"
    },
    "positive_clv_underdog": {
      "sample_count": 42,
      "correct": 17,
      "accuracy": 0.40476190476190477,
      "brier": 0.25551227261904763,
      "logloss": 0.7036979056854651,
      "ece": 0.1607738095238095,
      "insufficient_sample": false,
      "decision": "weak_slice"
    },
    "non_positive_clv_underdog": {
      "sample_count": 39,
      "correct": 19,
      "accuracy": 0.48717948717948717,
      "brier": 0.26030477435897426,
      "logloss": 0.7146277577045196,
      "ece": 0.06986666666666659,
      "insufficient_sample": false,
      "decision": "weak_slice"
    },
    "starter_edge_underdog": {
      "sample_count": 41,
      "correct": 19,
      "accuracy": 0.4634146341463415,
      "brier": 0.2570947963414634,
      "logloss": 0.7071323114449303,
      "ece": 0.1030560975609756,
      "insufficient_sample": false,
      "decision": "weak_slice"
    },
    "no_starter_edge_underdog": {
      "sample_count": 40,
      "correct": 17,
      "accuracy": 0.425,
      "brier": 0.258562875,
      "logloss": 0.7108342455005914,
      "ece": 0.12759500000000001,
      "insufficient_sample": false,
      "decision": "weak_slice"
    },
    "bullpen_edge_underdog": {
      "sample_count": 19,
      "correct": 7,
      "accuracy": 0.3684210526315789,
      "brier": 0.2541768531578947,
      "logloss": 0.7002258265413959,
      "ece": 0.2078684210526316,
      "insufficient_sample": true,
      "decision": "insufficient_sample"
    },
    "lineup_context_available_underdog": {
      "sample_count": 0,
      "correct": 0,
      "accuracy": null,
      "brier": null,
      "logloss": null,
      "ece": null,
      "insufficient_sample": true,
      "decision": "insufficient_sample"
    },
    "lineup_context_missing_underdog": {
      "sample_count": 81,
      "correct": 36,
      "accuracy": 0.4444444444444444,
      "brier": 0.25781977345679014,
      "logloss": 0.7089604270279728,
      "ece": 0.11021111111111115,
      "insufficient_sample": false,
      "decision": "weak_slice"
    },
    "high_confidence_underdog": {
      "sample_count": 3,
      "correct": 2,
      "accuracy": 0.6666666666666666,
      "brier": 0.21570401000000003,
      "logloss": 0.6193766361924109,
      "ece": 0.4200333333333333,
      "insufficient_sample": true,
      "decision": "insufficient_sample"
    },
    "low_confidence_underdog": {
      "sample_count": 78,
      "correct": 34,
      "accuracy": 0.4358974358974359,
      "brier": 0.25943961051282055,
      "logloss": 0.7124059574447251,
      "ece": 0.1064512820512821,
      "insufficient_sample": false,
      "decision": "weak_slice"
    }
  },
  "recommendation": {
    "underdog_policy": "TRACKING_ONLY",
    "allow_when": [],
    "block_when": [
      "away_underdog is weak",
      "lineup_context_missing_underdog is weak",
      "low_confidence_underdog is weak",
      "no_starter_edge_underdog is weak",
      "non_positive_clv_underdog is weak",
      "overall underdog slice is not strong enough for paper entry upgrade",
      "positive_clv_underdog is weak",
      "starter_edge_underdog is weak"
    ],
    "notes": []
  },
  "sample_state": {
    "generated_at": "2026-06-26T22:45:48.915315+00:00",
    "last_updated": "2026-06-26T22:45:48.915331+00:00",
    "status": "ok",
    "current_stage": "STAGE_2_BASELINE_TRAINING_READY",
    "input_files": {
      "prediction_snapshots": {
        "path": "data/prediction_snapshots.csv",
        "exists": true,
        "rows": 403,
        "error": ""
      },
      "finalized_games": {
        "path": "data/finalized_games.csv",
        "exists": true,
        "rows": 1177,
        "error": ""
      },
      "finalized_snapshot_outcomes": {
        "path": "data/finalized_snapshot_outcomes.csv",
        "exists": true,
        "rows": 382,
        "error": ""
      },
      "training_samples": {
        "path": "data/training_samples.csv",
        "exists": true,
        "rows": 382,
        "error": ""
      },
      "settled_prediction_link_report": {
        "path": "report/settled_prediction_link_report.json",
        "exists": true,
        "error": "",
        "type": "dict"
      },
      "finalized_linkage_diagnostic": {
        "path": "report/finalized_linkage_diagnostic_report.json",
        "exists": true,
        "error": "",
        "type": "dict"
      },
      "rolling_walkforward_evaluation": {
        "path": "report/rolling_walkforward_evaluation.json",
        "exists": true,
        "error": "",
        "type": "dict"
      },
      "training_status": {
        "path": "data/training_status.json",
        "exists": true,
        "error": "",
        "type": "dict"
      },
      "model_artifact_status": {
        "path": "data/model_artifact_status.json",
        "exists": true,
        "error": "",
        "type": "dict"
      }
    },
    "raw_snapshots": 403,
    "valid_snapshots": 403,
    "finalized_games": 1177,
    "finalized_snapshot_outcome_rows": 382,
    "linked_games": 382,
    "settled_snapshots": 382,
    "clean_settled_snapshots": 382,
    "clean_settled_sample_count": 382,
    "train_eligible_samples": 382,
    "training_status_sample_count": 382,
    "loaded_artifact_sample_count": 382,
    "model_artifact_training_samples": 382,
    "active_model_sample_count": 382,
    "model_artifact_valid": true,
    "model_artifact_error": "",
    "walkforward_predictions": 0,
    "link_rate": 0.947891,
    "minimum_clean_train_samples": 300,
    "minimum_promotion_samples": 500,
    "minimum_walkforward_predictions": 300,
    "trained": true,
    "training_allowed": true,
    "promotion_sample_ready": false,
    "walkforward_ready": false,
    "calibration_sample_ready": false,
    "live_betting_allowed": false,
    "shadow_live_allowed": false,
    "production_allowed": false,
    "production_model_replacement_allowed": false,
    "errors": [],
    "warnings": [
      "Finalized linkage diagnostic: overlap_after=382, api_final_written=0, pending_not_final=21, api_not_found_or_failed=0."
    ],
    "recommendations": [
      "Promotion sample threshold not met: 382 < 500.",
      "Rolling walk-forward predictions below threshold: 0 < 300."
    ]
  },
  "warnings": [],
  "errors": [],
  "live_betting_allowed": false,
  "automated_wagering_allowed": false,
  "production_model_replacement_allowed": false
}
