{
  "generated_at": "2026-06-15T05:34:12.171580+00:00",
  "status": "ok",
  "sample_count": 242,
  "underdog_sample_count": 59,
  "overall": {
    "sample_count": 59,
    "correct": 28,
    "accuracy": 0.4745762711864407,
    "brier": 0.2522783962711865,
    "logloss": 0.6972838067700465,
    "ece": 0.08644406779661017,
    "insufficient_sample": false,
    "decision": "weak_slice"
  },
  "buckets": {
    "home_underdog": {
      "sample_count": 21,
      "correct": 10,
      "accuracy": 0.47619047619047616,
      "brier": 0.24969000619047618,
      "logloss": 0.6926180862572532,
      "ece": 0.06551904761904756,
      "insufficient_sample": true,
      "decision": "insufficient_sample"
    },
    "away_underdog": {
      "sample_count": 38,
      "correct": 18,
      "accuracy": 0.47368421052631576,
      "brier": 0.25370882236842107,
      "logloss": 0.6998622312639585,
      "ece": 0.09800789473684214,
      "insufficient_sample": false,
      "decision": "weak_slice"
    },
    "positive_clv_underdog": {
      "sample_count": 35,
      "correct": 14,
      "accuracy": 0.4,
      "brier": 0.25426394199999997,
      "logloss": 0.7010893599378482,
      "ece": 0.17411714285714291,
      "insufficient_sample": false,
      "decision": "weak_slice"
    },
    "non_positive_clv_underdog": {
      "sample_count": 24,
      "correct": 14,
      "accuracy": 0.5833333333333334,
      "brier": 0.24938280875,
      "logloss": 0.6917340417336693,
      "ece": 0.11772916666666665,
      "insufficient_sample": true,
      "decision": "insufficient_sample"
    },
    "starter_edge_underdog": {
      "sample_count": 31,
      "correct": 15,
      "accuracy": 0.4838709677419355,
      "brier": 0.25399110999999996,
      "logloss": 0.7005601512450811,
      "ece": 0.14615806451612895,
      "insufficient_sample": false,
      "decision": "weak_slice"
    },
    "no_starter_edge_underdog": {
      "sample_count": 28,
      "correct": 13,
      "accuracy": 0.4642857142857143,
      "brier": 0.2503821775,
      "logloss": 0.6936564253869726,
      "ece": 0.094525,
      "insufficient_sample": true,
      "decision": "insufficient_sample"
    },
    "bullpen_edge_underdog": {
      "sample_count": 8,
      "correct": 4,
      "accuracy": 0.5,
      "brier": 0.22580085625000001,
      "logloss": 0.6405158165062007,
      "ece": 0.13196250000000004,
      "insufficient_sample": true,
      "decision": "insufficient_sample"
    },
    "lineup_context_available_underdog": {
      "sample_count": 0,
      "correct": 0,
      "accuracy": null,
      "brier": null,
      "logloss": null,
      "ece": null,
      "insufficient_sample": true,
      "decision": "insufficient_sample"
    },
    "lineup_context_missing_underdog": {
      "sample_count": 59,
      "correct": 28,
      "accuracy": 0.4745762711864407,
      "brier": 0.2522783962711865,
      "logloss": 0.6972838067700465,
      "ece": 0.08644406779661017,
      "insufficient_sample": false,
      "decision": "weak_slice"
    },
    "high_confidence_underdog": {
      "sample_count": 2,
      "correct": 2,
      "accuracy": 1.0,
      "brier": 0.08058181,
      "logloss": 0.33188867381414355,
      "ece": 0.2815,
      "insufficient_sample": true,
      "decision": "insufficient_sample"
    },
    "low_confidence_underdog": {
      "sample_count": 57,
      "correct": 26,
      "accuracy": 0.45614035087719296,
      "brier": 0.25830283789473685,
      "logloss": 0.7101046886281485,
      "ece": 0.09076140350877193,
      "insufficient_sample": false,
      "decision": "weak_slice"
    }
  },
  "recommendation": {
    "underdog_policy": "TRACKING_ONLY",
    "allow_when": [],
    "block_when": [
      "away_underdog is weak",
      "lineup_context_missing_underdog is weak",
      "low_confidence_underdog is weak",
      "overall underdog slice is not strong enough for paper entry upgrade",
      "positive_clv_underdog is weak",
      "starter_edge_underdog is weak"
    ],
    "notes": []
  },
  "sample_state": {
    "generated_at": "2026-06-15T05:34:09.828481+00:00",
    "last_updated": "2026-06-15T05:34:09.828496+00:00",
    "status": "ok",
    "current_stage": "STAGE_2_BASELINE_TRAINING_READY",
    "input_files": {
      "prediction_snapshots": {
        "path": "data/prediction_snapshots.csv",
        "exists": true,
        "rows": 255,
        "error": ""
      },
      "finalized_games": {
        "path": "data/finalized_games.csv",
        "exists": true,
        "rows": 1037,
        "error": ""
      },
      "finalized_snapshot_outcomes": {
        "path": "data/finalized_snapshot_outcomes.csv",
        "exists": true,
        "rows": 242,
        "error": ""
      },
      "training_samples": {
        "path": "data/training_samples.csv",
        "exists": true,
        "rows": 242,
        "error": ""
      },
      "settled_prediction_link_report": {
        "path": "report/settled_prediction_link_report.json",
        "exists": true,
        "error": "",
        "type": "dict"
      },
      "finalized_linkage_diagnostic": {
        "path": "report/finalized_linkage_diagnostic_report.json",
        "exists": true,
        "error": "",
        "type": "dict"
      },
      "rolling_walkforward_evaluation": {
        "path": "report/rolling_walkforward_evaluation.json",
        "exists": true,
        "error": "",
        "type": "dict"
      },
      "training_status": {
        "path": "data/training_status.json",
        "exists": true,
        "error": "",
        "type": "dict"
      },
      "model_artifact_status": {
        "path": "data/model_artifact_status.json",
        "exists": true,
        "error": "",
        "type": "dict"
      }
    },
    "raw_snapshots": 255,
    "valid_snapshots": 255,
    "finalized_games": 1037,
    "finalized_snapshot_outcome_rows": 242,
    "linked_games": 242,
    "settled_snapshots": 242,
    "clean_settled_snapshots": 242,
    "clean_settled_sample_count": 242,
    "train_eligible_samples": 242,
    "training_status_sample_count": 242,
    "loaded_artifact_sample_count": 109,
    "model_artifact_training_samples": 109,
    "active_model_sample_count": 0,
    "model_artifact_valid": false,
    "model_artifact_error": "",
    "walkforward_predictions": 0,
    "link_rate": 0.94902,
    "minimum_clean_train_samples": 300,
    "minimum_promotion_samples": 500,
    "minimum_walkforward_predictions": 300,
    "trained": false,
    "training_allowed": false,
    "promotion_sample_ready": false,
    "walkforward_ready": false,
    "calibration_sample_ready": false,
    "live_betting_allowed": false,
    "shadow_live_allowed": false,
    "production_allowed": false,
    "production_model_replacement_allowed": false,
    "errors": [],
    "warnings": [
      "Finalized linkage diagnostic: overlap_after=242, api_final_written=0, pending_not_final=3, api_not_found_or_failed=0.",
      "Model artifact is not valid for active ML use; prediction must use manual or market baseline."
    ],
    "recommendations": [
      "Promotion sample threshold not met: 242 < 500.",
      "Rolling walk-forward predictions below threshold: 0 < 300.",
      "Train-eligible samples are below threshold: 242 < 300."
    ]
  },
  "warnings": [],
  "errors": [],
  "live_betting_allowed": false,
  "automated_wagering_allowed": false,
  "production_model_replacement_allowed": false
}
