{
  "generated_at": "2026-06-21T21:07:00.051362+00:00",
  "status": "ok",
  "sample_count": 323,
  "underdog_sample_count": 71,
  "overall": {
    "sample_count": 71,
    "correct": 33,
    "accuracy": 0.4647887323943662,
    "brier": 0.25680527549295773,
    "logloss": 0.7069451286456907,
    "ece": 0.09440281690140843,
    "insufficient_sample": false,
    "decision": "weak_slice"
  },
  "buckets": {
    "home_underdog": {
      "sample_count": 24,
      "correct": 11,
      "accuracy": 0.4583333333333333,
      "brier": 0.26566169791666666,
      "logloss": 0.7261462486152386,
      "ece": 0.09262916666666658,
      "insufficient_sample": true,
      "decision": "insufficient_sample"
    },
    "away_underdog": {
      "sample_count": 47,
      "correct": 22,
      "accuracy": 0.46808510638297873,
      "brier": 0.25228284702127657,
      "logloss": 0.6971403014271983,
      "ece": 0.0953085106382979,
      "insufficient_sample": false,
      "decision": "weak_slice"
    },
    "positive_clv_underdog": {
      "sample_count": 36,
      "correct": 14,
      "accuracy": 0.3888888888888889,
      "brier": 0.25448852250000004,
      "logloss": 0.7015549275284723,
      "ece": 0.1835083333333334,
      "insufficient_sample": false,
      "decision": "weak_slice"
    },
    "non_positive_clv_underdog": {
      "sample_count": 35,
      "correct": 19,
      "accuracy": 0.5428571428571428,
      "brier": 0.2591882214285714,
      "logloss": 0.7124893355091155,
      "ece": 0.12590571428571426,
      "insufficient_sample": false,
      "decision": "tracking_only"
    },
    "starter_edge_underdog": {
      "sample_count": 37,
      "correct": 18,
      "accuracy": 0.4864864864864865,
      "brier": 0.25528192648648645,
      "logloss": 0.7034667192947676,
      "ece": 0.1299189189189189,
      "insufficient_sample": false,
      "decision": "weak_slice"
    },
    "no_starter_edge_underdog": {
      "sample_count": 34,
      "correct": 15,
      "accuracy": 0.4411764705882353,
      "brier": 0.25846303764705886,
      "logloss": 0.7107304564687543,
      "ece": 0.11685294117647052,
      "insufficient_sample": false,
      "decision": "weak_slice"
    },
    "bullpen_edge_underdog": {
      "sample_count": 12,
      "correct": 5,
      "accuracy": 0.4166666666666667,
      "brier": 0.24768864166666668,
      "logloss": 0.6864495658369308,
      "ece": 0.18911666666666666,
      "insufficient_sample": true,
      "decision": "insufficient_sample"
    },
    "lineup_context_available_underdog": {
      "sample_count": 0,
      "correct": 0,
      "accuracy": null,
      "brier": null,
      "logloss": null,
      "ece": null,
      "insufficient_sample": true,
      "decision": "insufficient_sample"
    },
    "lineup_context_missing_underdog": {
      "sample_count": 71,
      "correct": 33,
      "accuracy": 0.4647887323943662,
      "brier": 0.25680527549295773,
      "logloss": 0.7069451286456907,
      "ece": 0.09440281690140843,
      "insufficient_sample": false,
      "decision": "weak_slice"
    },
    "high_confidence_underdog": {
      "sample_count": 3,
      "correct": 2,
      "accuracy": 0.6666666666666666,
      "brier": 0.21570401000000003,
      "logloss": 0.6193766361924109,
      "ece": 0.4200333333333333,
      "insufficient_sample": true,
      "decision": "insufficient_sample"
    },
    "low_confidence_underdog": {
      "sample_count": 68,
      "correct": 31,
      "accuracy": 0.45588235294117646,
      "brier": 0.2586185666176471,
      "logloss": 0.7108084444892179,
      "ece": 0.08939264705882354,
      "insufficient_sample": false,
      "decision": "weak_slice"
    }
  },
  "recommendation": {
    "underdog_policy": "TRACKING_ONLY",
    "allow_when": [],
    "block_when": [
      "away_underdog is weak",
      "lineup_context_missing_underdog is weak",
      "low_confidence_underdog is weak",
      "no_starter_edge_underdog is weak",
      "overall underdog slice is not strong enough for paper entry upgrade",
      "positive_clv_underdog is weak",
      "starter_edge_underdog is weak"
    ],
    "notes": []
  },
  "sample_state": {
    "generated_at": "2026-06-21T21:06:57.557767+00:00",
    "last_updated": "2026-06-21T21:06:57.557809+00:00",
    "status": "ok",
    "current_stage": "STAGE_2_BASELINE_TRAINING_READY",
    "input_files": {
      "prediction_snapshots": {
        "path": "data/prediction_snapshots.csv",
        "exists": true,
        "rows": 336,
        "error": ""
      },
      "finalized_games": {
        "path": "data/finalized_games.csv",
        "exists": true,
        "rows": 1118,
        "error": ""
      },
      "finalized_snapshot_outcomes": {
        "path": "data/finalized_snapshot_outcomes.csv",
        "exists": true,
        "rows": 323,
        "error": ""
      },
      "training_samples": {
        "path": "data/training_samples.csv",
        "exists": true,
        "rows": 323,
        "error": ""
      },
      "settled_prediction_link_report": {
        "path": "report/settled_prediction_link_report.json",
        "exists": true,
        "error": "",
        "type": "dict"
      },
      "finalized_linkage_diagnostic": {
        "path": "report/finalized_linkage_diagnostic_report.json",
        "exists": true,
        "error": "",
        "type": "dict"
      },
      "rolling_walkforward_evaluation": {
        "path": "report/rolling_walkforward_evaluation.json",
        "exists": true,
        "error": "",
        "type": "dict"
      },
      "training_status": {
        "path": "data/training_status.json",
        "exists": true,
        "error": "",
        "type": "dict"
      },
      "model_artifact_status": {
        "path": "data/model_artifact_status.json",
        "exists": true,
        "error": "",
        "type": "dict"
      }
    },
    "raw_snapshots": 336,
    "valid_snapshots": 336,
    "finalized_games": 1118,
    "finalized_snapshot_outcome_rows": 323,
    "linked_games": 323,
    "settled_snapshots": 323,
    "clean_settled_snapshots": 323,
    "clean_settled_sample_count": 323,
    "train_eligible_samples": 323,
    "training_status_sample_count": 323,
    "loaded_artifact_sample_count": 323,
    "model_artifact_training_samples": 323,
    "active_model_sample_count": 323,
    "model_artifact_valid": true,
    "model_artifact_error": "",
    "walkforward_predictions": 0,
    "link_rate": 0.96131,
    "minimum_clean_train_samples": 300,
    "minimum_promotion_samples": 500,
    "minimum_walkforward_predictions": 300,
    "trained": true,
    "training_allowed": true,
    "promotion_sample_ready": false,
    "walkforward_ready": false,
    "calibration_sample_ready": false,
    "live_betting_allowed": false,
    "shadow_live_allowed": false,
    "production_allowed": false,
    "production_model_replacement_allowed": false,
    "errors": [],
    "warnings": [
      "Finalized linkage diagnostic: overlap_after=323, api_final_written=0, pending_not_final=13, api_not_found_or_failed=0."
    ],
    "recommendations": [
      "Promotion sample threshold not met: 323 < 500.",
      "Rolling walk-forward predictions below threshold: 0 < 300."
    ]
  },
  "warnings": [],
  "errors": [],
  "live_betting_allowed": false,
  "automated_wagering_allowed": false,
  "production_model_replacement_allowed": false
}
