{
  "generated_at": "2026-06-18T18:45:44.625086+00:00",
  "status": "ok",
  "sample_count": 281,
  "underdog_sample_count": 61,
  "overall": {
    "sample_count": 61,
    "correct": 28,
    "accuracy": 0.45901639344262296,
    "brier": 0.2530288345901639,
    "logloss": 0.698799900332878,
    "ece": 0.10080819672131139,
    "insufficient_sample": false,
    "decision": "weak_slice"
  },
  "buckets": {
    "home_underdog": {
      "sample_count": 21,
      "correct": 10,
      "accuracy": 0.47619047619047616,
      "brier": 0.24969000619047618,
      "logloss": 0.6926180862572532,
      "ece": 0.06551904761904756,
      "insufficient_sample": true,
      "decision": "insufficient_sample"
    },
    "away_underdog": {
      "sample_count": 40,
      "correct": 18,
      "accuracy": 0.45,
      "brier": 0.2547817195,
      "logloss": 0.7020453527225812,
      "ece": 0.11933499999999991,
      "insufficient_sample": false,
      "decision": "weak_slice"
    },
    "positive_clv_underdog": {
      "sample_count": 35,
      "correct": 14,
      "accuracy": 0.4,
      "brier": 0.25426394199999997,
      "logloss": 0.7010893599378482,
      "ece": 0.17411714285714291,
      "insufficient_sample": false,
      "decision": "weak_slice"
    },
    "non_positive_clv_underdog": {
      "sample_count": 26,
      "correct": 14,
      "accuracy": 0.5384615384615384,
      "brier": 0.25136619000000004,
      "logloss": 0.6957179354800337,
      "ece": 0.06832307692307693,
      "insufficient_sample": true,
      "decision": "insufficient_sample"
    },
    "starter_edge_underdog": {
      "sample_count": 32,
      "correct": 15,
      "accuracy": 0.46875,
      "brier": 0.2545299078125,
      "logloss": 0.7016563100243253,
      "ece": 0.15786562499999995,
      "insufficient_sample": false,
      "decision": "weak_slice"
    },
    "no_starter_edge_underdog": {
      "sample_count": 29,
      "correct": 13,
      "accuracy": 0.4482758620689655,
      "brier": 0.25137247793103445,
      "logloss": 0.695647999983695,
      "ece": 0.10948275862068965,
      "insufficient_sample": true,
      "decision": "insufficient_sample"
    },
    "bullpen_edge_underdog": {
      "sample_count": 9,
      "correct": 4,
      "accuracy": 0.4444444444444444,
      "brier": 0.23172308222222224,
      "logloss": 0.6528376245268362,
      "ece": 0.176,
      "insufficient_sample": true,
      "decision": "insufficient_sample"
    },
    "lineup_context_available_underdog": {
      "sample_count": 0,
      "correct": 0,
      "accuracy": null,
      "brier": null,
      "logloss": null,
      "ece": null,
      "insufficient_sample": true,
      "decision": "insufficient_sample"
    },
    "lineup_context_missing_underdog": {
      "sample_count": 61,
      "correct": 28,
      "accuracy": 0.45901639344262296,
      "brier": 0.2530288345901639,
      "logloss": 0.698799900332878,
      "ece": 0.10080819672131139,
      "insufficient_sample": false,
      "decision": "weak_slice"
    },
    "high_confidence_underdog": {
      "sample_count": 2,
      "correct": 2,
      "accuracy": 1.0,
      "brier": 0.08058181,
      "logloss": 0.33188867381414355,
      "ece": 0.2815,
      "insufficient_sample": true,
      "decision": "insufficient_sample"
    },
    "low_confidence_underdog": {
      "sample_count": 59,
      "correct": 26,
      "accuracy": 0.4406779661016949,
      "brier": 0.258874496440678,
      "logloss": 0.7112375690284284,
      "ece": 0.10546610169491517,
      "insufficient_sample": false,
      "decision": "weak_slice"
    }
  },
  "recommendation": {
    "underdog_policy": "TRACKING_ONLY",
    "allow_when": [],
    "block_when": [
      "away_underdog is weak",
      "lineup_context_missing_underdog is weak",
      "low_confidence_underdog is weak",
      "overall underdog slice is not strong enough for paper entry upgrade",
      "positive_clv_underdog is weak",
      "starter_edge_underdog is weak"
    ],
    "notes": []
  },
  "sample_state": {
    "generated_at": "2026-06-18T18:45:42.166203+00:00",
    "last_updated": "2026-06-18T18:45:42.166218+00:00",
    "status": "ok",
    "current_stage": "STAGE_2_BASELINE_TRAINING_READY",
    "input_files": {
      "prediction_snapshots": {
        "path": "data/prediction_snapshots.csv",
        "exists": true,
        "rows": 293,
        "error": ""
      },
      "finalized_games": {
        "path": "data/finalized_games.csv",
        "exists": true,
        "rows": 1076,
        "error": ""
      },
      "finalized_snapshot_outcomes": {
        "path": "data/finalized_snapshot_outcomes.csv",
        "exists": true,
        "rows": 281,
        "error": ""
      },
      "training_samples": {
        "path": "data/training_samples.csv",
        "exists": true,
        "rows": 281,
        "error": ""
      },
      "settled_prediction_link_report": {
        "path": "report/settled_prediction_link_report.json",
        "exists": true,
        "error": "",
        "type": "dict"
      },
      "finalized_linkage_diagnostic": {
        "path": "report/finalized_linkage_diagnostic_report.json",
        "exists": true,
        "error": "",
        "type": "dict"
      },
      "rolling_walkforward_evaluation": {
        "path": "report/rolling_walkforward_evaluation.json",
        "exists": true,
        "error": "",
        "type": "dict"
      },
      "training_status": {
        "path": "data/training_status.json",
        "exists": true,
        "error": "",
        "type": "dict"
      },
      "model_artifact_status": {
        "path": "data/model_artifact_status.json",
        "exists": true,
        "error": "",
        "type": "dict"
      }
    },
    "raw_snapshots": 293,
    "valid_snapshots": 293,
    "finalized_games": 1076,
    "finalized_snapshot_outcome_rows": 281,
    "linked_games": 281,
    "settled_snapshots": 281,
    "clean_settled_snapshots": 281,
    "clean_settled_sample_count": 281,
    "train_eligible_samples": 281,
    "training_status_sample_count": 281,
    "loaded_artifact_sample_count": 109,
    "model_artifact_training_samples": 109,
    "active_model_sample_count": 0,
    "model_artifact_valid": false,
    "model_artifact_error": "",
    "walkforward_predictions": 0,
    "link_rate": 0.959044,
    "minimum_clean_train_samples": 300,
    "minimum_promotion_samples": 500,
    "minimum_walkforward_predictions": 300,
    "trained": false,
    "training_allowed": false,
    "promotion_sample_ready": false,
    "walkforward_ready": false,
    "calibration_sample_ready": false,
    "live_betting_allowed": false,
    "shadow_live_allowed": false,
    "production_allowed": false,
    "production_model_replacement_allowed": false,
    "errors": [],
    "warnings": [
      "Finalized linkage diagnostic: overlap_after=281, api_final_written=0, pending_not_final=12, api_not_found_or_failed=0.",
      "Model artifact is not valid for active ML use; prediction must use manual or market baseline."
    ],
    "recommendations": [
      "Promotion sample threshold not met: 281 < 500.",
      "Rolling walk-forward predictions below threshold: 0 < 300.",
      "Train-eligible samples are below threshold: 281 < 300."
    ]
  },
  "warnings": [],
  "errors": [],
  "live_betting_allowed": false,
  "automated_wagering_allowed": false,
  "production_model_replacement_allowed": false
}
