{
  "generated_at": "2026-06-11T18:32:18.851931+00:00",
  "status": "ok",
  "sample_count": 191,
  "underdog_sample_count": 51,
  "overall": {
    "sample_count": 51,
    "correct": 24,
    "accuracy": 0.47058823529411764,
    "brier": 0.2538267009803921,
    "logloss": 0.7008830630513879,
    "ece": 0.08117450980392152,
    "insufficient_sample": false,
    "decision": "weak_slice"
  },
  "buckets": {
    "home_underdog": {
      "sample_count": 18,
      "correct": 8,
      "accuracy": 0.4444444444444444,
      "brier": 0.25184335944444447,
      "logloss": 0.6969504677371886,
      "ece": 0.10100555555555553,
      "insufficient_sample": true,
      "decision": "insufficient_sample"
    },
    "away_underdog": {
      "sample_count": 33,
      "correct": 16,
      "accuracy": 0.48484848484848486,
      "brier": 0.2549085236363637,
      "logloss": 0.7030281150409514,
      "ece": 0.07035757575757572,
      "insufficient_sample": false,
      "decision": "weak_slice"
    },
    "positive_clv_underdog": {
      "sample_count": 31,
      "correct": 11,
      "accuracy": 0.3548387096774194,
      "brier": 0.2619333,
      "logloss": 0.7173967530734863,
      "ece": 0.20266451612903227,
      "insufficient_sample": false,
      "decision": "weak_slice"
    },
    "non_positive_clv_underdog": {
      "sample_count": 20,
      "correct": 13,
      "accuracy": 0.65,
      "brier": 0.24126147250000002,
      "logloss": 0.675286843517136,
      "ece": 0.13866500000000004,
      "insufficient_sample": true,
      "decision": "insufficient_sample"
    },
    "starter_edge_underdog": {
      "sample_count": 24,
      "correct": 12,
      "accuracy": 0.5,
      "brier": 0.2576733695833333,
      "logloss": 0.7089668193863973,
      "ece": 0.09110416666666665,
      "insufficient_sample": true,
      "decision": "insufficient_sample"
    },
    "no_starter_edge_underdog": {
      "sample_count": 27,
      "correct": 12,
      "accuracy": 0.4444444444444444,
      "brier": 0.25040744,
      "logloss": 0.6936975018647131,
      "ece": 0.11653333333333332,
      "insufficient_sample": true,
      "decision": "insufficient_sample"
    },
    "bullpen_edge_underdog": {
      "sample_count": 5,
      "correct": 2,
      "accuracy": 0.4,
      "brier": 0.24731809400000002,
      "logloss": 0.6874468409276233,
      "ece": 0.15730000000000002,
      "insufficient_sample": true,
      "decision": "insufficient_sample"
    },
    "lineup_context_available_underdog": {
      "sample_count": 0,
      "correct": 0,
      "accuracy": null,
      "brier": null,
      "logloss": null,
      "ece": null,
      "insufficient_sample": true,
      "decision": "insufficient_sample"
    },
    "lineup_context_missing_underdog": {
      "sample_count": 51,
      "correct": 24,
      "accuracy": 0.47058823529411764,
      "brier": 0.2538267009803921,
      "logloss": 0.7008830630513879,
      "ece": 0.08117450980392152,
      "insufficient_sample": false,
      "decision": "weak_slice"
    },
    "high_confidence_underdog": {
      "sample_count": 1,
      "correct": 1,
      "accuracy": 1.0,
      "brier": 0.10118761,
      "logloss": 0.3828722594555299,
      "ece": 0.3181,
      "insufficient_sample": true,
      "decision": "insufficient_sample"
    },
    "low_confidence_underdog": {
      "sample_count": 50,
      "correct": 23,
      "accuracy": 0.46,
      "brier": 0.25687948279999995,
      "logloss": 0.707243279123305,
      "ece": 0.08915999999999996,
      "insufficient_sample": false,
      "decision": "weak_slice"
    }
  },
  "recommendation": {
    "underdog_policy": "TRACKING_ONLY",
    "allow_when": [],
    "block_when": [
      "away_underdog is weak",
      "lineup_context_missing_underdog is weak",
      "low_confidence_underdog is weak",
      "overall underdog slice is not strong enough for paper entry upgrade",
      "positive_clv_underdog is weak"
    ],
    "notes": []
  },
  "sample_state": {
    "generated_at": "2026-06-11T18:32:16.537707+00:00",
    "last_updated": "2026-06-11T18:32:16.537722+00:00",
    "status": "ok",
    "current_stage": "STAGE_2_BASELINE_TRAINING_READY",
    "input_files": {
      "prediction_snapshots": {
        "path": "data/prediction_snapshots.csv",
        "exists": true,
        "rows": 200,
        "error": ""
      },
      "finalized_games": {
        "path": "data/finalized_games.csv",
        "exists": true,
        "rows": 986,
        "error": ""
      },
      "finalized_snapshot_outcomes": {
        "path": "data/finalized_snapshot_outcomes.csv",
        "exists": true,
        "rows": 191,
        "error": ""
      },
      "training_samples": {
        "path": "data/training_samples.csv",
        "exists": true,
        "rows": 191,
        "error": ""
      },
      "settled_prediction_link_report": {
        "path": "report/settled_prediction_link_report.json",
        "exists": true,
        "error": "",
        "type": "dict"
      },
      "finalized_linkage_diagnostic": {
        "path": "report/finalized_linkage_diagnostic_report.json",
        "exists": true,
        "error": "",
        "type": "dict"
      },
      "rolling_walkforward_evaluation": {
        "path": "report/rolling_walkforward_evaluation.json",
        "exists": true,
        "error": "",
        "type": "dict"
      },
      "training_status": {
        "path": "data/training_status.json",
        "exists": true,
        "error": "",
        "type": "dict"
      },
      "model_artifact_status": {
        "path": "data/model_artifact_status.json",
        "exists": true,
        "error": "",
        "type": "dict"
      }
    },
    "raw_snapshots": 200,
    "valid_snapshots": 200,
    "finalized_games": 986,
    "finalized_snapshot_outcome_rows": 191,
    "linked_games": 191,
    "settled_snapshots": 191,
    "clean_settled_snapshots": 191,
    "clean_settled_sample_count": 191,
    "train_eligible_samples": 191,
    "training_status_sample_count": 191,
    "loaded_artifact_sample_count": 109,
    "model_artifact_training_samples": 109,
    "active_model_sample_count": 0,
    "model_artifact_valid": false,
    "model_artifact_error": "",
    "walkforward_predictions": 0,
    "link_rate": 0.955,
    "minimum_clean_train_samples": 300,
    "minimum_promotion_samples": 500,
    "minimum_walkforward_predictions": 300,
    "trained": false,
    "training_allowed": false,
    "promotion_sample_ready": false,
    "walkforward_ready": false,
    "calibration_sample_ready": false,
    "live_betting_allowed": false,
    "shadow_live_allowed": false,
    "production_allowed": false,
    "production_model_replacement_allowed": false,
    "errors": [],
    "warnings": [
      "Finalized linkage diagnostic: overlap_after=191, api_final_written=0, pending_not_final=9, api_not_found_or_failed=0.",
      "Model artifact is not valid for active ML use; prediction must use manual or market baseline."
    ],
    "recommendations": [
      "Promotion sample threshold not met: 191 < 500.",
      "Rolling walk-forward predictions below threshold: 0 < 300.",
      "Train-eligible samples are below threshold: 191 < 300."
    ]
  },
  "warnings": [],
  "errors": [],
  "live_betting_allowed": false,
  "automated_wagering_allowed": false,
  "production_model_replacement_allowed": false
}
