{
  "generated_at": "2026-06-14T01:07:26.320893+00:00",
  "status": "ok",
  "sample_count": 223,
  "underdog_sample_count": 53,
  "overall": {
    "sample_count": 53,
    "correct": 26,
    "accuracy": 0.49056603773584906,
    "brier": 0.24933258584905657,
    "logloss": 0.6912807024326162,
    "ece": 0.07409622641509431,
    "insufficient_sample": false,
    "decision": "weak_slice"
  },
  "buckets": {
    "home_underdog": {
      "sample_count": 19,
      "correct": 9,
      "accuracy": 0.47368421052631576,
      "brier": 0.24961419789473685,
      "logloss": 0.6924760181265535,
      "ece": 0.0716,
      "insufficient_sample": true,
      "decision": "insufficient_sample"
    },
    "away_underdog": {
      "sample_count": 34,
      "correct": 17,
      "accuracy": 0.5,
      "brier": 0.2491752144117647,
      "logloss": 0.6906127318977693,
      "ece": 0.0754911764705882,
      "insufficient_sample": false,
      "decision": "tracking_only"
    },
    "positive_clv_underdog": {
      "sample_count": 33,
      "correct": 13,
      "accuracy": 0.3939393939393939,
      "brier": 0.2542241696969697,
      "logloss": 0.7009739502601804,
      "ece": 0.1839333333333334,
      "insufficient_sample": false,
      "decision": "weak_slice"
    },
    "non_positive_clv_underdog": {
      "sample_count": 20,
      "correct": 13,
      "accuracy": 0.65,
      "brier": 0.24126147250000002,
      "logloss": 0.675286843517136,
      "ece": 0.13866500000000004,
      "insufficient_sample": true,
      "decision": "insufficient_sample"
    },
    "starter_edge_underdog": {
      "sample_count": 26,
      "correct": 14,
      "accuracy": 0.5384615384615384,
      "brier": 0.2482163911538461,
      "logloss": 0.6887709491762083,
      "ece": 0.11111923076923073,
      "insufficient_sample": true,
      "decision": "insufficient_sample"
    },
    "no_starter_edge_underdog": {
      "sample_count": 27,
      "correct": 12,
      "accuracy": 0.4444444444444444,
      "brier": 0.25040744,
      "logloss": 0.6936975018647131,
      "ece": 0.11653333333333332,
      "insufficient_sample": true,
      "decision": "insufficient_sample"
    },
    "bullpen_edge_underdog": {
      "sample_count": 6,
      "correct": 3,
      "accuracy": 0.5,
      "brier": 0.21609441333333335,
      "logloss": 0.6196898821351456,
      "ece": 0.1719,
      "insufficient_sample": true,
      "decision": "insufficient_sample"
    },
    "lineup_context_available_underdog": {
      "sample_count": 0,
      "correct": 0,
      "accuracy": null,
      "brier": null,
      "logloss": null,
      "ece": null,
      "insufficient_sample": true,
      "decision": "insufficient_sample"
    },
    "lineup_context_missing_underdog": {
      "sample_count": 53,
      "correct": 26,
      "accuracy": 0.49056603773584906,
      "brier": 0.24933258584905657,
      "logloss": 0.6912807024326162,
      "ece": 0.07409622641509431,
      "insufficient_sample": false,
      "decision": "weak_slice"
    },
    "high_confidence_underdog": {
      "sample_count": 2,
      "correct": 2,
      "accuracy": 1.0,
      "brier": 0.08058181,
      "logloss": 0.33188867381414355,
      "ece": 0.2815,
      "insufficient_sample": true,
      "decision": "insufficient_sample"
    },
    "low_confidence_underdog": {
      "sample_count": 51,
      "correct": 24,
      "accuracy": 0.47058823529411764,
      "brier": 0.2559502633333333,
      "logloss": 0.705374507476478,
      "ece": 0.07843725490196074,
      "insufficient_sample": false,
      "decision": "weak_slice"
    }
  },
  "recommendation": {
    "underdog_policy": "TRACKING_ONLY",
    "allow_when": [],
    "block_when": [
      "lineup_context_missing_underdog is weak",
      "low_confidence_underdog is weak",
      "overall underdog slice is not strong enough for paper entry upgrade",
      "positive_clv_underdog is weak"
    ],
    "notes": []
  },
  "sample_state": {
    "generated_at": "2026-06-14T01:07:23.962599+00:00",
    "last_updated": "2026-06-14T01:07:23.962617+00:00",
    "status": "ok",
    "current_stage": "STAGE_2_BASELINE_TRAINING_READY",
    "input_files": {
      "prediction_snapshots": {
        "path": "data/prediction_snapshots.csv",
        "exists": true,
        "rows": 245,
        "error": ""
      },
      "finalized_games": {
        "path": "data/finalized_games.csv",
        "exists": true,
        "rows": 1018,
        "error": ""
      },
      "finalized_snapshot_outcomes": {
        "path": "data/finalized_snapshot_outcomes.csv",
        "exists": true,
        "rows": 223,
        "error": ""
      },
      "training_samples": {
        "path": "data/training_samples.csv",
        "exists": true,
        "rows": 223,
        "error": ""
      },
      "settled_prediction_link_report": {
        "path": "report/settled_prediction_link_report.json",
        "exists": true,
        "error": "",
        "type": "dict"
      },
      "finalized_linkage_diagnostic": {
        "path": "report/finalized_linkage_diagnostic_report.json",
        "exists": true,
        "error": "",
        "type": "dict"
      },
      "rolling_walkforward_evaluation": {
        "path": "report/rolling_walkforward_evaluation.json",
        "exists": true,
        "error": "",
        "type": "dict"
      },
      "training_status": {
        "path": "data/training_status.json",
        "exists": true,
        "error": "",
        "type": "dict"
      },
      "model_artifact_status": {
        "path": "data/model_artifact_status.json",
        "exists": true,
        "error": "",
        "type": "dict"
      }
    },
    "raw_snapshots": 245,
    "valid_snapshots": 245,
    "finalized_games": 1018,
    "finalized_snapshot_outcome_rows": 223,
    "linked_games": 223,
    "settled_snapshots": 223,
    "clean_settled_snapshots": 223,
    "clean_settled_sample_count": 223,
    "train_eligible_samples": 223,
    "training_status_sample_count": 223,
    "loaded_artifact_sample_count": 109,
    "model_artifact_training_samples": 109,
    "active_model_sample_count": 0,
    "model_artifact_valid": false,
    "model_artifact_error": "",
    "walkforward_predictions": 0,
    "link_rate": 0.910204,
    "minimum_clean_train_samples": 300,
    "minimum_promotion_samples": 500,
    "minimum_walkforward_predictions": 300,
    "trained": false,
    "training_allowed": false,
    "promotion_sample_ready": false,
    "walkforward_ready": false,
    "calibration_sample_ready": false,
    "live_betting_allowed": false,
    "shadow_live_allowed": false,
    "production_allowed": false,
    "production_model_replacement_allowed": false,
    "errors": [],
    "warnings": [
      "Finalized linkage diagnostic: overlap_after=223, api_final_written=0, pending_not_final=7, api_not_found_or_failed=0.",
      "Model artifact is not valid for active ML use; prediction must use manual or market baseline."
    ],
    "recommendations": [
      "Promotion sample threshold not met: 223 < 500.",
      "Rolling walk-forward predictions below threshold: 0 < 300.",
      "Train-eligible samples are below threshold: 223 < 300."
    ]
  },
  "warnings": [],
  "errors": [],
  "live_betting_allowed": false,
  "automated_wagering_allowed": false,
  "production_model_replacement_allowed": false
}
