{
  "generated_at": "2026-06-25T04:28:55.315587+00:00",
  "status": "ok",
  "sample_count": 373,
  "underdog_sample_count": 78,
  "overall": {
    "sample_count": 78,
    "correct": 35,
    "accuracy": 0.44871794871794873,
    "brier": 0.25719588602564103,
    "logloss": 0.7077112416663671,
    "ece": 0.10708333333333339,
    "insufficient_sample": false,
    "decision": "weak_slice"
  },
  "buckets": {
    "home_underdog": {
      "sample_count": 28,
      "correct": 12,
      "accuracy": 0.42857142857142855,
      "brier": 0.26440559321428575,
      "logloss": 0.7233942285136371,
      "ece": 0.11862500000000001,
      "insufficient_sample": true,
      "decision": "insufficient_sample"
    },
    "away_underdog": {
      "sample_count": 50,
      "correct": 23,
      "accuracy": 0.46,
      "brier": 0.25315845,
      "logloss": 0.6989287690318962,
      "ece": 0.10062000000000008,
      "insufficient_sample": false,
      "decision": "weak_slice"
    },
    "positive_clv_underdog": {
      "sample_count": 40,
      "correct": 16,
      "accuracy": 0.4,
      "brier": 0.25428074500000003,
      "logloss": 0.7011954901853723,
      "ece": 0.16724,
      "insufficient_sample": false,
      "decision": "weak_slice"
    },
    "non_positive_clv_underdog": {
      "sample_count": 38,
      "correct": 19,
      "accuracy": 0.5,
      "brier": 0.2602644555263158,
      "logloss": 0.7145699274358354,
      "ece": 0.08517105263157895,
      "insufficient_sample": false,
      "decision": "tracking_only"
    },
    "starter_edge_underdog": {
      "sample_count": 39,
      "correct": 19,
      "accuracy": 0.48717948717948717,
      "brier": 0.2555300953846154,
      "logloss": 0.7039762397804575,
      "ece": 0.09710769230769234,
      "insufficient_sample": false,
      "decision": "weak_slice"
    },
    "no_starter_edge_underdog": {
      "sample_count": 39,
      "correct": 16,
      "accuracy": 0.41025641025641024,
      "brier": 0.25886167666666665,
      "logloss": 0.7114462435522769,
      "ece": 0.14360769230769233,
      "insufficient_sample": false,
      "decision": "weak_slice"
    },
    "bullpen_edge_underdog": {
      "sample_count": 17,
      "correct": 6,
      "accuracy": 0.35294117647058826,
      "brier": 0.25112203294117647,
      "logloss": 0.6939293101712871,
      "ece": 0.22862352941176473,
      "insufficient_sample": true,
      "decision": "insufficient_sample"
    },
    "lineup_context_available_underdog": {
      "sample_count": 0,
      "correct": 0,
      "accuracy": null,
      "brier": null,
      "logloss": null,
      "ece": null,
      "insufficient_sample": true,
      "decision": "insufficient_sample"
    },
    "lineup_context_missing_underdog": {
      "sample_count": 78,
      "correct": 35,
      "accuracy": 0.44871794871794873,
      "brier": 0.25719588602564103,
      "logloss": 0.7077112416663671,
      "ece": 0.10708333333333339,
      "insufficient_sample": false,
      "decision": "weak_slice"
    },
    "high_confidence_underdog": {
      "sample_count": 3,
      "correct": 2,
      "accuracy": 0.6666666666666666,
      "brier": 0.21570401000000003,
      "logloss": 0.6193766361924109,
      "ece": 0.4200333333333333,
      "insufficient_sample": true,
      "decision": "insufficient_sample"
    },
    "low_confidence_underdog": {
      "sample_count": 75,
      "correct": 33,
      "accuracy": 0.44,
      "brier": 0.2588555610666667,
      "logloss": 0.7112446258853253,
      "ece": 0.10304800000000006,
      "insufficient_sample": false,
      "decision": "weak_slice"
    }
  },
  "recommendation": {
    "underdog_policy": "TRACKING_ONLY",
    "allow_when": [],
    "block_when": [
      "away_underdog is weak",
      "lineup_context_missing_underdog is weak",
      "low_confidence_underdog is weak",
      "no_starter_edge_underdog is weak",
      "overall underdog slice is not strong enough for paper entry upgrade",
      "positive_clv_underdog is weak",
      "starter_edge_underdog is weak"
    ],
    "notes": []
  },
  "sample_state": {
    "generated_at": "2026-06-25T04:28:52.842780+00:00",
    "last_updated": "2026-06-25T04:28:52.842793+00:00",
    "status": "ok",
    "current_stage": "STAGE_2_BASELINE_TRAINING_READY",
    "input_files": {
      "prediction_snapshots": {
        "path": "data/prediction_snapshots.csv",
        "exists": true,
        "rows": 388,
        "error": ""
      },
      "finalized_games": {
        "path": "data/finalized_games.csv",
        "exists": true,
        "rows": 1168,
        "error": ""
      },
      "finalized_snapshot_outcomes": {
        "path": "data/finalized_snapshot_outcomes.csv",
        "exists": true,
        "rows": 373,
        "error": ""
      },
      "training_samples": {
        "path": "data/training_samples.csv",
        "exists": true,
        "rows": 373,
        "error": ""
      },
      "settled_prediction_link_report": {
        "path": "report/settled_prediction_link_report.json",
        "exists": true,
        "error": "",
        "type": "dict"
      },
      "finalized_linkage_diagnostic": {
        "path": "report/finalized_linkage_diagnostic_report.json",
        "exists": true,
        "error": "",
        "type": "dict"
      },
      "rolling_walkforward_evaluation": {
        "path": "report/rolling_walkforward_evaluation.json",
        "exists": true,
        "error": "",
        "type": "dict"
      },
      "training_status": {
        "path": "data/training_status.json",
        "exists": true,
        "error": "",
        "type": "dict"
      },
      "model_artifact_status": {
        "path": "data/model_artifact_status.json",
        "exists": true,
        "error": "",
        "type": "dict"
      }
    },
    "raw_snapshots": 388,
    "valid_snapshots": 388,
    "finalized_games": 1168,
    "finalized_snapshot_outcome_rows": 373,
    "linked_games": 373,
    "settled_snapshots": 373,
    "clean_settled_snapshots": 373,
    "clean_settled_sample_count": 373,
    "train_eligible_samples": 373,
    "training_status_sample_count": 373,
    "loaded_artifact_sample_count": 373,
    "model_artifact_training_samples": 373,
    "active_model_sample_count": 373,
    "model_artifact_valid": true,
    "model_artifact_error": "",
    "walkforward_predictions": 0,
    "link_rate": 0.96134,
    "minimum_clean_train_samples": 300,
    "minimum_promotion_samples": 500,
    "minimum_walkforward_predictions": 300,
    "trained": true,
    "training_allowed": true,
    "promotion_sample_ready": false,
    "walkforward_ready": false,
    "calibration_sample_ready": false,
    "live_betting_allowed": false,
    "shadow_live_allowed": false,
    "production_allowed": false,
    "production_model_replacement_allowed": false,
    "errors": [],
    "warnings": [
      "Finalized linkage diagnostic: overlap_after=373, api_final_written=0, pending_not_final=6, api_not_found_or_failed=0."
    ],
    "recommendations": [
      "Promotion sample threshold not met: 373 < 500.",
      "Rolling walk-forward predictions below threshold: 0 < 300."
    ]
  },
  "warnings": [],
  "errors": [],
  "live_betting_allowed": false,
  "automated_wagering_allowed": false,
  "production_model_replacement_allowed": false
}
