{
  "generated_at": "2026-06-10T21:48:52.082762+00:00",
  "status": "ok",
  "sample_count": 178,
  "underdog_sample_count": 47,
  "overall": {
    "sample_count": 47,
    "correct": 23,
    "accuracy": 0.48936170212765956,
    "brier": 0.2505252495744681,
    "logloss": 0.6942247100711111,
    "ece": 0.06176808510638295,
    "insufficient_sample": false,
    "decision": "weak_slice"
  },
  "buckets": {
    "home_underdog": {
      "sample_count": 15,
      "correct": 7,
      "accuracy": 0.4666666666666667,
      "brier": 0.24572651333333334,
      "logloss": 0.6846080896966323,
      "ece": 0.07665333333333338,
      "insufficient_sample": true,
      "decision": "insufficient_sample"
    },
    "away_underdog": {
      "sample_count": 32,
      "correct": 16,
      "accuracy": 0.5,
      "brier": 0.25277465718750003,
      "logloss": 0.6987325008716482,
      "ece": 0.05479062499999994,
      "insufficient_sample": false,
      "decision": "tracking_only"
    },
    "positive_clv_underdog": {
      "sample_count": 28,
      "correct": 10,
      "accuracy": 0.35714285714285715,
      "brier": 0.2597374832142857,
      "logloss": 0.7129754382663629,
      "ece": 0.2005107142857143,
      "insufficient_sample": true,
      "decision": "insufficient_sample"
    },
    "non_positive_clv_underdog": {
      "sample_count": 19,
      "correct": 13,
      "accuracy": 0.6842105263157895,
      "brier": 0.2369493263157895,
      "logloss": 0.6665920579938982,
      "ece": 0.17588421052631584,
      "insufficient_sample": true,
      "decision": "insufficient_sample"
    },
    "starter_edge_underdog": {
      "sample_count": 22,
      "correct": 11,
      "accuracy": 0.5,
      "brier": 0.25590873000000003,
      "logloss": 0.7053997045459982,
      "ece": 0.10515454545454543,
      "insufficient_sample": true,
      "decision": "insufficient_sample"
    },
    "no_starter_edge_underdog": {
      "sample_count": 25,
      "correct": 12,
      "accuracy": 0.48,
      "brier": 0.2457877868,
      "logloss": 0.6843907149332108,
      "ece": 0.08146000000000002,
      "insufficient_sample": true,
      "decision": "insufficient_sample"
    },
    "bullpen_edge_underdog": {
      "sample_count": 3,
      "correct": 2,
      "accuracy": 0.6666666666666666,
      "brier": 0.20676142,
      "logloss": 0.6057231758737097,
      "ece": 0.1078,
      "insufficient_sample": true,
      "decision": "insufficient_sample"
    },
    "lineup_context_available_underdog": {
      "sample_count": 0,
      "correct": 0,
      "accuracy": null,
      "brier": null,
      "logloss": null,
      "ece": null,
      "insufficient_sample": true,
      "decision": "insufficient_sample"
    },
    "lineup_context_missing_underdog": {
      "sample_count": 47,
      "correct": 23,
      "accuracy": 0.48936170212765956,
      "brier": 0.2505252495744681,
      "logloss": 0.6942247100711111,
      "ece": 0.06176808510638295,
      "insufficient_sample": false,
      "decision": "weak_slice"
    },
    "high_confidence_underdog": {
      "sample_count": 1,
      "correct": 1,
      "accuracy": 1.0,
      "brier": 0.10118761,
      "logloss": 0.3828722594555299,
      "ece": 0.3181,
      "insufficient_sample": true,
      "decision": "insufficient_sample"
    },
    "low_confidence_underdog": {
      "sample_count": 46,
      "correct": 22,
      "accuracy": 0.4782608695652174,
      "brier": 0.25377172,
      "logloss": 0.7009932416062324,
      "ece": 0.07002608695652171,
      "insufficient_sample": false,
      "decision": "weak_slice"
    }
  },
  "recommendation": {
    "underdog_policy": "TRACKING_ONLY",
    "allow_when": [],
    "block_when": [
      "lineup_context_missing_underdog is weak",
      "low_confidence_underdog is weak",
      "overall underdog slice is not strong enough for paper entry upgrade"
    ],
    "notes": []
  },
  "sample_state": {
    "generated_at": "2026-06-10T21:48:49.743759+00:00",
    "last_updated": "2026-06-10T21:48:49.743774+00:00",
    "status": "ok",
    "current_stage": "STAGE_2_BASELINE_TRAINING_READY",
    "input_files": {
      "prediction_snapshots": {
        "path": "data/prediction_snapshots.csv",
        "exists": true,
        "rows": 192,
        "error": ""
      },
      "finalized_games": {
        "path": "data/finalized_games.csv",
        "exists": true,
        "rows": 973,
        "error": ""
      },
      "finalized_snapshot_outcomes": {
        "path": "data/finalized_snapshot_outcomes.csv",
        "exists": true,
        "rows": 178,
        "error": ""
      },
      "training_samples": {
        "path": "data/training_samples.csv",
        "exists": true,
        "rows": 178,
        "error": ""
      },
      "settled_prediction_link_report": {
        "path": "report/settled_prediction_link_report.json",
        "exists": true,
        "error": "",
        "type": "dict"
      },
      "finalized_linkage_diagnostic": {
        "path": "report/finalized_linkage_diagnostic_report.json",
        "exists": true,
        "error": "",
        "type": "dict"
      },
      "rolling_walkforward_evaluation": {
        "path": "report/rolling_walkforward_evaluation.json",
        "exists": true,
        "error": "",
        "type": "dict"
      },
      "training_status": {
        "path": "data/training_status.json",
        "exists": true,
        "error": "",
        "type": "dict"
      },
      "model_artifact_status": {
        "path": "data/model_artifact_status.json",
        "exists": true,
        "error": "",
        "type": "dict"
      }
    },
    "raw_snapshots": 192,
    "valid_snapshots": 192,
    "finalized_games": 973,
    "finalized_snapshot_outcome_rows": 178,
    "linked_games": 178,
    "settled_snapshots": 178,
    "clean_settled_snapshots": 178,
    "clean_settled_sample_count": 178,
    "train_eligible_samples": 178,
    "training_status_sample_count": 178,
    "loaded_artifact_sample_count": 109,
    "model_artifact_training_samples": 109,
    "active_model_sample_count": 0,
    "model_artifact_valid": false,
    "model_artifact_error": "",
    "walkforward_predictions": 0,
    "link_rate": 0.927083,
    "minimum_clean_train_samples": 300,
    "minimum_promotion_samples": 500,
    "minimum_walkforward_predictions": 300,
    "trained": false,
    "training_allowed": false,
    "promotion_sample_ready": false,
    "walkforward_ready": false,
    "calibration_sample_ready": false,
    "live_betting_allowed": false,
    "shadow_live_allowed": false,
    "production_allowed": false,
    "production_model_replacement_allowed": false,
    "errors": [],
    "warnings": [
      "Finalized linkage diagnostic: overlap_after=178, api_final_written=0, pending_not_final=14, api_not_found_or_failed=0.",
      "Model artifact is not valid for active ML use; prediction must use manual or market baseline."
    ],
    "recommendations": [
      "Promotion sample threshold not met: 178 < 500.",
      "Rolling walk-forward predictions below threshold: 0 < 300.",
      "Train-eligible samples are below threshold: 178 < 300."
    ]
  },
  "warnings": [],
  "errors": [],
  "live_betting_allowed": false,
  "automated_wagering_allowed": false,
  "production_model_replacement_allowed": false
}
