{
  "generated_at": "2026-06-27T16:38:56.516965+00:00",
  "status": "ok",
  "sample_count": 397,
  "underdog_sample_count": 83,
  "overall": {
    "sample_count": 83,
    "correct": 36,
    "accuracy": 0.43373493975903615,
    "brier": 0.2583470171084337,
    "logloss": 0.7100124516906878,
    "ece": 0.12029879518072292,
    "insufficient_sample": false,
    "decision": "weak_slice"
  },
  "buckets": {
    "home_underdog": {
      "sample_count": 30,
      "correct": 12,
      "accuracy": 0.4,
      "brier": 0.2666976086666667,
      "logloss": 0.7279068228425621,
      "ece": 0.1471466666666667,
      "insufficient_sample": false,
      "decision": "weak_slice"
    },
    "away_underdog": {
      "sample_count": 53,
      "correct": 24,
      "accuracy": 0.4528301886792453,
      "brier": 0.2536202671698113,
      "logloss": 0.6998835623594383,
      "ece": 0.10510188679245286,
      "insufficient_sample": false,
      "decision": "weak_slice"
    },
    "positive_clv_underdog": {
      "sample_count": 44,
      "correct": 17,
      "accuracy": 0.38636363636363635,
      "brier": 0.25661173227272727,
      "logloss": 0.7059216122693369,
      "ece": 0.17750454545454541,
      "insufficient_sample": false,
      "decision": "weak_slice"
    },
    "non_positive_clv_underdog": {
      "sample_count": 39,
      "correct": 19,
      "accuracy": 0.48717948717948717,
      "brier": 0.26030477435897426,
      "logloss": 0.7146277577045197,
      "ece": 0.06986666666666659,
      "insufficient_sample": false,
      "decision": "weak_slice"
    },
    "starter_edge_underdog": {
      "sample_count": 42,
      "correct": 19,
      "accuracy": 0.4523809523809524,
      "brier": 0.2575259954761905,
      "logloss": 0.7080005593642424,
      "ece": 0.11309285714285716,
      "insufficient_sample": false,
      "decision": "weak_slice"
    },
    "no_starter_edge_underdog": {
      "sample_count": 41,
      "correct": 17,
      "accuracy": 0.4146341463414634,
      "brier": 0.2591880636585365,
      "logloss": 0.7120734145616807,
      "ece": 0.13748536585365853,
      "insufficient_sample": false,
      "decision": "weak_slice"
    },
    "bullpen_edge_underdog": {
      "sample_count": 19,
      "correct": 7,
      "accuracy": 0.3684210526315789,
      "brier": 0.2541768531578947,
      "logloss": 0.7002258265413959,
      "ece": 0.2078684210526316,
      "insufficient_sample": true,
      "decision": "insufficient_sample"
    },
    "lineup_context_available_underdog": {
      "sample_count": 0,
      "correct": 0,
      "accuracy": null,
      "brier": null,
      "logloss": null,
      "ece": null,
      "insufficient_sample": true,
      "decision": "insufficient_sample"
    },
    "lineup_context_missing_underdog": {
      "sample_count": 83,
      "correct": 36,
      "accuracy": 0.43373493975903615,
      "brier": 0.2583470171084337,
      "logloss": 0.7100124516906878,
      "ece": 0.12029879518072292,
      "insufficient_sample": false,
      "decision": "weak_slice"
    },
    "high_confidence_underdog": {
      "sample_count": 3,
      "correct": 2,
      "accuracy": 0.6666666666666666,
      "brier": 0.21570401000000003,
      "logloss": 0.6193766361924109,
      "ece": 0.4200333333333333,
      "insufficient_sample": true,
      "decision": "insufficient_sample"
    },
    "low_confidence_underdog": {
      "sample_count": 80,
      "correct": 34,
      "accuracy": 0.425,
      "brier": 0.259946129875,
      "logloss": 0.7134112947718732,
      "ece": 0.11701125000000004,
      "insufficient_sample": false,
      "decision": "weak_slice"
    }
  },
  "recommendation": {
    "underdog_policy": "TRACKING_ONLY",
    "allow_when": [],
    "block_when": [
      "away_underdog is weak",
      "home_underdog is weak",
      "lineup_context_missing_underdog is weak",
      "low_confidence_underdog is weak",
      "no_starter_edge_underdog is weak",
      "non_positive_clv_underdog is weak",
      "overall underdog slice is not strong enough for paper entry upgrade",
      "positive_clv_underdog is weak",
      "starter_edge_underdog is weak"
    ],
    "notes": []
  },
  "sample_state": {
    "generated_at": "2026-06-27T16:38:53.884847+00:00",
    "last_updated": "2026-06-27T16:38:53.884861+00:00",
    "status": "ok",
    "current_stage": "STAGE_2_BASELINE_TRAINING_READY",
    "input_files": {
      "prediction_snapshots": {
        "path": "data/prediction_snapshots.csv",
        "exists": true,
        "rows": 418,
        "error": ""
      },
      "finalized_games": {
        "path": "data/finalized_games.csv",
        "exists": true,
        "rows": 1192,
        "error": ""
      },
      "finalized_snapshot_outcomes": {
        "path": "data/finalized_snapshot_outcomes.csv",
        "exists": true,
        "rows": 397,
        "error": ""
      },
      "training_samples": {
        "path": "data/training_samples.csv",
        "exists": true,
        "rows": 397,
        "error": ""
      },
      "settled_prediction_link_report": {
        "path": "report/settled_prediction_link_report.json",
        "exists": true,
        "error": "",
        "type": "dict"
      },
      "finalized_linkage_diagnostic": {
        "path": "report/finalized_linkage_diagnostic_report.json",
        "exists": true,
        "error": "",
        "type": "dict"
      },
      "rolling_walkforward_evaluation": {
        "path": "report/rolling_walkforward_evaluation.json",
        "exists": true,
        "error": "",
        "type": "dict"
      },
      "training_status": {
        "path": "data/training_status.json",
        "exists": true,
        "error": "",
        "type": "dict"
      },
      "model_artifact_status": {
        "path": "data/model_artifact_status.json",
        "exists": true,
        "error": "",
        "type": "dict"
      }
    },
    "raw_snapshots": 418,
    "valid_snapshots": 418,
    "finalized_games": 1192,
    "finalized_snapshot_outcome_rows": 397,
    "linked_games": 397,
    "settled_snapshots": 397,
    "clean_settled_snapshots": 397,
    "clean_settled_sample_count": 397,
    "train_eligible_samples": 397,
    "training_status_sample_count": 397,
    "loaded_artifact_sample_count": 397,
    "model_artifact_training_samples": 397,
    "active_model_sample_count": 397,
    "model_artifact_valid": true,
    "model_artifact_error": "",
    "walkforward_predictions": 0,
    "link_rate": 0.949761,
    "minimum_clean_train_samples": 300,
    "minimum_promotion_samples": 500,
    "minimum_walkforward_predictions": 300,
    "trained": true,
    "training_allowed": true,
    "promotion_sample_ready": false,
    "walkforward_ready": false,
    "calibration_sample_ready": false,
    "live_betting_allowed": false,
    "shadow_live_allowed": false,
    "production_allowed": false,
    "production_model_replacement_allowed": false,
    "errors": [],
    "warnings": [
      "Finalized linkage diagnostic: overlap_after=397, api_final_written=0, pending_not_final=21, api_not_found_or_failed=0."
    ],
    "recommendations": [
      "Promotion sample threshold not met: 397 < 500.",
      "Rolling walk-forward predictions below threshold: 0 < 300."
    ]
  },
  "warnings": [],
  "errors": [],
  "live_betting_allowed": false,
  "automated_wagering_allowed": false,
  "production_model_replacement_allowed": false
}
