{
  "generated_at": "2026-06-21T18:47:50.960644+00:00",
  "status": "ok",
  "sample_count": 317,
  "underdog_sample_count": 69,
  "overall": {
    "sample_count": 69,
    "correct": 32,
    "accuracy": 0.463768115942029,
    "brier": 0.25713095739130437,
    "logloss": 0.7076019814184071,
    "ece": 0.09693623188405794,
    "insufficient_sample": false,
    "decision": "weak_slice"
  },
  "buckets": {
    "home_underdog": {
      "sample_count": 23,
      "correct": 10,
      "accuracy": 0.43478260869565216,
      "brier": 0.26683689130434785,
      "logloss": 0.7285696640510987,
      "ece": 0.11789565217391298,
      "insufficient_sample": true,
      "decision": "insufficient_sample"
    },
    "away_underdog": {
      "sample_count": 46,
      "correct": 22,
      "accuracy": 0.4782608695652174,
      "brier": 0.2522779904347826,
      "logloss": 0.6971181401020615,
      "ece": 0.0864565217391304,
      "insufficient_sample": false,
      "decision": "weak_slice"
    },
    "positive_clv_underdog": {
      "sample_count": 36,
      "correct": 14,
      "accuracy": 0.3888888888888889,
      "brier": 0.25448852250000004,
      "logloss": 0.7015549275284723,
      "ece": 0.1835083333333334,
      "insufficient_sample": false,
      "decision": "weak_slice"
    },
    "non_positive_clv_underdog": {
      "sample_count": 33,
      "correct": 18,
      "accuracy": 0.5454545454545454,
      "brier": 0.26001361363636366,
      "logloss": 0.7141987674801544,
      "ece": 0.13396060606060606,
      "insufficient_sample": false,
      "decision": "tracking_only"
    },
    "starter_edge_underdog": {
      "sample_count": 36,
      "correct": 18,
      "accuracy": 0.5,
      "brier": 0.2553590286111111,
      "logloss": 0.7036141358756364,
      "ece": 0.11956944444444442,
      "insufficient_sample": false,
      "decision": "tracking_only"
    },
    "no_starter_edge_underdog": {
      "sample_count": 33,
      "correct": 14,
      "accuracy": 0.42424242424242425,
      "brier": 0.2590639706060606,
      "logloss": 0.7119523583741573,
      "ece": 0.13519696969696965,
      "insufficient_sample": false,
      "decision": "weak_slice"
    },
    "bullpen_edge_underdog": {
      "sample_count": 12,
      "correct": 5,
      "accuracy": 0.4166666666666667,
      "brier": 0.24768864166666668,
      "logloss": 0.6864495658369308,
      "ece": 0.18911666666666666,
      "insufficient_sample": true,
      "decision": "insufficient_sample"
    },
    "lineup_context_available_underdog": {
      "sample_count": 0,
      "correct": 0,
      "accuracy": null,
      "brier": null,
      "logloss": null,
      "ece": null,
      "insufficient_sample": true,
      "decision": "insufficient_sample"
    },
    "lineup_context_missing_underdog": {
      "sample_count": 69,
      "correct": 32,
      "accuracy": 0.463768115942029,
      "brier": 0.25713095739130437,
      "logloss": 0.7076019814184071,
      "ece": 0.09693623188405794,
      "insufficient_sample": false,
      "decision": "weak_slice"
    },
    "high_confidence_underdog": {
      "sample_count": 3,
      "correct": 2,
      "accuracy": 0.6666666666666666,
      "brier": 0.21570401000000003,
      "logloss": 0.6193766361924109,
      "ece": 0.4200333333333333,
      "insufficient_sample": true,
      "decision": "insufficient_sample"
    },
    "low_confidence_underdog": {
      "sample_count": 66,
      "correct": 30,
      "accuracy": 0.45454545454545453,
      "brier": 0.2590140004545455,
      "logloss": 0.7116122243832254,
      "ece": 0.0918893939393939,
      "insufficient_sample": false,
      "decision": "weak_slice"
    }
  },
  "recommendation": {
    "underdog_policy": "TRACKING_ONLY",
    "allow_when": [],
    "block_when": [
      "away_underdog is weak",
      "lineup_context_missing_underdog is weak",
      "low_confidence_underdog is weak",
      "no_starter_edge_underdog is weak",
      "overall underdog slice is not strong enough for paper entry upgrade",
      "positive_clv_underdog is weak"
    ],
    "notes": []
  },
  "sample_state": {
    "generated_at": "2026-06-21T18:47:48.579588+00:00",
    "last_updated": "2026-06-21T18:47:48.579601+00:00",
    "status": "ok",
    "current_stage": "STAGE_2_BASELINE_TRAINING_READY",
    "input_files": {
      "prediction_snapshots": {
        "path": "data/prediction_snapshots.csv",
        "exists": true,
        "rows": 336,
        "error": ""
      },
      "finalized_games": {
        "path": "data/finalized_games.csv",
        "exists": true,
        "rows": 1112,
        "error": ""
      },
      "finalized_snapshot_outcomes": {
        "path": "data/finalized_snapshot_outcomes.csv",
        "exists": true,
        "rows": 317,
        "error": ""
      },
      "training_samples": {
        "path": "data/training_samples.csv",
        "exists": true,
        "rows": 317,
        "error": ""
      },
      "settled_prediction_link_report": {
        "path": "report/settled_prediction_link_report.json",
        "exists": true,
        "error": "",
        "type": "dict"
      },
      "finalized_linkage_diagnostic": {
        "path": "report/finalized_linkage_diagnostic_report.json",
        "exists": true,
        "error": "",
        "type": "dict"
      },
      "rolling_walkforward_evaluation": {
        "path": "report/rolling_walkforward_evaluation.json",
        "exists": true,
        "error": "",
        "type": "dict"
      },
      "training_status": {
        "path": "data/training_status.json",
        "exists": true,
        "error": "",
        "type": "dict"
      },
      "model_artifact_status": {
        "path": "data/model_artifact_status.json",
        "exists": true,
        "error": "",
        "type": "dict"
      }
    },
    "raw_snapshots": 336,
    "valid_snapshots": 336,
    "finalized_games": 1112,
    "finalized_snapshot_outcome_rows": 317,
    "linked_games": 317,
    "settled_snapshots": 317,
    "clean_settled_snapshots": 317,
    "clean_settled_sample_count": 317,
    "train_eligible_samples": 317,
    "training_status_sample_count": 317,
    "loaded_artifact_sample_count": 317,
    "model_artifact_training_samples": 317,
    "active_model_sample_count": 317,
    "model_artifact_valid": true,
    "model_artifact_error": "",
    "walkforward_predictions": 0,
    "link_rate": 0.943452,
    "minimum_clean_train_samples": 300,
    "minimum_promotion_samples": 500,
    "minimum_walkforward_predictions": 300,
    "trained": true,
    "training_allowed": true,
    "promotion_sample_ready": false,
    "walkforward_ready": false,
    "calibration_sample_ready": false,
    "live_betting_allowed": false,
    "shadow_live_allowed": false,
    "production_allowed": false,
    "production_model_replacement_allowed": false,
    "errors": [],
    "warnings": [
      "Finalized linkage diagnostic: overlap_after=317, api_final_written=0, pending_not_final=19, api_not_found_or_failed=0."
    ],
    "recommendations": [
      "Promotion sample threshold not met: 317 < 500.",
      "Rolling walk-forward predictions below threshold: 0 < 300."
    ]
  },
  "warnings": [],
  "errors": [],
  "live_betting_allowed": false,
  "automated_wagering_allowed": false,
  "production_model_replacement_allowed": false
}
