{
  "generated_at": "2026-06-22T23:46:24.898744+00:00",
  "status": "ok",
  "sample_count": 331,
  "underdog_sample_count": 72,
  "overall": {
    "sample_count": 72,
    "correct": 33,
    "accuracy": 0.4583333333333333,
    "brier": 0.2570085494444444,
    "logloss": 0.7073494279918786,
    "ece": 0.10032777777777778,
    "insufficient_sample": false,
    "decision": "weak_slice"
  },
  "buckets": {
    "home_underdog": {
      "sample_count": 25,
      "correct": 11,
      "accuracy": 0.44,
      "brier": 0.26589287,
      "logloss": 0.7265425859334781,
      "ece": 0.10976399999999994,
      "insufficient_sample": true,
      "decision": "insufficient_sample"
    },
    "away_underdog": {
      "sample_count": 47,
      "correct": 22,
      "accuracy": 0.46808510638297873,
      "brier": 0.25228284702127657,
      "logloss": 0.6971403014271983,
      "ece": 0.0953085106382979,
      "insufficient_sample": false,
      "decision": "weak_slice"
    },
    "positive_clv_underdog": {
      "sample_count": 36,
      "correct": 14,
      "accuracy": 0.3888888888888889,
      "brier": 0.25448852250000004,
      "logloss": 0.7015549275284723,
      "ece": 0.1835083333333334,
      "insufficient_sample": false,
      "decision": "weak_slice"
    },
    "non_positive_clv_underdog": {
      "sample_count": 36,
      "correct": 19,
      "accuracy": 0.5277777777777778,
      "brier": 0.2595285763888889,
      "logloss": 0.7131439284552852,
      "ece": 0.10793611111111108,
      "insufficient_sample": false,
      "decision": "tracking_only"
    },
    "starter_edge_underdog": {
      "sample_count": 38,
      "correct": 18,
      "accuracy": 0.47368421052631576,
      "brier": 0.25570716526315784,
      "logloss": 0.704324297249411,
      "ece": 0.11278947368421055,
      "insufficient_sample": false,
      "decision": "weak_slice"
    },
    "no_starter_edge_underdog": {
      "sample_count": 34,
      "correct": 15,
      "accuracy": 0.4411764705882353,
      "brier": 0.25846303764705886,
      "logloss": 0.7107304564687543,
      "ece": 0.11685294117647052,
      "insufficient_sample": false,
      "decision": "weak_slice"
    },
    "bullpen_edge_underdog": {
      "sample_count": 13,
      "correct": 5,
      "accuracy": 0.38461538461538464,
      "brier": 0.24951574615384614,
      "logloss": 0.6902653439703379,
      "ece": 0.21464615384615388,
      "insufficient_sample": true,
      "decision": "insufficient_sample"
    },
    "lineup_context_available_underdog": {
      "sample_count": 0,
      "correct": 0,
      "accuracy": null,
      "brier": null,
      "logloss": null,
      "ece": null,
      "insufficient_sample": true,
      "decision": "insufficient_sample"
    },
    "lineup_context_missing_underdog": {
      "sample_count": 72,
      "correct": 33,
      "accuracy": 0.4583333333333333,
      "brier": 0.2570085494444444,
      "logloss": 0.7073494279918786,
      "ece": 0.10032777777777778,
      "insufficient_sample": false,
      "decision": "weak_slice"
    },
    "high_confidence_underdog": {
      "sample_count": 3,
      "correct": 2,
      "accuracy": 0.6666666666666666,
      "brier": 0.21570401000000003,
      "logloss": 0.6193766361924109,
      "ece": 0.4200333333333333,
      "insufficient_sample": true,
      "decision": "insufficient_sample"
    },
    "low_confidence_underdog": {
      "sample_count": 69,
      "correct": 31,
      "accuracy": 0.4492753623188406,
      "brier": 0.2588043989855072,
      "logloss": 0.7111743319831598,
      "ece": 0.09564782608695652,
      "insufficient_sample": false,
      "decision": "weak_slice"
    }
  },
  "recommendation": {
    "underdog_policy": "TRACKING_ONLY",
    "allow_when": [],
    "block_when": [
      "away_underdog is weak",
      "lineup_context_missing_underdog is weak",
      "low_confidence_underdog is weak",
      "no_starter_edge_underdog is weak",
      "overall underdog slice is not strong enough for paper entry upgrade",
      "positive_clv_underdog is weak",
      "starter_edge_underdog is weak"
    ],
    "notes": []
  },
  "sample_state": {
    "generated_at": "2026-06-22T23:46:22.223587+00:00",
    "last_updated": "2026-06-22T23:46:22.223608+00:00",
    "status": "ok",
    "current_stage": "STAGE_2_BASELINE_TRAINING_READY",
    "input_files": {
      "prediction_snapshots": {
        "path": "data/prediction_snapshots.csv",
        "exists": true,
        "rows": 349,
        "error": ""
      },
      "finalized_games": {
        "path": "data/finalized_games.csv",
        "exists": true,
        "rows": 1126,
        "error": ""
      },
      "finalized_snapshot_outcomes": {
        "path": "data/finalized_snapshot_outcomes.csv",
        "exists": true,
        "rows": 331,
        "error": ""
      },
      "training_samples": {
        "path": "data/training_samples.csv",
        "exists": true,
        "rows": 331,
        "error": ""
      },
      "settled_prediction_link_report": {
        "path": "report/settled_prediction_link_report.json",
        "exists": true,
        "error": "",
        "type": "dict"
      },
      "finalized_linkage_diagnostic": {
        "path": "report/finalized_linkage_diagnostic_report.json",
        "exists": true,
        "error": "",
        "type": "dict"
      },
      "rolling_walkforward_evaluation": {
        "path": "report/rolling_walkforward_evaluation.json",
        "exists": true,
        "error": "",
        "type": "dict"
      },
      "training_status": {
        "path": "data/training_status.json",
        "exists": true,
        "error": "",
        "type": "dict"
      },
      "model_artifact_status": {
        "path": "data/model_artifact_status.json",
        "exists": true,
        "error": "",
        "type": "dict"
      }
    },
    "raw_snapshots": 349,
    "valid_snapshots": 349,
    "finalized_games": 1126,
    "finalized_snapshot_outcome_rows": 331,
    "linked_games": 331,
    "settled_snapshots": 331,
    "clean_settled_snapshots": 331,
    "clean_settled_sample_count": 331,
    "train_eligible_samples": 331,
    "training_status_sample_count": 331,
    "loaded_artifact_sample_count": 331,
    "model_artifact_training_samples": 331,
    "active_model_sample_count": 331,
    "model_artifact_valid": true,
    "model_artifact_error": "",
    "walkforward_predictions": 0,
    "link_rate": 0.948424,
    "minimum_clean_train_samples": 300,
    "minimum_promotion_samples": 500,
    "minimum_walkforward_predictions": 300,
    "trained": true,
    "training_allowed": true,
    "promotion_sample_ready": false,
    "walkforward_ready": false,
    "calibration_sample_ready": false,
    "live_betting_allowed": false,
    "shadow_live_allowed": false,
    "production_allowed": false,
    "production_model_replacement_allowed": false,
    "errors": [],
    "warnings": [
      "Finalized linkage diagnostic: overlap_after=331, api_final_written=0, pending_not_final=18, api_not_found_or_failed=0."
    ],
    "recommendations": [
      "Promotion sample threshold not met: 331 < 500.",
      "Rolling walk-forward predictions below threshold: 0 < 300."
    ]
  },
  "warnings": [],
  "errors": [],
  "live_betting_allowed": false,
  "automated_wagering_allowed": false,
  "production_model_replacement_allowed": false
}
