{
  "generated_at": "2026-06-20T16:46:41.964245+00:00",
  "status": "ok",
  "sample_count": 303,
  "underdog_sample_count": 64,
  "overall": {
    "sample_count": 64,
    "correct": 29,
    "accuracy": 0.453125,
    "brier": 0.25325186984375,
    "logloss": 0.6992668310340102,
    "ece": 0.10529218749999995,
    "insufficient_sample": false,
    "decision": "weak_slice"
  },
  "buckets": {
    "home_underdog": {
      "sample_count": 21,
      "correct": 10,
      "accuracy": 0.47619047619047616,
      "brier": 0.24969000619047618,
      "logloss": 0.6926180862572532,
      "ece": 0.06551904761904756,
      "insufficient_sample": true,
      "decision": "insufficient_sample"
    },
    "away_underdog": {
      "sample_count": 43,
      "correct": 19,
      "accuracy": 0.4418604651162791,
      "brier": 0.2549913846511628,
      "logloss": 0.7025138924366126,
      "ece": 0.12471627906976741,
      "insufficient_sample": false,
      "decision": "weak_slice"
    },
    "positive_clv_underdog": {
      "sample_count": 36,
      "correct": 14,
      "accuracy": 0.3888888888888889,
      "brier": 0.25448852250000004,
      "logloss": 0.7015549275284723,
      "ece": 0.1835083333333334,
      "insufficient_sample": false,
      "decision": "weak_slice"
    },
    "non_positive_clv_underdog": {
      "sample_count": 28,
      "correct": 15,
      "accuracy": 0.5357142857142857,
      "brier": 0.2516618878571429,
      "logloss": 0.6963249926839875,
      "ece": 0.06068571428571431,
      "insufficient_sample": true,
      "decision": "insufficient_sample"
    },
    "starter_edge_underdog": {
      "sample_count": 32,
      "correct": 15,
      "accuracy": 0.46875,
      "brier": 0.2545299078125,
      "logloss": 0.7016563100243253,
      "ece": 0.15786562499999995,
      "insufficient_sample": false,
      "decision": "weak_slice"
    },
    "no_starter_edge_underdog": {
      "sample_count": 32,
      "correct": 14,
      "accuracy": 0.4375,
      "brier": 0.251973831875,
      "logloss": 0.6968773520436953,
      "ece": 0.11763749999999992,
      "insufficient_sample": false,
      "decision": "weak_slice"
    },
    "bullpen_edge_underdog": {
      "sample_count": 11,
      "correct": 5,
      "accuracy": 0.45454545454545453,
      "brier": 0.23313215818181818,
      "logloss": 0.6563295353835601,
      "ece": 0.14825454545454544,
      "insufficient_sample": true,
      "decision": "insufficient_sample"
    },
    "lineup_context_available_underdog": {
      "sample_count": 0,
      "correct": 0,
      "accuracy": null,
      "brier": null,
      "logloss": null,
      "ece": null,
      "insufficient_sample": true,
      "decision": "insufficient_sample"
    },
    "lineup_context_missing_underdog": {
      "sample_count": 64,
      "correct": 29,
      "accuracy": 0.453125,
      "brier": 0.25325186984375,
      "logloss": 0.6992668310340102,
      "ece": 0.10529218749999995,
      "insufficient_sample": false,
      "decision": "weak_slice"
    },
    "high_confidence_underdog": {
      "sample_count": 2,
      "correct": 2,
      "accuracy": 1.0,
      "brier": 0.08058181,
      "logloss": 0.33188867381414355,
      "ece": 0.2815,
      "insufficient_sample": true,
      "decision": "insufficient_sample"
    },
    "low_confidence_underdog": {
      "sample_count": 62,
      "correct": 27,
      "accuracy": 0.43548387096774194,
      "brier": 0.2588218717741935,
      "logloss": 0.7111177393314253,
      "ece": 0.10986935483870963,
      "insufficient_sample": false,
      "decision": "weak_slice"
    }
  },
  "recommendation": {
    "underdog_policy": "TRACKING_ONLY",
    "allow_when": [],
    "block_when": [
      "away_underdog is weak",
      "lineup_context_missing_underdog is weak",
      "low_confidence_underdog is weak",
      "no_starter_edge_underdog is weak",
      "overall underdog slice is not strong enough for paper entry upgrade",
      "positive_clv_underdog is weak",
      "starter_edge_underdog is weak"
    ],
    "notes": []
  },
  "sample_state": {
    "generated_at": "2026-06-20T16:46:39.595832+00:00",
    "last_updated": "2026-06-20T16:46:39.595872+00:00",
    "status": "ok",
    "current_stage": "STAGE_2_BASELINE_TRAINING_READY",
    "input_files": {
      "prediction_snapshots": {
        "path": "data/prediction_snapshots.csv",
        "exists": true,
        "rows": 321,
        "error": ""
      },
      "finalized_games": {
        "path": "data/finalized_games.csv",
        "exists": true,
        "rows": 1098,
        "error": ""
      },
      "finalized_snapshot_outcomes": {
        "path": "data/finalized_snapshot_outcomes.csv",
        "exists": true,
        "rows": 303,
        "error": ""
      },
      "training_samples": {
        "path": "data/training_samples.csv",
        "exists": true,
        "rows": 303,
        "error": ""
      },
      "settled_prediction_link_report": {
        "path": "report/settled_prediction_link_report.json",
        "exists": true,
        "error": "",
        "type": "dict"
      },
      "finalized_linkage_diagnostic": {
        "path": "report/finalized_linkage_diagnostic_report.json",
        "exists": true,
        "error": "",
        "type": "dict"
      },
      "rolling_walkforward_evaluation": {
        "path": "report/rolling_walkforward_evaluation.json",
        "exists": true,
        "error": "",
        "type": "dict"
      },
      "training_status": {
        "path": "data/training_status.json",
        "exists": true,
        "error": "",
        "type": "dict"
      },
      "model_artifact_status": {
        "path": "data/model_artifact_status.json",
        "exists": true,
        "error": "",
        "type": "dict"
      }
    },
    "raw_snapshots": 321,
    "valid_snapshots": 321,
    "finalized_games": 1098,
    "finalized_snapshot_outcome_rows": 303,
    "linked_games": 303,
    "settled_snapshots": 303,
    "clean_settled_snapshots": 303,
    "clean_settled_sample_count": 303,
    "train_eligible_samples": 303,
    "training_status_sample_count": 303,
    "loaded_artifact_sample_count": 303,
    "model_artifact_training_samples": 303,
    "active_model_sample_count": 303,
    "model_artifact_valid": true,
    "model_artifact_error": "",
    "walkforward_predictions": 0,
    "link_rate": 0.943925,
    "minimum_clean_train_samples": 300,
    "minimum_promotion_samples": 500,
    "minimum_walkforward_predictions": 300,
    "trained": true,
    "training_allowed": true,
    "promotion_sample_ready": false,
    "walkforward_ready": false,
    "calibration_sample_ready": false,
    "live_betting_allowed": false,
    "shadow_live_allowed": false,
    "production_allowed": false,
    "production_model_replacement_allowed": false,
    "errors": [],
    "warnings": [
      "Finalized linkage diagnostic: overlap_after=303, api_final_written=0, pending_not_final=18, api_not_found_or_failed=0."
    ],
    "recommendations": [
      "Promotion sample threshold not met: 303 < 500.",
      "Rolling walk-forward predictions below threshold: 0 < 300."
    ]
  },
  "warnings": [],
  "errors": [],
  "live_betting_allowed": false,
  "automated_wagering_allowed": false,
  "production_model_replacement_allowed": false
}
