{
  "generated_at": "2026-06-17T00:03:08.687298+00:00",
  "status": "ok",
  "sample_count": 252,
  "underdog_sample_count": 60,
  "overall": {
    "sample_count": 60,
    "correct": 28,
    "accuracy": 0.4666666666666667,
    "brier": 0.25272543783333334,
    "logloss": 0.6981859448020777,
    "ece": 0.0938083333333333,
    "insufficient_sample": false,
    "decision": "weak_slice"
  },
  "buckets": {
    "home_underdog": {
      "sample_count": 21,
      "correct": 10,
      "accuracy": 0.47619047619047616,
      "brier": 0.24969000619047618,
      "logloss": 0.6926180862572532,
      "ece": 0.06551904761904756,
      "insufficient_sample": true,
      "decision": "insufficient_sample"
    },
    "away_underdog": {
      "sample_count": 39,
      "correct": 18,
      "accuracy": 0.46153846153846156,
      "brier": 0.254359901025641,
      "logloss": 0.7011840224800602,
      "ece": 0.10904102564102564,
      "insufficient_sample": false,
      "decision": "weak_slice"
    },
    "positive_clv_underdog": {
      "sample_count": 35,
      "correct": 14,
      "accuracy": 0.4,
      "brier": 0.25426394199999997,
      "logloss": 0.7010893599378482,
      "ece": 0.17411714285714291,
      "insufficient_sample": false,
      "decision": "weak_slice"
    },
    "non_positive_clv_underdog": {
      "sample_count": 25,
      "correct": 14,
      "accuracy": 0.56,
      "brier": 0.250571532,
      "logloss": 0.6941211636119992,
      "ece": 0.091888,
      "insufficient_sample": true,
      "decision": "insufficient_sample"
    },
    "starter_edge_underdog": {
      "sample_count": 31,
      "correct": 15,
      "accuracy": 0.4838709677419355,
      "brier": 0.25399110999999996,
      "logloss": 0.7005601512450811,
      "ece": 0.14615806451612895,
      "insufficient_sample": false,
      "decision": "weak_slice"
    },
    "no_starter_edge_underdog": {
      "sample_count": 29,
      "correct": 13,
      "accuracy": 0.4482758620689655,
      "brier": 0.25137247793103445,
      "logloss": 0.695647999983695,
      "ece": 0.10948275862068965,
      "insufficient_sample": true,
      "decision": "insufficient_sample"
    },
    "bullpen_edge_underdog": {
      "sample_count": 9,
      "correct": 4,
      "accuracy": 0.4444444444444444,
      "brier": 0.23172308222222224,
      "logloss": 0.6528376245268362,
      "ece": 0.176,
      "insufficient_sample": true,
      "decision": "insufficient_sample"
    },
    "lineup_context_available_underdog": {
      "sample_count": 0,
      "correct": 0,
      "accuracy": null,
      "brier": null,
      "logloss": null,
      "ece": null,
      "insufficient_sample": true,
      "decision": "insufficient_sample"
    },
    "lineup_context_missing_underdog": {
      "sample_count": 60,
      "correct": 28,
      "accuracy": 0.4666666666666667,
      "brier": 0.25272543783333334,
      "logloss": 0.6981859448020777,
      "ece": 0.0938083333333333,
      "insufficient_sample": false,
      "decision": "weak_slice"
    },
    "high_confidence_underdog": {
      "sample_count": 2,
      "correct": 2,
      "accuracy": 1.0,
      "brier": 0.08058181,
      "logloss": 0.33188867381414355,
      "ece": 0.2815,
      "insufficient_sample": true,
      "decision": "insufficient_sample"
    },
    "low_confidence_underdog": {
      "sample_count": 58,
      "correct": 26,
      "accuracy": 0.4482758620689655,
      "brier": 0.258661425,
      "logloss": 0.7108168851809719,
      "ece": 0.0983051724137931,
      "insufficient_sample": false,
      "decision": "weak_slice"
    }
  },
  "recommendation": {
    "underdog_policy": "TRACKING_ONLY",
    "allow_when": [],
    "block_when": [
      "away_underdog is weak",
      "lineup_context_missing_underdog is weak",
      "low_confidence_underdog is weak",
      "overall underdog slice is not strong enough for paper entry upgrade",
      "positive_clv_underdog is weak",
      "starter_edge_underdog is weak"
    ],
    "notes": []
  },
  "sample_state": {
    "generated_at": "2026-06-17T00:03:06.307559+00:00",
    "last_updated": "2026-06-17T00:03:06.307574+00:00",
    "status": "ok",
    "current_stage": "STAGE_2_BASELINE_TRAINING_READY",
    "input_files": {
      "prediction_snapshots": {
        "path": "data/prediction_snapshots.csv",
        "exists": true,
        "rows": 284,
        "error": ""
      },
      "finalized_games": {
        "path": "data/finalized_games.csv",
        "exists": true,
        "rows": 1047,
        "error": ""
      },
      "finalized_snapshot_outcomes": {
        "path": "data/finalized_snapshot_outcomes.csv",
        "exists": true,
        "rows": 252,
        "error": ""
      },
      "training_samples": {
        "path": "data/training_samples.csv",
        "exists": true,
        "rows": 252,
        "error": ""
      },
      "settled_prediction_link_report": {
        "path": "report/settled_prediction_link_report.json",
        "exists": true,
        "error": "",
        "type": "dict"
      },
      "finalized_linkage_diagnostic": {
        "path": "report/finalized_linkage_diagnostic_report.json",
        "exists": true,
        "error": "",
        "type": "dict"
      },
      "rolling_walkforward_evaluation": {
        "path": "report/rolling_walkforward_evaluation.json",
        "exists": true,
        "error": "",
        "type": "dict"
      },
      "training_status": {
        "path": "data/training_status.json",
        "exists": true,
        "error": "",
        "type": "dict"
      },
      "model_artifact_status": {
        "path": "data/model_artifact_status.json",
        "exists": true,
        "error": "",
        "type": "dict"
      }
    },
    "raw_snapshots": 284,
    "valid_snapshots": 284,
    "finalized_games": 1047,
    "finalized_snapshot_outcome_rows": 252,
    "linked_games": 252,
    "settled_snapshots": 252,
    "clean_settled_snapshots": 252,
    "clean_settled_sample_count": 252,
    "train_eligible_samples": 252,
    "training_status_sample_count": 252,
    "loaded_artifact_sample_count": 109,
    "model_artifact_training_samples": 109,
    "active_model_sample_count": 0,
    "model_artifact_valid": false,
    "model_artifact_error": "",
    "walkforward_predictions": 0,
    "link_rate": 0.887324,
    "minimum_clean_train_samples": 300,
    "minimum_promotion_samples": 500,
    "minimum_walkforward_predictions": 300,
    "trained": false,
    "training_allowed": false,
    "promotion_sample_ready": false,
    "walkforward_ready": false,
    "calibration_sample_ready": false,
    "live_betting_allowed": false,
    "shadow_live_allowed": false,
    "production_allowed": false,
    "production_model_replacement_allowed": false,
    "errors": [],
    "warnings": [
      "Finalized linkage diagnostic: overlap_after=252, api_final_written=0, pending_not_final=18, api_not_found_or_failed=0.",
      "Model artifact is not valid for active ML use; prediction must use manual or market baseline."
    ],
    "recommendations": [
      "Promotion sample threshold not met: 252 < 500.",
      "Rolling walk-forward predictions below threshold: 0 < 300.",
      "Train-eligible samples are below threshold: 252 < 300."
    ]
  },
  "warnings": [],
  "errors": [],
  "live_betting_allowed": false,
  "automated_wagering_allowed": false,
  "production_model_replacement_allowed": false
}
