{
  "generated_at": "2026-06-19T00:08:25.155760+00:00",
  "status": "ok",
  "sample_count": 285,
  "underdog_sample_count": 62,
  "overall": {
    "sample_count": 62,
    "correct": 29,
    "accuracy": 0.46774193548387094,
    "brier": 0.2524412269354838,
    "logloss": 0.6976295225094011,
    "ece": 0.09167580645161283,
    "insufficient_sample": false,
    "decision": "weak_slice"
  },
  "buckets": {
    "home_underdog": {
      "sample_count": 21,
      "correct": 10,
      "accuracy": 0.47619047619047616,
      "brier": 0.24969000619047618,
      "logloss": 0.6926180862572531,
      "ece": 0.06551904761904756,
      "insufficient_sample": true,
      "decision": "insufficient_sample"
    },
    "away_underdog": {
      "sample_count": 41,
      "correct": 19,
      "accuracy": 0.4634146341463415,
      "brier": 0.2538503887804878,
      "logloss": 0.7001963557117211,
      "ece": 0.10507317073170723,
      "insufficient_sample": false,
      "decision": "weak_slice"
    },
    "positive_clv_underdog": {
      "sample_count": 35,
      "correct": 14,
      "accuracy": 0.4,
      "brier": 0.25426394199999997,
      "logloss": 0.7010893599378482,
      "ece": 0.17411714285714291,
      "insufficient_sample": false,
      "decision": "weak_slice"
    },
    "non_positive_clv_underdog": {
      "sample_count": 27,
      "correct": 15,
      "accuracy": 0.5555555555555556,
      "brier": 0.25007844814814817,
      "logloss": 0.6931445480651183,
      "ece": 0.08302962962962969,
      "insufficient_sample": true,
      "decision": "insufficient_sample"
    },
    "starter_edge_underdog": {
      "sample_count": 32,
      "correct": 15,
      "accuracy": 0.46875,
      "brier": 0.2545299078125,
      "logloss": 0.7016563100243253,
      "ece": 0.15786562499999995,
      "insufficient_sample": false,
      "decision": "weak_slice"
    },
    "no_starter_edge_underdog": {
      "sample_count": 30,
      "correct": 14,
      "accuracy": 0.4666666666666667,
      "brier": 0.25021330066666664,
      "logloss": 0.6933342824934824,
      "ece": 0.09031999999999991,
      "insufficient_sample": false,
      "decision": "weak_slice"
    },
    "bullpen_edge_underdog": {
      "sample_count": 10,
      "correct": 5,
      "accuracy": 0.5,
      "brier": 0.23021049000000002,
      "logloss": 0.6501775096018845,
      "ece": 0.11186000000000003,
      "insufficient_sample": true,
      "decision": "insufficient_sample"
    },
    "lineup_context_available_underdog": {
      "sample_count": 0,
      "correct": 0,
      "accuracy": null,
      "brier": null,
      "logloss": null,
      "ece": null,
      "insufficient_sample": true,
      "decision": "insufficient_sample"
    },
    "lineup_context_missing_underdog": {
      "sample_count": 62,
      "correct": 29,
      "accuracy": 0.46774193548387094,
      "brier": 0.2524412269354838,
      "logloss": 0.6976295225094011,
      "ece": 0.09167580645161283,
      "insufficient_sample": false,
      "decision": "weak_slice"
    },
    "high_confidence_underdog": {
      "sample_count": 2,
      "correct": 2,
      "accuracy": 1.0,
      "brier": 0.08058181,
      "logloss": 0.33188867381414355,
      "ece": 0.2815,
      "insufficient_sample": true,
      "decision": "insufficient_sample"
    },
    "low_confidence_underdog": {
      "sample_count": 60,
      "correct": 27,
      "accuracy": 0.45,
      "brier": 0.25816987416666665,
      "logloss": 0.7098208841325764,
      "ece": 0.0959516666666666,
      "insufficient_sample": false,
      "decision": "weak_slice"
    }
  },
  "recommendation": {
    "underdog_policy": "TRACKING_ONLY",
    "allow_when": [],
    "block_when": [
      "away_underdog is weak",
      "lineup_context_missing_underdog is weak",
      "low_confidence_underdog is weak",
      "no_starter_edge_underdog is weak",
      "overall underdog slice is not strong enough for paper entry upgrade",
      "positive_clv_underdog is weak",
      "starter_edge_underdog is weak"
    ],
    "notes": []
  },
  "sample_state": {
    "generated_at": "2026-06-19T00:08:23.726644+00:00",
    "last_updated": "2026-06-19T00:08:23.726658+00:00",
    "status": "ok",
    "current_stage": "STAGE_2_BASELINE_TRAINING_READY",
    "input_files": {
      "prediction_snapshots": {
        "path": "data/prediction_snapshots.csv",
        "exists": true,
        "rows": 307,
        "error": ""
      },
      "finalized_games": {
        "path": "data/finalized_games.csv",
        "exists": true,
        "rows": 1080,
        "error": ""
      },
      "finalized_snapshot_outcomes": {
        "path": "data/finalized_snapshot_outcomes.csv",
        "exists": true,
        "rows": 285,
        "error": ""
      },
      "training_samples": {
        "path": "data/training_samples.csv",
        "exists": true,
        "rows": 285,
        "error": ""
      },
      "settled_prediction_link_report": {
        "path": "report/settled_prediction_link_report.json",
        "exists": true,
        "error": "",
        "type": "dict"
      },
      "finalized_linkage_diagnostic": {
        "path": "report/finalized_linkage_diagnostic_report.json",
        "exists": true,
        "error": "",
        "type": "dict"
      },
      "rolling_walkforward_evaluation": {
        "path": "report/rolling_walkforward_evaluation.json",
        "exists": true,
        "error": "",
        "type": "dict"
      },
      "training_status": {
        "path": "data/training_status.json",
        "exists": true,
        "error": "",
        "type": "dict"
      },
      "model_artifact_status": {
        "path": "data/model_artifact_status.json",
        "exists": true,
        "error": "",
        "type": "dict"
      }
    },
    "raw_snapshots": 307,
    "valid_snapshots": 307,
    "finalized_games": 1080,
    "finalized_snapshot_outcome_rows": 285,
    "linked_games": 285,
    "settled_snapshots": 285,
    "clean_settled_snapshots": 285,
    "clean_settled_sample_count": 285,
    "train_eligible_samples": 285,
    "training_status_sample_count": 285,
    "loaded_artifact_sample_count": 109,
    "model_artifact_training_samples": 109,
    "active_model_sample_count": 0,
    "model_artifact_valid": false,
    "model_artifact_error": "",
    "walkforward_predictions": 0,
    "link_rate": 0.928339,
    "minimum_clean_train_samples": 300,
    "minimum_promotion_samples": 500,
    "minimum_walkforward_predictions": 300,
    "trained": false,
    "training_allowed": false,
    "promotion_sample_ready": false,
    "walkforward_ready": false,
    "calibration_sample_ready": false,
    "live_betting_allowed": false,
    "shadow_live_allowed": false,
    "production_allowed": false,
    "production_model_replacement_allowed": false,
    "errors": [],
    "warnings": [
      "Finalized linkage diagnostic: overlap_after=285, api_final_written=0, pending_not_final=8, api_not_found_or_failed=0.",
      "Model artifact is not valid for active ML use; prediction must use manual or market baseline."
    ],
    "recommendations": [
      "Promotion sample threshold not met: 285 < 500.",
      "Rolling walk-forward predictions below threshold: 0 < 300.",
      "Train-eligible samples are below threshold: 285 < 300."
    ]
  },
  "warnings": [],
  "errors": [],
  "live_betting_allowed": false,
  "automated_wagering_allowed": false,
  "production_model_replacement_allowed": false
}
