{
  "Angels": 1365.379259654828,
  "Astros": 1478.7277435781346,
  "Athletics": 1505.339335509281,
  "Blue Jays": 1551.2072446098848,
  "Braves": 1528.3011723504799,
  "Brewers": 1508.4262221577726,
  "Cardinals": 1450.7597152915132,
  "Cubs": 1514.7742289507014,
  "D-backs": 1532.4103462591104,
  "Dodgers": 1612.0860729087647,
  "Giants": 1510.4161232201895,
  "Guardians": 1598.0633674417438,
  "Mariners": 1582.7041002372046,
  "Marlins": 1534.8767304473051,
  "Mets": 1451.8229333103582,
  "Nationals": 1422.0232810590164,
  "Orioles": 1495.015259567896,
  "Padres": 1534.0396911240064,
  "Phillies": 1586.4732255282916,
  "Pirates": 1519.1930739464851,
  "Rangers": 1453.303552339317,
  "Rays": 1439.6013532588972,
  "Red Sox": 1546.4157447892908,
  "Reds": 1529.0523855659135,
  "Rockies": 1299.1622098959378,
  "Royals": 1534.8789085247668,
  "Tigers": 1437.7167003658326,
  "Twins": 1412.8252643748679,
  "White Sox": 1420.1436962742125,
  "Yankees": 1644.8610574579966
}