{
  "Marlins": 1740.2428513355903,
  "Braves": 2298.273306522483,
  "Tigers": 678.2247932617807,
  "Guardians": 1241.4219586274887,
  "Phillies": 1720.7419122933236,
  "Reds": 2331.145737328897,
  "Nationals": 701.7266405870707,
  "Mets": 1259.7572015548603,
  "Yankees": 1582.2777470282647,
  "Blue Jays": 2225.8594371879826,
  "Royals": 1257.426711608527,
  "Red Sox": 2084.7620296704345,
  "Cardinals": 1014.5962379884191,
  "Pirates": 1620.1523950789351,
  "Rays": 999.3139348009391,
  "Orioles": 1586.2658464039694,
  "Twins": 912.2753487868147,
  "Astros": 1215.3383233458876,
  "Cubs": 1753.8471651289553,
  "Brewers": 2662.580972018537,
  "Rockies": 1074.5963829191105,
  "Rangers": 856.7631690801298,
  "Angels": 1195.1389886023153,
  "Athletics": 1525.4356256190458,
  "Padres": 1857.7574226961906,
  "Dodgers": 2213.871988198951,
  "D-backs": 1258.506539461861,
  "Giants": 2020.4791778435842,
  "Mariners": 618.9781618732078,
  "White Sox": 1492.241993146447
}