{
  "Marlins": 1687.545079450538,
  "Braves": 2218.818717031406,
  "Tigers": 761.0931674057246,
  "Guardians": 1299.0015437854101,
  "Phillies": 1677.2156513745306,
  "Reds": 2242.1266992657856,
  "Nationals": 781.1807486486165,
  "Mets": 1312.455454869441,
  "Yankees": 1518.4612783270177,
  "Blue Jays": 2165.404612718292,
  "Royals": 1233.914032476726,
  "Red Sox": 2058.2665135136667,
  "Cardinals": 1047.094831637201,
  "Pirates": 1646.7795089889973,
  "Rays": 1018.7114678238174,
  "Orioles": 1624.1112386732282,
  "Twins": 967.5270596690863,
  "Astros": 1254.452560824496,
  "Cubs": 1683.3995530672514,
  "Brewers": 2493.3131047492016,
  "Rockies": 1179.8767228588806,
  "Rangers": 957.259901368528,
  "Angels": 1215.9995438883327,
  "Athletics": 1521.3881927295,
  "Padres": 1770.7607212610692,
  "Dodgers": 2107.279967942378,
  "D-backs": 1286.6829781563827,
  "Giants": 2020.8393493177302,
  "Mariners": 685.2050427667492,
  "White Sox": 1563.8347554100174
}