{
  "Marlins": 1143.7097866249896,
  "Braves": 1856.2902133750104,
  "Tigers": 1147.375331583356,
  "Guardians": 1852.624668416644,
  "Phillies": 1141.932587024301,
  "Reds": 1858.067412975699,
  "Nationals": 1153.84448912712,
  "Mets": 1846.15551087288,
  "Yankees": 1153.84448912712,
  "Blue Jays": 1846.15551087288,
  "Royals": 1153.84448912712,
  "Red Sox": 1846.15551087288,
  "Cardinals": 1153.84448912712,
  "Pirates": 1846.15551087288,
  "Rays": 1178.1364885471437,
  "Orioles": 1821.8635114528563,
  "Twins": 1236.5839611620113,
  "Astros": 1763.4160388379887,
  "Cubs": 1158.6722620432308,
  "Brewers": 1841.3277379567692,
  "Rockies": 1526.7947606337332,
  "Rangers": 1473.2052393662668,
  "Angels": 1166.8346504204512,
  "Athletics": 1833.1653495795488,
  "Padres": 1158.6722620432308,
  "Dodgers": 1841.3277379567692,
  "D-backs": 1183.853516607835,
  "Giants": 1816.146483392165,
  "Mariners": 1151.853516607835,
  "White Sox": 1848.146483392165
}