{
  "Marlins": 1156.570862278383,
  "Braves": 1843.429137721617,
  "Tigers": 1160.8247914835897,
  "Guardians": 1839.1752085164103,
  "Phillies": 1154.5182403926192,
  "Reds": 1845.4817596073808,
  "Nationals": 1168.4030431297838,
  "Mets": 1831.5969568702162,
  "Yankees": 1168.4030431297838,
  "Blue Jays": 1831.5969568702162,
  "Royals": 1168.4030431297838,
  "Red Sox": 1831.5969568702162,
  "Cardinals": 1168.4030431297838,
  "Pirates": 1831.5969568702162,
  "Rays": 1159.3839698149793,
  "Orioles": 1840.6160301850207,
  "Twins": 1191.3839698149793,
  "Astros": 1808.6160301850207,
  "Cubs": 1174.1216994989759,
  "Brewers": 1825.8783005010241,
  "Rockies": 1448.587182108385,
  "Rangers": 1551.412817891615,
  "Angels": 1174.1216994989759,
  "Athletics": 1825.8783005010241,
  "Padres": 1174.1216994989759,
  "Dodgers": 1825.8783005010241,
  "D-backs": 1166.0607397234744,
  "Giants": 1833.9392602765256,
  "Mariners": 1166.0607397234744,
  "White Sox": 1833.9392602765256
}