{
  "Angels": 1365.379259654828,
  "Astros": 1510.8625635308836,
  "Athletics": 1489.9917876998254,
  "Blue Jays": 1563.5784788459073,
  "Braves": 1542.019072731688,
  "Brewers": 1508.4262221577726,
  "Cardinals": 1469.2398303587013,
  "Cubs": 1529.471182276314,
  "D-backs": 1491.012782979853,
  "Dodgers": 1632.411831801534,
  "Giants": 1495.719169894577,
  "Guardians": 1598.0633674417438,
  "Mariners": 1593.3472259449165,
  "Marlins": 1545.589975149374,
  "Mets": 1451.8229333103582,
  "Nationals": 1443.0950854455045,
  "Orioles": 1482.6440253318735,
  "Padres": 1534.0396911240064,
  "Phillies": 1562.4911635919557,
  "Pirates": 1488.6879014219835,
  "Rangers": 1453.303552339317,
  "Rays": 1428.8881085568285,
  "Red Sox": 1546.4157447892908,
  "Reds": 1510.5722704987254,
  "Rockies": 1299.1622098959378,
  "Royals": 1534.8789085247668,
  "Tigers": 1427.0735746581206,
  "Twins": 1412.8252643748679,
  "White Sox": 1444.1257582105484,
  "Yankees": 1644.8610574579966
}