{
  "Angels": 1365.379259654828,
  "Astros": 1495.515015721428,
  "Athletics": 1505.339335509281,
  "Blue Jays": 1551.2072446098848,
  "Braves": 1528.3011723504799,
  "Brewers": 1508.4262221577726,
  "Cardinals": 1450.7597152915132,
  "Cubs": 1514.7742289507014,
  "D-backs": 1512.084587366341,
  "Dodgers": 1632.411831801534,
  "Giants": 1510.4161232201895,
  "Guardians": 1585.2793320349108,
  "Mariners": 1582.7041002372046,
  "Marlins": 1534.8767304473051,
  "Mets": 1451.8229333103582,
  "Nationals": 1422.0232810590164,
  "Orioles": 1495.015259567896,
  "Padres": 1521.5038793996534,
  "Phillies": 1599.0090372526445,
  "Pirates": 1502.4058018031917,
  "Rangers": 1453.303552339317,
  "Rays": 1439.6013532588972,
  "Red Sox": 1546.4157447892908,
  "Reds": 1529.0523855659135,
  "Rockies": 1299.1622098959378,
  "Royals": 1522.1765974085206,
  "Tigers": 1437.7167003658326,
  "Twins": 1425.527575491114,
  "White Sox": 1420.1436962742125,
  "Yankees": 1657.6450928648296
}