{
  "Angels": 1415.4630590658905,
  "Astros": 1487.2508652468541,
  "Athletics": 1535.2293025413937,
  "Blue Jays": 1560.4501894440289,
  "Braves": 1535.019373533784,
  "Brewers": 1540.377572894033,
  "Cardinals": 1499.4456549553388,
  "Cubs": 1476.0642363007794,
  "D-backs": 1456.5863535005362,
  "Dodgers": 1587.3237563914422,
  "Giants": 1469.1898336263714,
  "Guardians": 1543.1701027849133,
  "Mariners": 1581.982686136099,
  "Marlins": 1573.2043503454831,
  "Mets": 1530.199940573975,
  "Nationals": 1445.4119000453895,
  "Orioles": 1546.9593366004785,
  "Padres": 1450.9373018222805,
  "Phillies": 1605.900251584135,
  "Pirates": 1467.53700833506,
  "Rangers": 1516.838024963092,
  "Rays": 1428.0505086452727,
  "Red Sox": 1507.7436691708206,
  "Reds": 1407.7807571428605,
  "Rockies": 1343.4295128458568,
  "Royals": 1464.0405677223157,
  "Tigers": 1461.2946626242885,
  "Twins": 1392.518266871863,
  "White Sox": 1528.1466331983972,
  "Yankees": 1642.4543210869667
}