{
  "Angels": 1455.346412993023,
  "Astros": 1552.0971653368551,
  "Athletics": 1459.4752673599353,
  "Blue Jays": 1489.3002130071206,
  "Braves": 1480.0743481010027,
  "Brewers": 1572.4843440874517,
  "Cardinals": 1438.9474501598713,
  "Cubs": 1537.3172620053347,
  "D-backs": 1423.1703760537928,
  "Dodgers": 1604.5596143056543,
  "Giants": 1467.964584883708,
  "Guardians": 1511.4292332035743,
  "Mariners": 1504.426546296133,
  "Marlins": 1615.7923090195095,
  "Mets": 1467.410780689711,
  "Nationals": 1463.4329247983837,
  "Orioles": 1497.1565474774652,
  "Padres": 1521.000289143661,
  "Phillies": 1608.450825715634,
  "Pirates": 1456.521052745606,
  "Rangers": 1529.0742827509105,
  "Rays": 1482.0256864685139,
  "Red Sox": 1523.7647939028873,
  "Reds": 1475.9661636342294,
  "Rockies": 1419.4339164977996,
  "Royals": 1439.056259701358,
  "Tigers": 1477.1615178296258,
  "Twins": 1440.5359641200796,
  "White Sox": 1525.3216431443102,
  "Yankees": 1561.302224566858
}