{
  "Angels": 1345.3155368304413,
  "Astros": 1495.515015721428,
  "Athletics": 1505.339335509281,
  "Blue Jays": 1551.2072446098848,
  "Braves": 1528.3011723504799,
  "Brewers": 1523.4139734146281,
  "Cardinals": 1433.772876681448,
  "Cubs": 1514.7742289507014,
  "D-backs": 1532.4103462591104,
  "Dodgers": 1612.0860729087647,
  "Giants": 1495.428371963334,
  "Guardians": 1598.0633674417438,
  "Mariners": 1592.0092657509047,
  "Marlins": 1546.871811253644,
  "Mets": 1442.517767796658,
  "Nationals": 1410.0282002526776,
  "Orioles": 1495.015259567896,
  "Padres": 1534.0396911240064,
  "Phillies": 1586.4732255282916,
  "Pirates": 1502.4058018031917,
  "Rangers": 1470.2903909493823,
  "Rays": 1422.411521534157,
  "Red Sox": 1546.4157447892908,
  "Reds": 1511.6342342759176,
  "Rockies": 1319.2259327203246,
  "Royals": 1539.5947486985165,
  "Tigers": 1454.906532090573,
  "Twins": 1440.1776149305888,
  "White Sox": 1405.4936568347377,
  "Yankees": 1644.8610574579966
}