{
  "Marlins": 1147.455329523708,
  "Braves": 1948.0885123352193,
  "Tigers": 1047.4982217500406,
  "Guardians": 1855.815864404833,
  "Phillies": 1102.7095360650192,
  "Reds": 1992.9407609605096,
  "Nationals": 1051.4061556596998,
  "Mets": 1853.0500024813705,
  "Yankees": 1120.2344652620247,
  "Blue Jays": 1986.3507868194836,
  "Royals": 1050.8770791566926,
  "Red Sox": 1991.6194098553437,
  "Cardinals": 1050.20531887273,
  "Pirates": 1908.1135225401051,
  "Rays": 1186.1555978922972,
  "Orioles": 1749.9759254329535,
  "Twins": 1318.0846143960625,
  "Astros": 1587.5647187312065,
  "Cubs": 1103.6135959444912,
  "Brewers": 2029.8046172871566,
  "Rockies": 1545.848503500277,
  "Rangers": 1422.4125036012695,
  "Angels": 1144.5708634977302,
  "Athletics": 1845.60251329117,
  "Padres": 1105.7122866931552,
  "Dodgers": 1948.7001434013152,
  "D-backs": 1215.576453888735,
  "Giants": 1801.6220735557456,
  "Mariners": 969.0782899734402,
  "White Sox": 1919.3123332262053
}