{
  "Angels": 1456.4214468194937,
  "Astros": 1543.8344215946224,
  "Athletics": 1444.3893709356755,
  "Blue Jays": 1488.1276385368321,
  "Braves": 1464.621700070175,
  "Brewers": 1564.5673212998163,
  "Cardinals": 1461.5647382348445,
  "Cubs": 1568.7336986760133,
  "D-backs": 1440.8335757350478,
  "Dodgers": 1617.8433612841052,
  "Giants": 1465.7540332332808,
  "Guardians": 1509.7447960843062,
  "Mariners": 1503.8613579892753,
  "Marlins": 1602.1496642719842,
  "Mets": 1442.5041385242994,
  "Nationals": 1469.7886366734108,
  "Orioles": 1462.6092819400274,
  "Padres": 1494.9988122960094,
  "Phillies": 1595.9628967445976,
  "Pirates": 1495.6043740192201,
  "Rangers": 1560.6088467291247,
  "Rays": 1482.0256864685139,
  "Red Sox": 1552.6662677055285,
  "Reds": 1449.3942279992098,
  "Rockies": 1396.524710187052,
  "Royals": 1459.970280207942,
  "Tigers": 1484.191868431194,
  "Twins": 1476.404259471114,
  "White Sox": 1520.3208089205996,
  "Yankees": 1523.9777789166837
}