{
  "Angels": 1365.379259654828,
  "Astros": 1478.7277435781346,
  "Athletics": 1522.8743337091719,
  "Blue Jays": 1551.2072446098848,
  "Braves": 1528.3011723504799,
  "Brewers": 1523.4139734146281,
  "Cardinals": 1433.772876681448,
  "Cubs": 1497.2392307508105,
  "D-backs": 1512.084587366341,
  "Dodgers": 1632.411831801534,
  "Giants": 1495.428371963334,
  "Guardians": 1617.2793320349108,
  "Mariners": 1582.7041002372046,
  "Marlins": 1534.8767304473051,
  "Mets": 1451.8229333103582,
  "Nationals": 1422.0232810590164,
  "Orioles": 1495.015259567896,
  "Padres": 1534.0396911240064,
  "Phillies": 1586.4732255282916,
  "Pirates": 1519.1930739464851,
  "Rangers": 1470.2903909493823,
  "Rays": 1439.6013532588972,
  "Red Sox": 1546.4157447892908,
  "Reds": 1543.6342342759176,
  "Rockies": 1299.1622098959378,
  "Royals": 1507.5947486985165,
  "Tigers": 1437.7167003658326,
  "Twins": 1440.1776149305888,
  "White Sox": 1405.4936568347377,
  "Yankees": 1625.6450928648296
}