{
  "Marlins": 1702.1733706580135,
  "Braves": 2241.0851145750053,
  "Tigers": 738.2013471050079,
  "Guardians": 1283.3450957212947,
  "Phillies": 1689.6436339752074,
  "Reds": 2266.3516836459467,
  "Nationals": 758.9145933384128,
  "Mets": 1297.8269214285704,
  "Yankees": 1535.7266437267106,
  "Blue Jays": 2181.337014773623,
  "Royals": 1240.7282615376134,
  "Red Sox": 2064.9358313750945,
  "Cardinals": 1038.5736209423892,
  "Pirates": 1639.4132790435242,
  "Rays": 1013.5376312393417,
  "Orioles": 1613.8700498269584,
  "Twins": 951.8494487265677,
  "Astros": 1243.5913914828914,
  "Cubs": 1702.7627968633217,
  "Brewers": 2537.271851804711,
  "Rockies": 1151.656767926998,
  "Rangers": 929.5507711103385,
  "Angels": 1210.6452583307616,
  "Athletics": 1521.8399854723145,
  "Padres": 1794.7288120948697,
  "Dodgers": 2135.0416722745545,
  "D-backs": 1280.4497063049414,
  "Giants": 2022.0893858537186,
  "Mariners": 667.7480832978518,
  "White Sox": 1545.1099755434486
}