{
  "Marlins": 1257.1685182035026,
  "Braves": 1931.6335683998084,
  "Tigers": 1063.4659594240925,
  "Guardians": 1744.467295894206,
  "Phillies": 1192.1899310221188,
  "Reds": 1997.5854688249165,
  "Nationals": 1067.9402667374882,
  "Mets": 1743.2576466591986,
  "Yankees": 1188.966007335178,
  "Blue Jays": 1996.5114025112,
  "Royals": 1078.8464323480564,
  "Red Sox": 1996.297720721086,
  "Cardinals": 1070.76281146283,
  "Pirates": 1855.5559192374715,
  "Rays": 1146.7933280900434,
  "Orioles": 1743.7018761979402,
  "Twins": 1296.5544197734826,
  "Astros": 1519.5501333590562,
  "Cubs": 1188.2075618135075,
  "Brewers": 2064.7252622668425,
  "Rockies": 1500.6161752025632,
  "Rangers": 1363.9528859678892,
  "Angels": 1225.4195608592756,
  "Athletics": 1744.7811769410353,
  "Padres": 1193.8988402807004,
  "Dodgers": 1922.7653615132401,
  "D-backs": 1255.9672689674321,
  "Giants": 1848.2289206016267,
  "Mariners": 934.8843202695294,
  "White Sox": 1865.303959114673
}