{
  "Marlins": 1217.9093371775493,
  "Braves": 1782.0906628224507,
  "Tigers": 1226.5767811533758,
  "Guardians": 1773.4232188466242,
  "Phillies": 1226.5767811533758,
  "Reds": 1773.4232188466242,
  "Nationals": 1226.5767811533758,
  "Mets": 1773.4232188466242,
  "Yankees": 1226.5767811533758,
  "Blue Jays": 1773.4232188466242,
  "Royals": 1226.5767811533758,
  "Red Sox": 1773.4232188466242,
  "Cardinals": 1226.5767811533758,
  "Pirates": 1773.4232188466242,
  "Rays": 1237.8650661374386,
  "Orioles": 1762.1349338625614,
  "Twins": 1237.8650661374386,
  "Astros": 1762.1349338625614,
  "Cubs": 1237.8650661374386,
  "Brewers": 1762.1349338625614,
  "Rockies": 1237.8650661374386,
  "Rangers": 1762.1349338625614,
  "Angels": 1237.8650661374386,
  "Athletics": 1762.1349338625614,
  "Padres": 1237.8650661374386,
  "Dodgers": 1762.1349338625614,
  "D-backs": 1237.8650661374386,
  "Giants": 1762.1349338625614,
  "Mariners": 1237.8650661374386,
  "White Sox": 1762.1349338625614
}