{
  "Angels": 1398.4204210806706,
  "Astros": 1469.5942193787582,
  "Athletics": 1527.556462610248,
  "Blue Jays": 1540.016001201069,
  "Braves": 1551.6692261838332,
  "Brewers": 1520.7206649375496,
  "Cardinals": 1521.0086544404414,
  "Cubs": 1457.5943371764656,
  "D-backs": 1440.2214977761087,
  "Dodgers": 1594.1461867619676,
  "Giants": 1487.6597327506852,
  "Guardians": 1530.8438752255452,
  "Mariners": 1588.1248477516226,
  "Marlins": 1559.701001347738,
  "Mets": 1513.5500879239257,
  "Nationals": 1457.4198735502216,
  "Orioles": 1517.1511173040137,
  "Padres": 1462.5953859983895,
  "Phillies": 1625.5571595406184,
  "Pirates": 1493.5699039712804,
  "Rangers": 1533.704177110272,
  "Rays": 1445.0931466304926,
  "Red Sox": 1490.8775170236406,
  "Reds": 1424.145612867288,
  "Rockies": 1351.1023527770026,
  "Royals": 1481.6972135904116,
  "Tigers": 1473.6208901836567,
  "Twins": 1370.9552673867604,
  "White Sox": 1508.7946561893966,
  "Yankees": 1662.8885093299266
}