{
  "Marlins": 1616.611071739396,
  "Braves": 2107.307455120225,
  "Tigers": 874.1467727445886,
  "Guardians": 1370.6171591739246,
  "Phillies": 1611.350312559578,
  "Reds": 2130.2186017602553,
  "Nationals": 892.6849528661199,
  "Mets": 1383.3965202742572,
  "Yankees": 1438.0576336485708,
  "Blue Jays": 2099.1861035609627,
  "Royals": 1199.100033711951,
  "Red Sox": 2031.903898413919,
  "Cardinals": 1081.3334271047424,
  "Pirates": 1683.3156606570847,
  "Rays": 1040.7345751947444,
  "Orioles": 1671.0397535955476,
  "Twins": 1049.9096987944183,
  "Astros": 1305.6922910273415,
  "Cubs": 1588.4153019602518,
  "Brewers": 2313.217176308471,
  "Rockies": 1308.4610868019179,
  "Rangers": 1078.8050720739507,
  "Angels": 1235.1269986083416,
  "Athletics": 1531.530780031847,
  "Padres": 1655.7378093826562,
  "Dodgers": 1986.6311606205297,
  "D-backs": 1303.1783165463708,
  "Giants": 2005.9471199974503,
  "Mariners": 761.746133077142,
  "White Sox": 1644.5971226434363
}