{
  "Angels": 1407.7944201036064,
  "Astros": 1496.4106581395695,
  "Athletics": 1490.1926293486756,
  "Blue Jays": 1572.4634239260158,
  "Braves": 1547.1196964775802,
  "Brewers": 1523.3893116374359,
  "Cardinals": 1467.7967593614428,
  "Cubs": 1479.6522913921647,
  "D-backs": 1458.7089561571293,
  "Dodgers": 1594.228295485915,
  "Giants": 1466.9474780560229,
  "Guardians": 1543.844741532064,
  "Mariners": 1508.9418812230535,
  "Marlins": 1585.089138851798,
  "Mets": 1515.223908206524,
  "Nationals": 1488.068733680714,
  "Orioles": 1511.2530226586498,
  "Padres": 1484.3006365887286,
  "Phillies": 1596.480341748035,
  "Pirates": 1458.787441804974,
  "Rangers": 1456.9470708180593,
  "Rays": 1410.5826311574854,
  "Red Sox": 1502.0561533124041,
  "Reds": 1452.5944501538333,
  "Rockies": 1403.5734041938954,
  "Royals": 1491.1104742538848,
  "Tigers": 1477.2368075849554,
  "Twins": 1465.8567158495725,
  "White Sox": 1502.1305812269975,
  "Yankees": 1641.2179450688127
}