{
  "Marlins": 1671.6966053630633,
  "Braves": 2194.625401479355,
  "Tigers": 785.7528885881642,
  "Guardians": 1315.659535654497,
  "Phillies": 1663.412746377372,
  "Reds": 2216.444833131813,
  "Nationals": 805.3736007910993,
  "Mets": 1328.3043923664836,
  "Yankees": 1500.171710871134,
  "Blue Jays": 2149.0249380086116,
  "Royals": 1226.3759904043486,
  "Red Sox": 2051.6031634716323,
  "Cardinals": 1055.7746536134573,
  "Pirates": 1654.7560211832474,
  "Rays": 1024.089907004659,
  "Orioles": 1634.9127655670484,
  "Twins": 984.7656709832049,
  "Astros": 1266.1799062330128,
  "Cubs": 1662.5622508092897,
  "Brewers": 2448.5067447107017,
  "Rockies": 1209.4586161611905,
  "Rangers": 986.9138543048002,
  "Angels": 1221.2324109383405,
  "Athletics": 1521.6755431863814,
  "Padres": 1744.9205352995637,
  "Dodgers": 2078.775507096668,
  "D-backs": 1291.934923515667,
  "Giants": 2018.5938192836281,
  "Mariners": 703.3256729605133,
  "White Sox": 1583.1753906410527
}