{
  "Angels": 1428.546602707797,
  "Astros": 1501.2383265514702,
  "Athletics": 1469.440446744485,
  "Blue Jays": 1584.7133013943283,
  "Braves": 1528.9353554663808,
  "Brewers": 1555.728278888374,
  "Cardinals": 1498.8688573252705,
  "Cubs": 1479.6522913921647,
  "D-backs": 1429.0268991087487,
  "Dodgers": 1586.4121192252194,
  "Giants": 1457.1510352765492,
  "Guardians": 1509.999745142544,
  "Mariners": 1523.5232757877118,
  "Marlins": 1572.5400830973747,
  "Mets": 1503.9281018774523,
  "Nationals": 1490.7004135204327,
  "Orioles": 1532.0294237401565,
  "Padres": 1468.1462039737007,
  "Phillies": 1586.70061750926,
  "Pirates": 1473.3538372640016,
  "Rangers": 1495.447001966984,
  "Rays": 1413.9427583943602,
  "Red Sox": 1468.096959396063,
  "Reds": 1463.16812947535,
  "Rockies": 1408.3848080865505,
  "Royals": 1488.028690534722,
  "Tigers": 1513.726571092924,
  "Twins": 1469.6719573237303,
  "White Sox": 1502.856872029805,
  "Yankees": 1596.0410357060882
}