{
  "Marlins": 1206.29649204185,
  "Braves": 1793.70350795815,
  "Tigers": 1213.8693711251033,
  "Guardians": 1786.1306288748967,
  "Phillies": 1213.8693711251033,
  "Reds": 1786.1306288748967,
  "Nationals": 1213.8693711251033,
  "Mets": 1786.1306288748967,
  "Yankees": 1213.8693711251033,
  "Blue Jays": 1786.1306288748967,
  "Royals": 1213.8693711251033,
  "Red Sox": 1786.1306288748967,
  "Cardinals": 1213.8693711251033,
  "Pirates": 1786.1306288748967,
  "Rays": 1223.5941920196149,
  "Orioles": 1776.4058079803851,
  "Twins": 1223.5941920196149,
  "Astros": 1776.4058079803851,
  "Cubs": 1223.5941920196149,
  "Brewers": 1776.4058079803851,
  "Rockies": 1223.5941920196149,
  "Rangers": 1776.4058079803851,
  "Angels": 1223.5941920196149,
  "Athletics": 1776.4058079803851,
  "Padres": 1223.5941920196149,
  "Dodgers": 1776.4058079803851,
  "D-backs": 1223.5941920196149,
  "Giants": 1776.4058079803851,
  "Mariners": 1223.5941920196149,
  "White Sox": 1776.4058079803851
}