{
  "Marlins": 1289.499315807906,
  "Braves": 1710.500684192094,
  "Tigers": 1309.47099025446,
  "Guardians": 1690.52900974554,
  "Phillies": 1309.47099025446,
  "Reds": 1690.52900974554,
  "Nationals": 1309.47099025446,
  "Mets": 1690.52900974554,
  "Yankees": 1309.47099025446,
  "Blue Jays": 1690.52900974554,
  "Royals": 1309.47099025446,
  "Red Sox": 1690.52900974554,
  "Cardinals": 1309.47099025446,
  "Pirates": 1690.52900974554,
  "Rays": 1339.5873453224096,
  "Orioles": 1660.4126546775904,
  "Twins": 1339.5873453224096,
  "Astros": 1660.4126546775904,
  "Cubs": 1339.5873453224096,
  "Brewers": 1660.4126546775904,
  "Rockies": 1339.5873453224096,
  "Rangers": 1660.4126546775904,
  "Angels": 1339.5873453224096,
  "Athletics": 1660.4126546775904,
  "Padres": 1339.5873453224096,
  "Dodgers": 1660.4126546775904,
  "D-backs": 1339.5873453224096,
  "Giants": 1660.4126546775904,
  "Mariners": 1339.5873453224096,
  "White Sox": 1660.4126546775904
}