{
  "Marlins": 1028.2576509101632,
  "Braves": 1971.7423490898368,
  "Tigers": 1026.0432211021161,
  "Guardians": 1973.9567788978839,
  "Phillies": 1027.7783739291895,
  "Reds": 1972.2216260708105,
  "Nationals": 1030.8592487094402,
  "Mets": 1969.1407512905598,
  "Yankees": 1030.8592487094402,
  "Blue Jays": 1969.1407512905598,
  "Royals": 1030.8592487094402,
  "Red Sox": 1969.1407512905598,
  "Cardinals": 1027.6191984467214,
  "Pirates": 1972.3808015532786,
  "Rays": 1247.8500918624143,
  "Orioles": 1752.1499081375857,
  "Twins": 1327.597326968879,
  "Astros": 1672.402673031121,
  "Cubs": 1032.022311823991,
  "Brewers": 1967.977688176009,
  "Rockies": 1543.4120693139234,
  "Rangers": 1456.5879306860766,
  "Angels": 1033.881901721852,
  "Athletics": 1966.118098278148,
  "Padres": 1032.022311823991,
  "Dodgers": 1967.977688176009,
  "D-backs": 1247.8601337118284,
  "Giants": 1752.1398662881716,
  "Mariners": 1030.3655015412849,
  "White Sox": 1969.6344984587151
}