{
  "Marlins": 1078.9411547732188,
  "Braves": 1921.0588452267812,
  "Tigers": 1080.6754284070498,
  "Guardians": 1919.3245715929502,
  "Phillies": 1078.0867398335904,
  "Reds": 1921.9132601664096,
  "Nationals": 1083.6445146213487,
  "Mets": 1916.3554853786513,
  "Yankees": 1083.6445146213487,
  "Blue Jays": 1916.3554853786513,
  "Royals": 1083.6445146213487,
  "Red Sox": 1916.3554853786513,
  "Cardinals": 1083.6445146213487,
  "Pirates": 1916.3554853786513,
  "Rays": 1241.97934906118,
  "Orioles": 1758.02065093882,
  "Twins": 1326.9241443415387,
  "Astros": 1673.0758556584613,
  "Cubs": 1085.7844717305125,
  "Brewers": 1914.2155282694875,
  "Rockies": 1543.4120598362672,
  "Rangers": 1456.5879401637328,
  "Angels": 1089.2566394412509,
  "Athletics": 1910.7433605587491,
  "Padres": 1085.7844717305125,
  "Dodgers": 1914.2155282694875,
  "D-backs": 1242.6335271888504,
  "Giants": 1757.3664728111496,
  "Mariners": 1082.7431656874032,
  "White Sox": 1917.2568343125968
}