{
  "Marlins": 1231.2436120932714,
  "Braves": 1768.7563879067286,
  "Tigers": 1241.365972771586,
  "Guardians": 1758.634027228414,
  "Phillies": 1241.365972771586,
  "Reds": 1758.634027228414,
  "Nationals": 1241.365972771586,
  "Mets": 1758.634027228414,
  "Yankees": 1241.365972771586,
  "Blue Jays": 1758.634027228414,
  "Royals": 1241.365972771586,
  "Red Sox": 1758.634027228414,
  "Cardinals": 1241.365972771586,
  "Pirates": 1758.634027228414,
  "Rays": 1254.7990612453225,
  "Orioles": 1745.2009387546775,
  "Twins": 1254.7990612453225,
  "Astros": 1745.2009387546775,
  "Cubs": 1254.7990612453225,
  "Brewers": 1745.2009387546775,
  "Rockies": 1254.7990612453225,
  "Rangers": 1745.2009387546775,
  "Angels": 1254.7990612453225,
  "Athletics": 1745.2009387546775,
  "Padres": 1254.7990612453225,
  "Dodgers": 1745.2009387546775,
  "D-backs": 1254.7990612453225,
  "Giants": 1745.2009387546775,
  "Mariners": 1254.7990612453225,
  "White Sox": 1745.2009387546775
}