{
  "Marlins": 1417.9517604015632,
  "Braves": 1582.0482395984368
}