{
  "Marlins": 1170.8089070486672,
  "Braves": 1829.1910929513328,
  "Tigers": 1175.8256369041974,
  "Guardians": 1824.1743630958026,
  "Phillies": 1168.4030431297838,
  "Reds": 1831.5969568702162,
  "Nationals": 1175.8256369041974,
  "Mets": 1824.1743630958026,
  "Yankees": 1175.8256369041974,
  "Blue Jays": 1824.1743630958026,
  "Royals": 1175.8256369041974,
  "Red Sox": 1824.1743630958026,
  "Cardinals": 1175.8256369041974,
  "Pirates": 1824.1743630958026,
  "Rays": 1174.1216994989759,
  "Orioles": 1825.8783005010241,
  "Twins": 1174.1216994989759,
  "Astros": 1825.8783005010241,
  "Cubs": 1182.0606766179833,
  "Brewers": 1817.9393233820167,
  "Rockies": 1182.0606766179833,
  "Rangers": 1817.9393233820167,
  "Angels": 1182.0606766179833,
  "Athletics": 1817.9393233820167,
  "Padres": 1182.0606766179833,
  "Dodgers": 1817.9393233820167,
  "D-backs": 1182.0606766179833,
  "Giants": 1817.9393233820167,
  "Mariners": 1182.0606766179833,
  "White Sox": 1817.9393233820167
}