{
  "Marlins": 1471.2849079794707,
  "Braves": 1946.7152646940053,
  "Tigers": 1046.0699144831053,
  "Guardians": 1515.4108202815328,
  "Phillies": 1414.754516688596,
  "Reds": 2017.5273686645346,
  "Nationals": 1053.105987010295,
  "Mets": 1528.8938403162267,
  "Yankees": 1304.2369744885887,
  "Blue Jays": 2028.540690096033,
  "Royals": 1132.717043435294,
  "Red Sox": 2007.1069835857,
  "Cardinals": 1094.7858506977618,
  "Pirates": 1767.171683971159,
  "Rays": 1088.0750496858886,
  "Orioles": 1723.427130942797,
  "Twins": 1214.5956823886943,
  "Astros": 1392.3449753031775,
  "Cubs": 1383.293534859992,
  "Brewers": 2140.8178131066393,
  "Rockies": 1418.2194078133696,
  "Rangers": 1247.1378607471909,
  "Angels": 1298.2094732643832,
  "Athletics": 1583.5351071623923,
  "Padres": 1416.958276199078,
  "Dodgers": 1888.412410881866,
  "D-backs": 1313.300270930544,
  "Giants": 1932.52476348018,
  "Mariners": 866.0872981154024,
  "White Sox": 1764.7390987260937
}