{
  "Marlins": 1001.7947268796117,
  "Braves": 1998.2052731203871,
  "Tigers": 997.7511874988713,
  "Guardians": 2002.248812501128,
  "Phillies": 1013.1457483242763,
  "Reds": 1986.854251675723,
  "Nationals": 1001.2054602313613,
  "Mets": 1998.7945397686378,
  "Yankees": 1003.7076184705053,
  "Blue Jays": 1996.292381529494,
  "Royals": 1015.7434708673059,
  "Red Sox": 1984.2565291326937,
  "Cardinals": 998.8874606387691,
  "Pirates": 2001.1125393612301,
  "Rays": 1247.9238542438873,
  "Orioles": 1752.0761457561127,
  "Twins": 1327.5975316558136,
  "Astros": 1672.4024683441864,
  "Cubs": 1016.7203843765976,
  "Brewers": 1983.2796156234022,
  "Rockies": 1629.0466103047318,
  "Rangers": 1456.5879306860766,
  "Angels": 1011.6764487599029,
  "Athletics": 1988.3235512400963,
  "Padres": 1016.7203843765976,
  "Dodgers": 1983.2796156234022,
  "D-backs": 1162.291034180572,
  "Giants": 1752.0744248286196,
  "Mariners": 1015.3281221260966,
  "White Sox": 1984.671877873903
}