{
  "Angels": 1356.751855180605,
  "Astros": 1511.262785278824,
  "Athletics": 1493.816077134722,
  "Blue Jays": 1535.2985256775598,
  "Braves": 1590.5657156670377,
  "Brewers": 1554.4610504130756,
  "Cardinals": 1502.594526123659,
  "Cubs": 1486.5909728128322,
  "D-backs": 1475.0101359243693,
  "Dodgers": 1603.7280060834175,
  "Giants": 1491.6180207494785,
  "Guardians": 1556.4746914309574,
  "Mariners": 1594.7909114571687,
  "Marlins": 1524.9123631994773,
  "Mets": 1531.964216240708,
  "Nationals": 1453.4615855514282,
  "Orioles": 1510.4850535984676,
  "Padres": 1467.4069188549365,
  "Phillies": 1630.2746350641276,
  "Pirates": 1483.9880846498304,
  "Rangers": 1515.2550004264906,
  "Rays": 1405.9048033819604,
  "Red Sox": 1530.0658602721728,
  "Reds": 1419.334080010741,
  "Rockies": 1322.105717140636,
  "Royals": 1500.146390274193,
  "Tigers": 1474.386139142719,
  "Twins": 1370.190018427698,
  "White Sox": 1469.8981667061921,
  "Yankees": 1637.2576931245144
}