{
  "Marlins": 1113.5950134155894,
  "Braves": 1886.4049865844106,
  "Tigers": 1116.1827203622802,
  "Guardians": 1883.8172796377198,
  "Phillies": 1112.3292028679834,
  "Reds": 1887.6707971320166,
  "Nationals": 1120.672510836647,
  "Mets": 1879.327489163353,
  "Yankees": 1120.672510836647,
  "Blue Jays": 1879.327489163353,
  "Royals": 1120.672510836647,
  "Red Sox": 1879.327489163353,
  "Cardinals": 1120.672510836647,
  "Pirates": 1879.327489163353,
  "Rays": 1217.4962797213554,
  "Orioles": 1782.5037202786446,
  "Twins": 1309.7293830749127,
  "Astros": 1690.2706169250873,
  "Cubs": 1123.9576584632132,
  "Brewers": 1876.0423415367868,
  "Rockies": 1543.336214731829,
  "Rangers": 1456.663785268171,
  "Angels": 1129.3815292338134,
  "Athletics": 1870.6184707661866,
  "Padres": 1123.9576584632132,
  "Dodgers": 1876.0423415367868,
  "D-backs": 1220.4785513950937,
  "Giants": 1779.5214486049063,
  "Mariners": 1119.3013240253435,
  "White Sox": 1880.6986759746565
}