{
  "Marlins": 1025.1111265733705,
  "Braves": 1974.8888734266295,
  "Tigers": 1019.8639569036135,
  "Guardians": 1980.1360430963866,
  "Phillies": 1024.6487889616835,
  "Reds": 1975.3512110383165,
  "Nationals": 1024.3419201237377,
  "Mets": 1975.6580798762623,
  "Yankees": 1027.6191984467214,
  "Blue Jays": 1972.3808015532786,
  "Royals": 1027.6191984467214,
  "Red Sox": 1972.3808015532786,
  "Cardinals": 1021.3312054877697,
  "Pirates": 1978.6687945122303,
  "Rays": 1247.8765525885165,
  "Orioles": 1752.1234474114835,
  "Twins": 1327.5974307474323,
  "Astros": 1672.4025692525677,
  "Cubs": 1028.7395762220442,
  "Brewers": 1971.2604237779558,
  "Rockies": 1543.4120693139234,
  "Rangers": 1456.5879306860766,
  "Angels": 1030.5297735822,
  "Athletics": 1969.4702264178,
  "Padres": 1028.7395762220442,
  "Dodgers": 1971.2604237779558,
  "D-backs": 1247.8836101388606,
  "Giants": 1752.1163898611394,
  "Mariners": 1027.1434077165654,
  "White Sox": 1972.8565922834346
}