{
  "Marlins": 1038.4415780914806,
  "Braves": 1961.5584219085194,
  "Tigers": 1039.5285317395205,
  "Guardians": 1960.4714682604795,
  "Phillies": 1037.9031367578887,
  "Reds": 1962.0968632421113,
  "Nationals": 1041.3707592478404,
  "Mets": 1958.6292407521596,
  "Yankees": 1041.3707592478404,
  "Blue Jays": 1958.6292407521596,
  "Royals": 1041.3707592478404,
  "Red Sox": 1958.6292407521596,
  "Cardinals": 1041.3707592478404,
  "Pirates": 1958.6292407521596,
  "Rays": 1247.682722788909,
  "Orioles": 1752.317277211091,
  "Twins": 1327.5959459656465,
  "Astros": 1672.4040540343535,
  "Cubs": 1042.6838541771638,
  "Brewers": 1957.3161458228362,
  "Rockies": 1543.4120693139225,
  "Rangers": 1456.5879306860775,
  "Angels": 1044.788050171504,
  "Athletics": 1955.211949828496,
  "Padres": 1042.6838541771638,
  "Dodgers": 1957.3161458228362,
  "D-backs": 1247.7116238138317,
  "Giants": 1752.2883761861683,
  "Mariners": 1040.8139962593752,
  "White Sox": 1959.1860037406248
}