{
  "Marlins": 1054.1820738830686,
  "Braves": 1945.8179261169314,
  "Tigers": 1055.4853933739291,
  "Guardians": 1944.5146066260709,
  "Phillies": 1053.5376354278785,
  "Reds": 1946.4623645721215,
  "Nationals": 1057.7017612069287,
  "Mets": 1942.2982387930713,
  "Yankees": 1057.7017612069287,
  "Blue Jays": 1942.2982387930713,
  "Royals": 1057.7017612069287,
  "Red Sox": 1942.2982387930713,
  "Cardinals": 1057.7017612069287,
  "Pirates": 1942.2982387930713,
  "Rays": 1246.8915652899204,
  "Orioles": 1753.1084347100796,
  "Twins": 1327.574100883597,
  "Astros": 1672.425899116403,
  "Cubs": 1059.2873701782426,
  "Brewers": 1940.7126298217574,
  "Rockies": 1543.4120693127393,
  "Rangers": 1456.5879306872607,
  "Angels": 1061.838678228409,
  "Athletics": 1938.161321771591,
  "Padres": 1059.2873701782426,
  "Dodgers": 1940.7126298217574,
  "D-backs": 1247.0092157958488,
  "Giants": 1752.9907842041512,
  "Mariners": 1057.0309264151194,
  "White Sox": 1942.9690735848806
}