{
  "Marlins": 1186.7979748834991,
  "Braves": 1813.2020251165009,
  "Tigers": 1192.8366301878493,
  "Guardians": 1807.1633698121507,
  "Phillies": 1192.8366301878493,
  "Reds": 1807.1633698121507,
  "Nationals": 1192.8366301878493,
  "Mets": 1807.1633698121507,
  "Yankees": 1192.8366301878493,
  "Blue Jays": 1807.1633698121507,
  "Royals": 1192.8366301878493,
  "Red Sox": 1807.1633698121507,
  "Cardinals": 1192.8366301878493,
  "Pirates": 1807.1633698121507,
  "Rays": 1200.440276558428,
  "Orioles": 1799.559723441572,
  "Twins": 1200.440276558428,
  "Astros": 1799.559723441572,
  "Cubs": 1200.440276558428,
  "Brewers": 1799.559723441572,
  "Rockies": 1200.440276558428,
  "Rangers": 1799.559723441572,
  "Angels": 1200.440276558428,
  "Athletics": 1799.559723441572,
  "Padres": 1200.440276558428,
  "Dodgers": 1799.559723441572,
  "D-backs": 1200.440276558428,
  "Giants": 1799.559723441572,
  "Mariners": 1200.440276558428,
  "White Sox": 1799.559723441572
}