{
  "Marlins": 1374.3485696304988,
  "Braves": 1928.7704743507777,
  "Tigers": 1065.6453048604772,
  "Guardians": 1621.8884419421408,
  "Phillies": 1303.432327058183,
  "Reds": 2004.9365469705863,
  "Nationals": 1070.9201533759797,
  "Mets": 1625.9608026427416,
  "Yankees": 1251.3204244473543,
  "Blue Jays": 2011.2909462011753,
  "Royals": 1106.9816219812253,
  "Red Sox": 2001.5091742782904,
  "Cardinals": 1085.9428192417524,
  "Pirates": 1807.4672050108513,
  "Rays": 1113.5750228106783,
  "Orioles": 1734.5009614567978,
  "Twins": 1261.0611632053374,
  "Astros": 1449.1659520730318,
  "Cubs": 1287.9362411335042,
  "Brewers": 2102.0129071768997,
  "Rockies": 1457.158293515962,
  "Rangers": 1303.9217296081558,
  "Angels": 1281.2890257055305,
  "Athletics": 1650.2116786338352,
  "Padres": 1303.129162369818,
  "Dodgers": 1900.3445077144277,
  "D-backs": 1289.7273506914887,
  "Giants": 1894.1277795737456,
  "Mariners": 899.7201663441753,
  "White Sox": 1811.7032459945701
}