{
  "Angels": 1353.7857813910168,
  "Astros": 1479.0045312274976,
  "Athletics": 1494.4715558367993,
  "Blue Jays": 1533.7289768672022,
  "Braves": 1513.4390834898295,
  "Brewers": 1524.936706651703,
  "Cardinals": 1450.7597152915132,
  "Cubs": 1514.7742289507014,
  "D-backs": 1512.084587366341,
  "Dodgers": 1632.411831801534,
  "Giants": 1518.5409170200892,
  "Guardians": 1578.633691972041,
  "Mariners": 1582.7041002372046,
  "Marlins": 1516.1830924699943,
  "Mets": 1470.516571287669,
  "Nationals": 1441.9920465573005,
  "Orioles": 1512.4935273105787,
  "Padres": 1514.0709256257223,
  "Phillies": 1586.4732255282916,
  "Pirates": 1513.8864781847528,
  "Rangers": 1471.3586182575152,
  "Rays": 1451.1948315227085,
  "Red Sox": 1565.8454202589935,
  "Reds": 1543.9144744265639,
  "Rockies": 1291.0374160960382,
  "Royals": 1504.1215314903225,
  "Tigers": 1422.0126407100772,
  "Twins": 1414.046899109553,
  "White Sox": 1435.847755929968,
  "Yankees": 1655.7288371304783
}