{
  "Angels": 1455.675874371496,
  "Astros": 1541.0337323779027,
  "Athletics": 1453.979535142477,
  "Blue Jays": 1544.9178955678958,
  "Braves": 1480.5932569451388,
  "Brewers": 1580.3711083982132,
  "Cardinals": 1460.2092743051574,
  "Cubs": 1514.4071385079924,
  "D-backs": 1467.6864821288618,
  "Dodgers": 1609.0716009543726,
  "Giants": 1472.611946878557,
  "Guardians": 1512.9405828623185,
  "Mariners": 1519.7742158380458,
  "Marlins": 1594.5304848742235,
  "Mets": 1469.1732547616245,
  "Nationals": 1466.3436380844566,
  "Orioles": 1504.9001520764575,
  "Padres": 1516.4883024949427,
  "Phillies": 1611.057392945236,
  "Pirates": 1477.1028972136676,
  "Rangers": 1473.4566001901353,
  "Rays": 1419.7446208291376,
  "Red Sox": 1463.5243624593115,
  "Reds": 1438.5252999655108,
  "Rockies": 1412.957405023302,
  "Royals": 1482.2268280999447,
  "Tigers": 1488.2249507885783,
  "Twins": 1447.0124755945772,
  "White Sox": 1499.9160343100307,
  "Yankees": 1621.5426560104338
}