{
  "Marlins": 1063.2623504006997,
  "Braves": 1936.7376495993003,
  "Tigers": 1064.7095993188552,
  "Guardians": 1935.2904006811448,
  "Phillies": 1062.5476151819007,
  "Reds": 1937.4523848180993,
  "Nationals": 1067.1762415969993,
  "Mets": 1932.8237584030007,
  "Yankees": 1067.1762415969993,
  "Blue Jays": 1932.8237584030007,
  "Royals": 1067.1762415969993,
  "Red Sox": 1932.8237584030007,
  "Cardinals": 1067.1762415969993,
  "Pirates": 1932.8237584030007,
  "Rays": 1245.829110158467,
  "Orioles": 1754.170889841533,
  "Twins": 1327.5076603171472,
  "Astros": 1672.4923396828528,
  "Cubs": 1068.9452618274736,
  "Brewers": 1931.0547381725264,
  "Rockies": 1543.4120692707984,
  "Rangers": 1456.5879307292016,
  "Angels": 1071.799551636026,
  "Athletics": 1928.200448363974,
  "Padres": 1068.9452618274736,
  "Dodgers": 1931.0547381725264,
  "D-backs": 1246.0649140940322,
  "Giants": 1753.9350859059678,
  "Mariners": 1066.4289129439221,
  "White Sox": 1933.5710870560779
}