{
  "Angels": 1443.6657813684633,
  "Astros": 1534.5996291037484,
  "Athletics": 1449.9134819132971,
  "Blue Jays": 1483.5262757781659,
  "Braves": 1463.720308079159,
  "Brewers": 1583.6298143709143,
  "Cardinals": 1462.4661302258605,
  "Cubs": 1590.9920298377597,
  "D-backs": 1456.8759642701598,
  "Dodgers": 1612.3192503064836,
  "Giants": 1449.7116446981688,
  "Guardians": 1513.5539733248597,
  "Mariners": 1516.6170234403057,
  "Marlins": 1586.2188431642749,
  "Mets": 1447.1055012829656,
  "Nationals": 1509.5346700089021,
  "Orioles": 1467.009668006422,
  "Padres": 1472.740481134263,
  "Phillies": 1616.1392085493753,
  "Pirates": 1475.4280622144424,
  "Rangers": 1556.7996694885712,
  "Rays": 1512.7263908881396,
  "Red Sox": 1512.9202343700372,
  "Reds": 1430.3317349281117,
  "Rockies": 1412.4555312947614,
  "Royals": 1429.2695757883164,
  "Tigers": 1520.2907757927412,
  "Twins": 1485.6390519619881,
  "White Sox": 1515.9204228542048,
  "Yankees": 1487.8788715551366
}