{
  "Marlins": 1635.9033743579537,
  "Braves": 2139.3955193059296,
  "Tigers": 841.6183043077184,
  "Guardians": 1351.9649140599195,
  "Phillies": 1630.6286397446397,
  "Reds": 2160.512020351369,
  "Nationals": 860.6007401296608,
  "Mets": 1364.1003662064568,
  "Yankees": 1460.0837605685615,
  "Blue Jays": 2115.6001662437866,
  "Royals": 1208.9649932882958,
  "Red Sox": 2038.3963540657658,
  "Cardinals": 1073.087155297949,
  "Pirates": 1672.9398153529203,
  "Rays": 1035.2369107097184,
  "Orioles": 1658.3283133634193,
  "Twins": 1025.230787337454,
  "Astros": 1292.2422439276168,
  "Cubs": 1615.3760333089356,
  "Brewers": 2357.804169319978,
  "Rockies": 1273.455257645139,
  "Rangers": 1050.237670203926,
  "Angels": 1230.2654966320795,
  "Athletics": 1526.5643851755635,
  "Padres": 1686.9911157996282,
  "Dodgers": 2019.0553278125985,
  "D-backs": 1299.0050281163951,
  "Giants": 2011.126200963704,
  "Mariners": 741.6226834898356,
  "White Sox": 1623.6622529130802
}