{
  "Marlins": 1105.4818869508326,
  "Braves": 1894.5181130491674,
  "Tigers": 1107.83806101544,
  "Guardians": 1892.16193898456,
  "Phillies": 1104.3271117820343,
  "Reds": 1895.6728882179657,
  "Nationals": 1111.9112889572325,
  "Mets": 1888.0887110427675,
  "Yankees": 1111.9112889572325,
  "Blue Jays": 1888.0887110427675,
  "Royals": 1111.9112889572325,
  "Red Sox": 1888.0887110427675,
  "Cardinals": 1111.9112889572325,
  "Pirates": 1888.0887110427675,
  "Rays": 1225.5679102301747,
  "Orioles": 1774.4320897698253,
  "Twins": 1318.0962892241212,
  "Astros": 1681.9037107758788,
  "Cubs": 1114.8793371066292,
  "Brewers": 1885.1206628933708,
  "Rockies": 1543.3994995290686,
  "Rangers": 1456.6005004709314,
  "Angels": 1119.7560134722755,
  "Athletics": 1880.2439865277245,
  "Padres": 1114.8793371066292,
  "Dodgers": 1885.1206628933708,
  "D-backs": 1227.8429195079864,
  "Giants": 1772.1570804920136,
  "Mariners": 1110.6693523229837,
  "White Sox": 1889.3306476770163
}