{
  "Marlins": 1761.908557039665,
  "Braves": 2329.999720160433,
  "Tigers": 644.0366855595076,
  "Guardians": 1216.8289677335183,
  "Phillies": 1737.7270781913585,
  "Reds": 2368.712719613928,
  "Nationals": 670.0002617029472,
  "Mets": 1238.0914610969562,
  "Yankees": 1609.6618314256634,
  "Blue Jays": 2252.72876965742,
  "Royals": 1266.0234414296024,
  "Red Sox": 2097.6592755199085,
  "Cardinals": 1000.1645417390781,
  "Pirates": 1609.0829692885297,
  "Rays": 990.8213912308132,
  "Orioles": 1570.2350455601843,
  "Twins": 890.7016541416705,
  "Astros": 1199.353115027486,
  "Cubs": 1783.3145902531662,
  "Brewers": 2740.1982125070945,
  "Rockies": 1029.024053681388,
  "Rangers": 815.2118680153284,
  "Angels": 1185.7506524275855,
  "Athletics": 1528.751707827845,
  "Padres": 1894.2297557412983,
  "Dodgers": 2262.7233860873057,
  "D-backs": 1242.976163729676,
  "Giants": 2015.750214421211,
  "Mariners": 589.0473625714272,
  "White Sox": 1459.2845466180095
}