{
  "Marlins": 1599.572004643146,
  "Braves": 2069.870639347056,
  "Tigers": 912.4656640405824,
  "Guardians": 1386.2727181770583,
  "Phillies": 1590.8959859578313,
  "Reds": 2098.2268343872856,
  "Nationals": 930.1130651403382,
  "Mets": 1400.4442908694564,
  "Yankees": 1414.586957445492,
  "Blue Jays": 2083.690698945247,
  "Royals": 1188.5904847357915,
  "Red Sox": 2025.512273707266,
  "Cardinals": 1088.9735633145403,
  "Pirates": 1694.554849840723,
  "Rays": 1045.8127252936708,
  "Orioles": 1684.5200025975691,
  "Twins": 1080.651584625975,
  "Astros": 1316.2514004218492,
  "Cubs": 1559.0839255362762,
  "Brewers": 2270.6337536806154,
  "Rockies": 1328.4052515375138,
  "Rangers": 1105.0134708030114,
  "Angels": 1252.6740029350447,
  "Athletics": 1528.1649557865642,
  "Padres": 1627.396280822885,
  "Dodgers": 1949.108521722707,
  "D-backs": 1321.5199022055103,
  "Giants": 1998.9853956319757,
  "Mariners": 782.3725758837331,
  "White Sox": 1665.6362199632765
}