{
  "Angels": 1395.462569012125,
  "Astros": 1512.8450338985413,
  "Athletics": 1502.524480440157,
  "Blue Jays": 1558.3213408861955,
  "Braves": 1531.9168691822545,
  "Brewers": 1538.5921389327616,
  "Cardinals": 1467.7967593614428,
  "Cubs": 1493.794374431985,
  "D-backs": 1462.2674242306766,
  "Dodgers": 1606.6112605070714,
  "Giants": 1477.596482359429,
  "Guardians": 1527.4103657730923,
  "Mariners": 1549.0335427658424,
  "Marlins": 1574.4401345483918,
  "Mets": 1527.5797348700073,
  "Nationals": 1473.1567319844648,
  "Orioles": 1498.8700576374933,
  "Padres": 1466.8519706824225,
  "Phillies": 1584.1245150845516,
  "Pirates": 1477.9475313949274,
  "Rangers": 1474.3957367243654,
  "Rays": 1425.4946328537346,
  "Red Sox": 1461.9644917696153,
  "Reds": 1426.3061144784147,
  "Rockies": 1384.413314603942,
  "Royals": 1491.1104742538848,
  "Tigers": 1459.574945324037,
  "Twins": 1462.2982477760252,
  "White Sox": 1519.792443487916,
  "Yankees": 1667.5062807442314
}