{
  "Marlins": 1098.0559333516828,
  "Braves": 1901.9440666483172,
  "Tigers": 1100.2184430561783,
  "Guardians": 1899.7815569438217,
  "Phillies": 1096.994360006714,
  "Reds": 1903.005639993286,
  "Nationals": 1103.9455403597997,
  "Mets": 1896.0544596402003,
  "Yankees": 1103.9455403597997,
  "Blue Jays": 1896.0544596402003,
  "Royals": 1103.9455403597997,
  "Red Sox": 1896.0544596402003,
  "Cardinals": 1103.9455403597997,
  "Pirates": 1896.0544596402003,
  "Rays": 1231.6848371341314,
  "Orioles": 1768.3151628658686,
  "Twins": 1322.6398831154688,
  "Astros": 1677.3601168845312,
  "Cubs": 1106.6520652597444,
  "Brewers": 1893.3479347402556,
  "Rockies": 1543.4099863993695,
  "Rangers": 1456.5900136006305,
  "Angels": 1111.081382125604,
  "Athletics": 1888.918617874396,
  "Padres": 1106.6520652597444,
  "Dodgers": 1893.3479347402556,
  "D-backs": 1233.3854450139568,
  "Giants": 1766.6145549860432,
  "Mariners": 1102.8106857961407,
  "White Sox": 1897.1893142038593
}