{
  "Marlins": 1132.4872493086636,
  "Braves": 1867.5127506913364,
  "Tigers": 1135.7065332599657,
  "Guardians": 1864.2934667400343,
  "Phillies": 1130.920693337962,
  "Reds": 1869.079306662038,
  "Nationals": 1141.3480574324408,
  "Mets": 1858.6519425675592,
  "Yankees": 1141.3480574324408,
  "Blue Jays": 1858.6519425675592,
  "Royals": 1141.3480574324408,
  "Red Sox": 1858.6519425675592,
  "Cardinals": 1141.3480574324408,
  "Pirates": 1858.6519425675592,
  "Rays": 1194.032705747816,
  "Orioles": 1805.967294252184,
  "Twins": 1271.2989382675266,
  "Astros": 1728.7010617324734,
  "Cubs": 1145.5235276210612,
  "Brewers": 1854.4764723789388,
  "Rockies": 1540.6505004938836,
  "Rangers": 1459.3494995061164,
  "Angels": 1152.512202279648,
  "Athletics": 1847.487797720352,
  "Padres": 1145.5235276210612,
  "Dodgers": 1854.4764723789388,
  "D-backs": 1198.7752976417369,
  "Giants": 1801.2247023582631,
  "Mariners": 1139.6173656396254,
  "White Sox": 1860.3826343603746
}