{
  "Angels": 1385.2273118068492,
  "Astros": 1512.8450338985413,
  "Athletics": 1512.7597376454328,
  "Blue Jays": 1572.4634239260158,
  "Braves": 1531.9168691822545,
  "Brewers": 1538.5921389327616,
  "Cardinals": 1467.7967593614428,
  "Cubs": 1479.6522913921647,
  "D-backs": 1477.1653507329388,
  "Dodgers": 1616.8193152771903,
  "Giants": 1477.596482359429,
  "Guardians": 1527.4103657730923,
  "Mariners": 1528.0860269065363,
  "Marlins": 1574.4401345483918,
  "Mets": 1527.5797348700073,
  "Nationals": 1473.1567319844648,
  "Orioles": 1488.6620028673744,
  "Padres": 1466.8519706824225,
  "Phillies": 1584.1245150845516,
  "Pirates": 1477.9475313949274,
  "Rangers": 1474.3957367243654,
  "Rays": 1425.4946328537346,
  "Red Sox": 1482.9120076289214,
  "Reds": 1452.5944501538333,
  "Rockies": 1384.413314603942,
  "Royals": 1491.1104742538848,
  "Tigers": 1477.2368075849554,
  "Twins": 1447.400321273763,
  "White Sox": 1502.1305812269975,
  "Yankees": 1641.2179450688127
}