{
  "Marlins": 1049.9730074464499,
  "Braves": 1950.0269925535501,
  "Tigers": 1051.2145637496853,
  "Guardians": 1948.7854362503147,
  "Phillies": 1049.3587871455481,
  "Reds": 1950.6412128544519,
  "Nationals": 1053.3238749905333,
  "Mets": 1946.6761250094667,
  "Yankees": 1053.3238749905333,
  "Blue Jays": 1946.6761250094667,
  "Royals": 1053.3238749905333,
  "Red Sox": 1946.6761250094667,
  "Cardinals": 1053.3238749905333,
  "Pirates": 1946.6761250094667,
  "Rays": 1247.2018673819343,
  "Orioles": 1752.7981326180657,
  "Twins": 1327.5855712860932,
  "Astros": 1672.4144287139068,
  "Cubs": 1054.8313026826463,
  "Brewers": 1945.1686973173537,
  "Rockies": 1543.4120693137272,
  "Rangers": 1456.5879306862728,
  "Angels": 1057.2539661200801,
  "Athletics": 1942.7460338799199,
  "Padres": 1054.8313026826463,
  "Dodgers": 1945.1686973173537,
  "D-backs": 1247.2847874499173,
  "Giants": 1752.7152125500827,
  "Mariners": 1052.685715063639,
  "White Sox": 1947.314284936361
}