{
  "Angels": 1438.7315286391058,
  "Astros": 1552.0971653368551,
  "Athletics": 1476.0901517138525,
  "Blue Jays": 1489.3002130071206,
  "Braves": 1497.0928668389213,
  "Brewers": 1592.972509520813,
  "Cardinals": 1449.1256231236289,
  "Cubs": 1516.8290965719734,
  "D-backs": 1451.4020552580166,
  "Dodgers": 1589.9536171922919,
  "Giants": 1450.9460661457895,
  "Guardians": 1495.3786461688549,
  "Mariners": 1520.4771333308524,
  "Marlins": 1605.614136055752,
  "Mets": 1467.410780689711,
  "Nationals": 1443.0117740701662,
  "Orioles": 1517.5776982056827,
  "Padres": 1535.6062862570234,
  "Phillies": 1608.450825715634,
  "Pirates": 1456.521052745606,
  "Rangers": 1529.0742827509105,
  "Rays": 1453.79400726429,
  "Red Sox": 1523.7647939028873,
  "Reds": 1475.9661636342294,
  "Rockies": 1399.606331987518,
  "Royals": 1439.056259701358,
  "Tigers": 1477.1615178296258,
  "Twins": 1460.3635486303613,
  "White Sox": 1525.3216431443102,
  "Yankees": 1561.302224566858
}