{
  "Marlins": 1068.1827229676828,
  "Braves": 1931.8172770323172,
  "Tigers": 1069.7145099079262,
  "Guardians": 1930.2854900920738,
  "Phillies": 1067.4267776811155,
  "Reds": 1932.5732223188845,
  "Nationals": 1072.3286738167503,
  "Mets": 1927.6713261832497,
  "Yankees": 1072.3286738167503,
  "Blue Jays": 1927.6713261832497,
  "Royals": 1072.3286738167503,
  "Red Sox": 1927.6713261832497,
  "Cardinals": 1072.3286738167503,
  "Pirates": 1927.6713261832497,
  "Rays": 1244.950041845004,
  "Orioles": 1755.049958154996,
  "Twins": 1327.4215782570154,
  "Astros": 1672.5784217429846,
  "Cubs": 1074.2062258069527,
  "Brewers": 1925.7937741930473,
  "Rockies": 1543.4120690536756,
  "Rangers": 1456.5879309463244,
  "Angels": 1077.2405880457668,
  "Athletics": 1922.7594119542332,
  "Padres": 1074.2062258069527,
  "Dodgers": 1925.7937741930473,
  "D-backs": 1245.2827189015004,
  "Giants": 1754.7172810984996,
  "Mariners": 1071.5361862892635,
  "White Sox": 1928.4638137107365
}