{
  "Angels": 1420.213964796613,
  "Astros": 1482.093594027285,
  "Athletics": 1509.813052105965,
  "Blue Jays": 1550.6484376910253,
  "Braves": 1535.2305403522573,
  "Brewers": 1560.7581026039907,
  "Cardinals": 1519.4153896380699,
  "Cubs": 1463.2034677719212,
  "D-backs": 1448.6646851664343,
  "Dodgers": 1599.2262075197987,
  "Giants": 1469.1588145372605,
  "Guardians": 1539.1306401405184,
  "Mariners": 1555.0481649260084,
  "Marlins": 1541.9826918365065,
  "Mets": 1491.0223103856026,
  "Nationals": 1512.3278391823512,
  "Orioles": 1492.8554354773273,
  "Padres": 1463.2473946609828,
  "Phillies": 1626.4199111586613,
  "Pirates": 1480.4741773973635,
  "Rangers": 1476.9879140546707,
  "Rays": 1414.088091706311,
  "Red Sox": 1489.2466502776026,
  "Reds": 1447.451382021384,
  "Rockies": 1374.4310915626988,
  "Royals": 1438.7400487053565,
  "Tigers": 1453.7817667959343,
  "Twins": 1443.6829286758712,
  "White Sox": 1523.53533832462,
  "Yankees": 1677.1199664996077
}