{
  "Marlins": 1361.9978446823777,
  "Braves": 1638.0021553176223,
  "Tigers": 1408.0751099580286,
  "Guardians": 1591.9248900419714,
  "Phillies": 1408.0751099580286,
  "Reds": 1591.9248900419714,
  "Nationals": 1408.0751099580286,
  "Mets": 1591.9248900419714,
  "Yankees": 1408.0751099580286,
  "Blue Jays": 1591.9248900419714,
  "Royals": 1408.0751099580286,
  "Red Sox": 1591.9248900419714,
  "Cardinals": 1408.0751099580286,
  "Pirates": 1591.9248900419714
}