{
  "Marlins": 1196.0164563931942,
  "Braves": 1803.9835436068058,
  "Tigers": 1202.7370214474506,
  "Guardians": 1797.2629785525494,
  "Phillies": 1202.7370214474506,
  "Reds": 1797.2629785525494,
  "Nationals": 1202.7370214474506,
  "Mets": 1797.2629785525494,
  "Yankees": 1202.7370214474506,
  "Blue Jays": 1797.2629785525494,
  "Royals": 1202.7370214474506,
  "Red Sox": 1797.2629785525494,
  "Cardinals": 1202.7370214474506,
  "Pirates": 1797.2629785525494,
  "Rays": 1211.2734753152877,
  "Orioles": 1788.7265246847123,
  "Twins": 1211.2734753152877,
  "Astros": 1788.7265246847123,
  "Cubs": 1211.2734753152877,
  "Brewers": 1788.7265246847123,
  "Rockies": 1211.2734753152877,
  "Rangers": 1788.7265246847123,
  "Angels": 1211.2734753152877,
  "Athletics": 1788.7265246847123,
  "Padres": 1211.2734753152877,
  "Dodgers": 1788.7265246847123,
  "D-backs": 1211.2734753152877,
  "Giants": 1788.7265246847123,
  "Mariners": 1211.2734753152877,
  "White Sox": 1788.7265246847123
}