{
  "Marlins": 1007.1596876246385,
  "Braves": 1992.8403123753608,
  "Tigers": 1002.865555935058,
  "Guardians": 1997.134444064941,
  "Phillies": 1015.8823614185428,
  "Reds": 1984.1176385814567,
  "Nationals": 1006.5331309272987,
  "Mets": 1993.4668690727005,
  "Yankees": 1009.1954909776804,
  "Blue Jays": 1990.8045090223186,
  "Royals": 1018.5642196454033,
  "Red Sox": 1981.4357803545965,
  "Cardinals": 1004.0710087315472,
  "Pirates": 1995.928991268452,
  "Rays": 1247.9174011456516,
  "Orioles": 1752.0825988543484,
  "Twins": 1327.5975246028831,
  "Astros": 1672.4024753971169,
  "Cubs": 1019.5734472114209,
  "Brewers": 1980.426552788579,
  "Rockies": 1543.4120693139234,
  "Rangers": 1456.5879306860766,
  "Angels": 1017.7083701823059,
  "Athletics": 1982.2916298176938,
  "Padres": 1019.5734472114209,
  "Dodgers": 1980.426552788579,
  "D-backs": 1247.9198502573888,
  "Giants": 1752.0801497426112,
  "Mariners": 1018.1352446370668,
  "White Sox": 1981.864755362933
}