{
  "Marlins": 1576.263067718346,
  "Braves": 2026.9844304421324,
  "Tigers": 957.7065344026312,
  "Guardians": 1407.255691976366,
  "Phillies": 1558.4411810137403,
  "Reds": 2066.1745829969195,
  "Nationals": 972.9785847668744,
  "Mets": 1423.7739170726456,
  "Yankees": 1385.694524963324,
  "Blue Jays": 2066.6565688227843,
  "Royals": 1174.5613536782016,
  "Red Sox": 2019.1955701299478,
  "Cardinals": 1094.944774430585,
  "Pirates": 1710.7453476295186,
  "Rays": 1054.2551171642533,
  "Orioles": 1698.1256765998742,
  "Twins": 1119.386911665006,
  "Astros": 1329.7139798360906,
  "Cubs": 1519.2592676819472,
  "Brewers": 2226.853332462973,
  "Rockies": 1347.537259567651,
  "Rangers": 1142.5648272225915,
  "Angels": 1275.5628563420057,
  "Athletics": 1527.155662221751,
  "Padres": 1585.966758861089,
  "Dodgers": 1914.1981207371364,
  "D-backs": 1335.125535641999,
  "Giants": 1985.3486547230452,
  "Mariners": 806.235084069764,
  "White Sox": 1691.3348251587972
}