{
  "Angels": 1353.7857813910168,
  "Astros": 1495.515015721428,
  "Athletics": 1505.339335509281,
  "Blue Jays": 1565.7289768672022,
  "Braves": 1545.4390834898295,
  "Brewers": 1508.4262221577726,
  "Cardinals": 1468.5943471659646,
  "Cubs": 1496.93959707625,
  "D-backs": 1512.084587366341,
  "Dodgers": 1632.411831801534,
  "Giants": 1510.4161232201895,
  "Guardians": 1610.633691972041,
  "Mariners": 1582.7041002372046,
  "Marlins": 1516.1830924699943,
  "Mets": 1470.516571287669,
  "Nationals": 1409.9920465573005,
  "Orioles": 1480.4935273105787,
  "Padres": 1546.0709256257223,
  "Phillies": 1586.4732255282916,
  "Pirates": 1513.8864781847528,
  "Rangers": 1471.3586182575152,
  "Rays": 1451.1948315227085,
  "Red Sox": 1533.8454202589935,
  "Reds": 1511.9144744265639,
  "Rockies": 1299.1622098959378,
  "Royals": 1504.1215314903225,
  "Tigers": 1422.0126407100772,
  "Twins": 1414.046899109553,
  "White Sox": 1435.847755929968,
  "Yankees": 1644.8610574579966
}