{
  "Angels": 1356.751855180605,
  "Astros": 1511.262785278824,
  "Athletics": 1493.816077134722,
  "Blue Jays": 1554.5223740237905,
  "Braves": 1590.5657156670377,
  "Brewers": 1554.4610504130756,
  "Cardinals": 1521.0331406649273,
  "Cubs": 1486.5909728128322,
  "D-backs": 1462.363044169576,
  "Dodgers": 1615.427328850516,
  "Giants": 1491.6180207494785,
  "Guardians": 1543.066608826447,
  "Mariners": 1608.041282381081,
  "Marlins": 1537.5594549542707,
  "Mets": 1513.52560169944,
  "Nationals": 1453.4615855514282,
  "Orioles": 1497.2346826745554,
  "Padres": 1467.4069188549365,
  "Phillies": 1611.050786717897,
  "Pirates": 1472.288761882732,
  "Rangers": 1515.2550004264906,
  "Rays": 1426.3937174031307,
  "Red Sox": 1509.5769462510025,
  "Reds": 1419.334080010741,
  "Rockies": 1322.105717140636,
  "Royals": 1500.146390274193,
  "Tigers": 1474.386139142719,
  "Twins": 1370.190018427698,
  "White Sox": 1469.8981667061921,
  "Yankees": 1650.6657757290247
}