{
  "Marlins": 1246.8832085761148,
  "Braves": 1753.1167914238852,
  "Tigers": 1259.0287643107613,
  "Guardians": 1740.9712356892387,
  "Phillies": 1259.0287643107613,
  "Reds": 1740.9712356892387,
  "Nationals": 1259.0287643107613,
  "Mets": 1740.9712356892387,
  "Yankees": 1259.0287643107613,
  "Blue Jays": 1740.9712356892387,
  "Royals": 1259.0287643107613,
  "Red Sox": 1740.9712356892387,
  "Cardinals": 1259.0287643107613,
  "Pirates": 1740.9712356892387,
  "Rays": 1275.5748723201064,
  "Orioles": 1724.4251276798936,
  "Twins": 1275.5748723201064,
  "Astros": 1724.4251276798936,
  "Cubs": 1275.5748723201064,
  "Brewers": 1724.4251276798936,
  "Rockies": 1275.5748723201064,
  "Rangers": 1724.4251276798936,
  "Angels": 1275.5748723201064,
  "Athletics": 1724.4251276798936,
  "Padres": 1275.5748723201064,
  "Dodgers": 1724.4251276798936,
  "D-backs": 1275.5748723201064,
  "Giants": 1724.4251276798936,
  "Mariners": 1275.5748723201064,
  "White Sox": 1724.4251276798936
}