{
  "Marlins": 1031.5219561221581,
  "Braves": 1968.4780438778419,
  "Tigers": 1032.525554102741,
  "Guardians": 1967.474445897259,
  "Phillies": 1031.0244541412296,
  "Reds": 1968.9755458587704,
  "Nationals": 1034.22430943172,
  "Mets": 1965.77569056828,
  "Yankees": 1034.22430943172,
  "Blue Jays": 1965.77569056828,
  "Royals": 1034.22430943172,
  "Red Sox": 1965.77569056828,
  "Cardinals": 1034.22430943172,
  "Pirates": 1965.77569056828,
  "Rays": 1247.8124449741983,
  "Orioles": 1752.1875550258017,
  "Twins": 1327.59712371369,
  "Astros": 1672.40287628631,
  "Cubs": 1035.4334315103451,
  "Brewers": 1964.5665684896549,
  "Rockies": 1543.4120693139234,
  "Rangers": 1456.5879306860766,
  "Angels": 1037.3679976152002,
  "Athletics": 1962.6320023847998,
  "Padres": 1035.4334315103451,
  "Dodgers": 1964.5665684896549,
  "D-backs": 1247.826731451828,
  "Giants": 1752.173268548172,
  "Mariners": 1033.7112005196313,
  "White Sox": 1966.2887994803687
}