{
  "Angels": 1438.7315286391058,
  "Astros": 1537.0563793484584,
  "Athletics": 1476.0901517138525,
  "Blue Jays": 1506.1224506233257,
  "Braves": 1497.0928668389213,
  "Brewers": 1592.972509520813,
  "Cardinals": 1449.1256231236289,
  "Cubs": 1516.8290965719734,
  "D-backs": 1451.4020552580166,
  "Dodgers": 1589.9536171922919,
  "Giants": 1450.9460661457895,
  "Guardians": 1495.3786461688549,
  "Mariners": 1520.4771333308524,
  "Marlins": 1605.614136055752,
  "Mets": 1444.4089335187202,
  "Nationals": 1443.0117740701662,
  "Orioles": 1517.5776982056827,
  "Padres": 1535.6062862570234,
  "Phillies": 1631.4526728866247,
  "Pirates": 1474.366163588501,
  "Rangers": 1512.2520451347054,
  "Rays": 1453.79400726429,
  "Red Sox": 1505.4724670821738,
  "Reds": 1458.1210527913345,
  "Rockies": 1399.606331987518,
  "Royals": 1451.1734181175711,
  "Tigers": 1492.2023038180225,
  "Twins": 1460.3635486303613,
  "White Sox": 1513.204484728097,
  "Yankees": 1579.5945513875715
}