{
  "Marlins": 1034.9131830781537,
  "Braves": 1965.0868169218463,
  "Tigers": 1035.9568007844998,
  "Guardians": 1964.0431992155002,
  "Phillies": 1034.396018570913,
  "Reds": 1965.603981429087,
  "Nationals": 1037.7243921322156,
  "Mets": 1962.2756078677844,
  "Yankees": 1037.7243921322156,
  "Blue Jays": 1962.2756078677844,
  "Royals": 1037.7243921322156,
  "Red Sox": 1962.2756078677844,
  "Cardinals": 1037.7243921322156,
  "Pirates": 1962.2756078677844,
  "Rays": 1247.758890658187,
  "Orioles": 1752.241109341813,
  "Twins": 1327.5967256293688,
  "Astros": 1672.4032743706312,
  "Cubs": 1038.9833625270612,
  "Brewers": 1961.0166374729388,
  "Rockies": 1543.4120693139234,
  "Rangers": 1456.5879306860766,
  "Angels": 1040.9991895449946,
  "Athletics": 1959.0008104550054,
  "Padres": 1038.9833625270612,
  "Dodgers": 1961.0166374729388,
  "D-backs": 1247.7792127305718,
  "Giants": 1752.2207872694282,
  "Mariners": 1037.1903447578115,
  "White Sox": 1962.8096552421885
}