{
  "Marlins": 1084.860934669045,
  "Braves": 1915.139065330955,
  "Tigers": 1086.7178545820263,
  "Guardians": 1913.2821454179737,
  "Phillies": 1083.9470386495618,
  "Reds": 1916.0529613504382,
  "Nationals": 1089.9030044719714,
  "Mets": 1910.0969955280286,
  "Yankees": 1089.9030044719714,
  "Blue Jays": 1910.0969955280286,
  "Royals": 1089.9030044719714,
  "Red Sox": 1910.0969955280286,
  "Cardinals": 1089.9030044719714,
  "Pirates": 1910.0969955280286,
  "Rays": 1239.5657037955218,
  "Orioles": 1760.4342962044782,
  "Twins": 1326.2826383861209,
  "Astros": 1673.7173616138791,
  "Cubs": 1092.203599849111,
  "Brewers": 1907.796400150889,
  "Rockies": 1543.4120121189567,
  "Rangers": 1456.5879878810433,
  "Angels": 1095.9454904550678,
  "Athletics": 1904.0545095449322,
  "Padres": 1092.203599849111,
  "Dodgers": 1907.796400150889,
  "D-backs": 1240.4745291881836,
  "Giants": 1759.5254708118164,
  "Mariners": 1088.9352370199647,
  "White Sox": 1911.0647629800353
}