{
  "Angels": 1360.332334278215,
  "Astros": 1510.8625635308836,
  "Athletics": 1489.9917876998254,
  "Blue Jays": 1531.5784788459073,
  "Braves": 1542.019072731688,
  "Brewers": 1516.6206494114065,
  "Cardinals": 1469.2398303587013,
  "Cubs": 1497.471182276314,
  "D-backs": 1491.012782979853,
  "Dodgers": 1637.458757178147,
  "Giants": 1527.719169894577,
  "Guardians": 1576.7158010340436,
  "Mariners": 1561.3472259449165,
  "Marlins": 1513.589975149374,
  "Mets": 1472.5674957300394,
  "Nationals": 1443.0950854455045,
  "Orioles": 1514.6440253318735,
  "Padres": 1513.2951287043252,
  "Phillies": 1594.4911635919557,
  "Pirates": 1488.6879014219835,
  "Rangers": 1474.6511187470173,
  "Rays": 1460.8881085568285,
  "Red Sox": 1567.8321485340443,
  "Reds": 1510.5722704987254,
  "Rockies": 1290.967782642304,
  "Royals": 1502.8789085247668,
  "Tigers": 1459.0735746581206,
  "Twins": 1444.8252643748679,
  "White Sox": 1412.1257582105484,
  "Yankees": 1623.444653713243
}