{
  "Marlins": 1091.210222740917,
  "Braves": 1908.789777259083,
  "Tigers": 1093.208370354507,
  "Guardians": 1906.791629645493,
  "Phillies": 1090.2279846100982,
  "Reds": 1909.7720153899018,
  "Nationals": 1096.6433402816585,
  "Mets": 1903.3566597183415,
  "Yankees": 1096.6433402816585,
  "Blue Jays": 1903.3566597183415,
  "Royals": 1096.6433402816585,
  "Red Sox": 1903.3566597183415,
  "Cardinals": 1096.6433402816585,
  "Pirates": 1903.3566597183415,
  "Rays": 1236.2334028861374,
  "Orioles": 1763.7665971138626,
  "Twins": 1325.0373268212345,
  "Astros": 1674.9626731787655,
  "Cubs": 1099.1305205352749,
  "Brewers": 1900.8694794647251,
  "Rockies": 1543.4117241585282,
  "Rangers": 1456.5882758414718,
  "Angels": 1103.1873414616018,
  "Athletics": 1896.8126585383982,
  "Padres": 1099.1305205352749,
  "Dodgers": 1900.8694794647251,
  "D-backs": 1237.484326428193,
  "Giants": 1762.515673571807,
  "Mariners": 1095.5986383305565,
  "White Sox": 1904.4013616694435
}