{
  "Marlins": 1654.4810655050667,
  "Braves": 2168.264722372125,
  "Tigers": 812.4516437460189,
  "Guardians": 1333.3659476864907,
  "Phillies": 1647.968221183751,
  "Reds": 2189.2486182786706,
  "Nationals": 831.7333712095124,
  "Mets": 1345.5208409132983,
  "Yankees": 1480.7509029696155,
  "Blue Jays": 2132.3423902800732,
  "Royals": 1218.0667367894705,
  "Red Sox": 2044.971042603434,
  "Cardinals": 1064.4945647263642,
  "Pirates": 1663.4430853387223,
  "Rays": 1029.629621323235,
  "Orioles": 1646.305004467061,
  "Twins": 1003.8467054244951,
  "Astros": 1278.8197536784605,
  "Cubs": 1639.9914949811327,
  "Brewers": 2403.167535759625,
  "Rockies": 1240.5353012504963,
  "Rangers": 1018.312594951218,
  "Angels": 1226.0695136566849,
  "Athletics": 1523.1769735276243,
  "Padres": 1716.9966897772956,
  "Dodgers": 2049.4606751970878,
  "D-backs": 1295.973096395756,
  "Giants": 2015.3432107073997,
  "Mariners": 722.1325903885582,
  "White Sox": 1603.136084911255
}