{
  "Angels": 1400.0391637162109,
  "Astros": 1467.1223159738365,
  "Athletics": 1530.0295150366503,
  "Blue Jays": 1534.9224058105253,
  "Braves": 1535.2305403522573,
  "Brewers": 1545.4488621027356,
  "Cardinals": 1505.8379634844878,
  "Cubs": 1486.0325613845503,
  "D-backs": 1468.8394862468365,
  "Dodgers": 1591.310832825037,
  "Giants": 1469.1588145372605,
  "Guardians": 1554.4398806417735,
  "Mariners": 1541.7676552071594,
  "Marlins": 1554.1867336808841,
  "Mets": 1509.6128366929236,
  "Nationals": 1499.602991724945,
  "Orioles": 1506.1359451961764,
  "Padres": 1476.8248208145649,
  "Phillies": 1614.2158693142837,
  "Pirates": 1460.2577144666782,
  "Rangers": 1497.3895944067172,
  "Rays": 1422.0034664010725,
  "Red Sox": 1504.9726821581025,
  "Reds": 1428.860855714063,
  "Rockies": 1351.6019979500697,
  "Royals": 1451.4648961627627,
  "Tigers": 1468.7530448493828,
  "Twins": 1423.2812483238247,
  "White Sox": 1532.6732001037574,
  "Yankees": 1667.9821047204703
}