{
  "Angels": 1443.6657813684633,
  "Astros": 1555.7184831509203,
  "Athletics": 1426.0795291755574,
  "Blue Jays": 1468.9635978921194,
  "Braves": 1447.3781937464485,
  "Brewers": 1574.4803038397204,
  "Cardinals": 1478.808244558571,
  "Cubs": 1590.9920298377597,
  "D-backs": 1456.8759642701598,
  "Dodgers": 1636.1532030442233,
  "Giants": 1449.7116446981688,
  "Guardians": 1513.5539733248597,
  "Mariners": 1516.6170234403057,
  "Marlins": 1610.47244298714,
  "Mets": 1461.668179169012,
  "Nationals": 1509.5346700089021,
  "Orioles": 1467.009668006422,
  "Padres": 1472.740481134263,
  "Phillies": 1606.4686293121504,
  "Pirates": 1485.0986414516674,
  "Rangers": 1556.7996694885712,
  "Rays": 1498.1152373845428,
  "Red Sox": 1512.9202343700372,
  "Reds": 1439.4812454593057,
  "Rockies": 1388.2019314718962,
  "Royals": 1443.8807292919132,
  "Tigers": 1520.2907757927412,
  "Twins": 1464.5201979148162,
  "White Sox": 1515.9204228542048,
  "Yankees": 1487.8788715551366
}