{
  "Marlins": 1122.534681123741,
  "Braves": 1877.465318876259,
  "Tigers": 1125.4040412857094,
  "Guardians": 1874.5959587142906,
  "Phillies": 1121.134368286481,
  "Reds": 1878.865631713519,
  "Nationals": 1130.4046422877473,
  "Mets": 1869.5953577122527,
  "Yankees": 1130.4046422877473,
  "Blue Jays": 1869.5953577122527,
  "Royals": 1130.4046422877473,
  "Red Sox": 1869.5953577122527,
  "Cardinals": 1130.4046422877473,
  "Pirates": 1869.5953577122527,
  "Rays": 1207.089775596596,
  "Orioles": 1792.910224403404,
  "Twins": 1295.0684041217203,
  "Astros": 1704.9315958782797,
  "Cubs": 1134.0821827722614,
  "Brewers": 1865.9178172277386,
  "Rockies": 1542.9543272235928,
  "Rangers": 1457.0456727764072,
  "Angels": 1140.1904962467645,
  "Athletics": 1859.8095037532355,
  "Padres": 1134.0821827722614,
  "Dodgers": 1865.9178172277386,
  "D-backs": 1210.9042737829475,
  "Giants": 1789.0957262170525,
  "Mariners": 1128.8743985626757,
  "White Sox": 1871.1256014373243
}