{
  "Angels": 1353.705453778051,
  "Astros": 1510.6771140830438,
  "Athletics": 1505.339335509281,
  "Blue Jays": 1551.2072446098848,
  "Braves": 1514.2311766884118,
  "Brewers": 1508.4262221577726,
  "Cardinals": 1450.7597152915132,
  "Cubs": 1531.3096826452322,
  "D-backs": 1512.084587366341,
  "Dodgers": 1632.411831801534,
  "Giants": 1510.4161232201895,
  "Guardians": 1598.0633674417438,
  "Mariners": 1582.7041002372046,
  "Marlins": 1534.8767304473051,
  "Mets": 1470.255239294499,
  "Nationals": 1422.0232810590164,
  "Orioles": 1507.4204997764205,
  "Padres": 1519.3461883172067,
  "Phillies": 1601.1667283350912,
  "Pirates": 1485.870348108661,
  "Rangers": 1438.1414539777013,
  "Rays": 1427.1961130503728,
  "Red Sox": 1560.4857404513589,
  "Reds": 1510.6200795817726,
  "Rockies": 1299.1622098959378,
  "Royals": 1510.6027896431694,
  "Tigers": 1449.3905062426097,
  "Twins": 1410.384060042767,
  "White Sox": 1435.2872117225595,
  "Yankees": 1656.4348652233477
}