{
  "Marlins": 1042.1186784413198,
  "Braves": 1957.8813215586802,
  "Tigers": 1043.2527135178434,
  "Guardians": 1956.7472864821566,
  "Phillies": 1041.5571390247137,
  "Reds": 1958.4428609752863,
  "Nationals": 1045.176141330827,
  "Mets": 1954.823858669173,
  "Yankees": 1045.176141330827,
  "Blue Jays": 1954.823858669173,
  "Royals": 1045.176141330827,
  "Red Sox": 1954.823858669173,
  "Cardinals": 1045.176141330827,
  "Pirates": 1954.823858669173,
  "Rays": 1247.5744239066257,
  "Orioles": 1752.4255760933743,
  "Twins": 1327.5944189718255,
  "Astros": 1672.4055810281745,
  "Cubs": 1046.5482108964907,
  "Brewers": 1953.4517891035093,
  "Rockies": 1543.4120693139182,
  "Rangers": 1456.5879306860818,
  "Angels": 1048.7488574727543,
  "Athletics": 1951.2511425272457,
  "Padres": 1046.5482108964907,
  "Dodgers": 1953.4517891035093,
  "D-backs": 1247.615512362975,
  "Giants": 1752.384487637025,
  "Mariners": 1044.5946497163338,
  "White Sox": 1955.4053502836662
}