{
  "Angels": 1443.6657813684633,
  "Astros": 1555.7184831509203,
  "Athletics": 1426.0795291755574,
  "Blue Jays": 1468.9635978921194,
  "Braves": 1447.3781937464485,
  "Brewers": 1574.4803038397204,
  "Cardinals": 1478.808244558571,
  "Cubs": 1580.3479198482378,
  "D-backs": 1456.8759642701598,
  "Dodgers": 1636.1532030442233,
  "Giants": 1449.7116446981688,
  "Guardians": 1494.9794718002884,
  "Mariners": 1516.6170234403057,
  "Marlins": 1610.47244298714,
  "Mets": 1461.668179169012,
  "Nationals": 1490.5609415624058,
  "Orioles": 1448.1569013647963,
  "Padres": 1483.384591123785,
  "Phillies": 1606.4686293121504,
  "Pirates": 1485.0986414516674,
  "Rangers": 1575.3741710131426,
  "Rays": 1498.1152373845428,
  "Red Sox": 1531.8939628165335,
  "Reds": 1439.4812454593057,
  "Rockies": 1388.2019314718962,
  "Royals": 1443.8807292919132,
  "Tigers": 1503.096754376483,
  "Twins": 1464.5201979148162,
  "White Sox": 1534.7731894958306,
  "Yankees": 1505.0728929713948
}