{
  "Angels": 1406.6112257323707,
  "Astros": 1495.7025861434706,
  "Athletics": 1509.813052105965,
  "Blue Jays": 1550.6484376910253,
  "Braves": 1515.17307889867,
  "Brewers": 1560.7581026039907,
  "Cardinals": 1499.7876718467814,
  "Cubs": 1463.2034677719212,
  "D-backs": 1462.2674242306766,
  "Dodgers": 1606.6112605070714,
  "Giants": 1489.2162759908479,
  "Guardians": 1539.1306401405184,
  "Mariners": 1555.0481649260084,
  "Marlins": 1562.820340916973,
  "Mets": 1506.121987876364,
  "Nationals": 1491.9483261191613,
  "Orioles": 1492.8554354773273,
  "Padres": 1482.8751124522712,
  "Phillies": 1605.5822620781948,
  "Pirates": 1480.4741773973635,
  "Rangers": 1476.9879140546707,
  "Rays": 1406.7030387190382,
  "Red Sox": 1489.2466502776026,
  "Reds": 1432.3517045306226,
  "Rockies": 1374.4310915626988,
  "Royals": 1459.1195617685462,
  "Tigers": 1440.1727746797487,
  "Twins": 1443.6829286758712,
  "White Sox": 1523.53533832462,
  "Yankees": 1677.1199664996077
}