{
  "Angels": 1406.6112257323707,
  "Astros": 1495.7025861434706,
  "Athletics": 1491.3758237199113,
  "Blue Jays": 1564.9326445716117,
  "Braves": 1515.17307889867,
  "Brewers": 1574.6688772123505,
  "Cardinals": 1499.7876718467814,
  "Cubs": 1474.185119119168,
  "D-backs": 1462.2674242306766,
  "Dodgers": 1606.6112605070714,
  "Giants": 1489.2162759908479,
  "Guardians": 1525.2198655321586,
  "Mariners": 1535.1583177301088,
  "Marlins": 1562.820340916973,
  "Mets": 1506.121987876364,
  "Nationals": 1491.9483261191613,
  "Orioles": 1512.745282673227,
  "Padres": 1482.8751124522712,
  "Phillies": 1605.5822620781948,
  "Pirates": 1498.9114057834172,
  "Rangers": 1476.9879140546707,
  "Rays": 1406.7030387190382,
  "Red Sox": 1474.9624433970162,
  "Reds": 1432.3517045306226,
  "Rockies": 1363.4494402154521,
  "Royals": 1459.1195617685462,
  "Tigers": 1440.1727746797487,
  "Twins": 1443.6829286758712,
  "White Sox": 1515.068536687791,
  "Yankees": 1685.5867681364366
}