{
  "Marlins": 1728.3930479052544,
  "Braves": 2280.6376279439746,
  "Tigers": 696.9278033089536,
  "Guardians": 1254.6488974711237,
  "Phillies": 1711.2422806522586,
  "Reds": 2310.766735045748,
  "Nationals": 719.3622799912301,
  "Mets": 1271.607044159544,
  "Yankees": 1567.5558890282991,
  "Blue Jays": 2211.5872019451176,
  "Royals": 1252.4236142031234,
  "Red Sox": 2078.202576772947,
  "Cardinals": 1022.288355098583,
  "Pirates": 1626.168132142567,
  "Rays": 1003.8446106898401,
  "Orioles": 1594.9700946175114,
  "Twins": 924.380760993667,
  "Astros": 1224.1177899948414,
  "Cubs": 1737.8421422949698,
  "Brewers": 2621.9814568930324,
  "Rockies": 1099.0670503880644,
  "Rangers": 879.4769581955204,
  "Angels": 1200.1466871547573,
  "Athletics": 1523.9894101280117,
  "Padres": 1838.0172307217722,
  "Dodgers": 2188.34205521172,
  "D-backs": 1266.1443709082344,
  "Giants": 2021.8303040637627,
  "Mariners": 634.6767083145481,
  "White Sox": 1509.3608837610232
}