{
  "Angels": 1385.2273118068492,
  "Astros": 1496.4106581395695,
  "Athletics": 1512.7597376454328,
  "Blue Jays": 1572.4634239260158,
  "Braves": 1547.1196964775802,
  "Brewers": 1523.3893116374359,
  "Cardinals": 1467.7967593614428,
  "Cubs": 1479.6522913921647,
  "D-backs": 1477.1653507329388,
  "Dodgers": 1616.8193152771903,
  "Giants": 1466.9474780560229,
  "Guardians": 1543.844741532064,
  "Mariners": 1528.0860269065363,
  "Marlins": 1585.089138851798,
  "Mets": 1515.223908206524,
  "Nationals": 1488.068733680714,
  "Orioles": 1488.6620028673744,
  "Padres": 1484.3006365887286,
  "Phillies": 1596.480341748035,
  "Pirates": 1477.9475313949274,
  "Rangers": 1456.9470708180593,
  "Rays": 1410.5826311574854,
  "Red Sox": 1482.9120076289214,
  "Reds": 1452.5944501538333,
  "Rockies": 1384.413314603942,
  "Royals": 1491.1104742538848,
  "Tigers": 1477.2368075849554,
  "Twins": 1447.400321273763,
  "White Sox": 1502.1305812269975,
  "Yankees": 1641.2179450688127
}