{
  "Angels": 1353.7857813910168,
  "Astros": 1479.0045312274976,
  "Athletics": 1494.4715558367993,
  "Blue Jays": 1565.7289768672022,
  "Braves": 1545.4390834898295,
  "Brewers": 1524.936706651703,
  "Cardinals": 1468.5943471659646,
  "Cubs": 1496.93959707625,
  "D-backs": 1500.33735434337,
  "Dodgers": 1645.2338499566088,
  "Giants": 1486.5409170200892,
  "Guardians": 1610.633691972041,
  "Mariners": 1594.4513332601757,
  "Marlins": 1516.1830924699943,
  "Mets": 1470.516571287669,
  "Nationals": 1409.9920465573005,
  "Orioles": 1480.4935273105787,
  "Padres": 1546.0709256257223,
  "Phillies": 1573.6512073732167,
  "Pirates": 1513.8864781847528,
  "Rangers": 1471.3586182575152,
  "Rays": 1451.1948315227085,
  "Red Sox": 1533.8454202589935,
  "Reds": 1511.9144744265639,
  "Rockies": 1323.0374160960382,
  "Royals": 1504.1215314903225,
  "Tigers": 1422.0126407100772,
  "Twins": 1414.046899109553,
  "White Sox": 1435.847755929968,
  "Yankees": 1655.7288371304783
}