{
  "Marlins": 1073.3966201855665,
  "Braves": 1926.6033798144335,
  "Tigers": 1075.023395439222,
  "Guardians": 1924.976604560778,
  "Phillies": 1072.5944403030603,
  "Reds": 1927.4055596969397,
  "Nationals": 1077.8037789926138,
  "Mets": 1922.1962210073862,
  "Yankees": 1077.8037789926138,
  "Blue Jays": 1922.1962210073862,
  "Royals": 1077.8037789926138,
  "Red Sox": 1922.1962210073862,
  "Cardinals": 1077.8037789926138,
  "Pirates": 1922.1962210073862,
  "Rays": 1243.712813565767,
  "Orioles": 1756.287186434233,
  "Twins": 1327.2531836460025,
  "Astros": 1672.7468163539975,
  "Cubs": 1079.8039952342197,
  "Brewers": 1920.1960047657803,
  "Rockies": 1543.4120677434012,
  "Rangers": 1456.5879322565988,
  "Angels": 1083.0425852286705,
  "Athletics": 1916.9574147713295,
  "Padres": 1079.8039952342197,
  "Dodgers": 1920.1960047657803,
  "D-backs": 1244.1804836507922,
  "Giants": 1755.8195163492078,
  "Mariners": 1076.9603463132773,
  "White Sox": 1923.0396536867227
}