{
  "Marlins": 1018.8513801861146,
  "Braves": 1981.1486198138853,
  "Tigers": 1013.9577485831476,
  "Guardians": 1986.0422514168517,
  "Phillies": 1021.6276416854843,
  "Reds": 1978.3723583145158,
  "Nationals": 1018.1352446370668,
  "Mets": 1981.864755362933,
  "Yankees": 1021.183364484059,
  "Blue Jays": 1978.816635515941,
  "Royals": 1024.49521955454,
  "Red Sox": 1975.50478044546,
  "Cardinals": 1015.3281221260966,
  "Pirates": 1984.671877873903,
  "Rays": 1247.89514907436,
  "Orioles": 1752.10485092564,
  "Twins": 1327.5974837349133,
  "Astros": 1672.4025162650867,
  "Cubs": 1025.575928500877,
  "Brewers": 1974.424071499123,
  "Rockies": 1543.4120693139234,
  "Rangers": 1456.5879306860766,
  "Angels": 1027.301716390087,
  "Athletics": 1972.698283609913,
  "Padres": 1025.575928500877,
  "Dodgers": 1974.424071499123,
  "D-backs": 1247.9001088306836,
  "Giants": 1752.0998911693164,
  "Mariners": 1024.0361274132456,
  "White Sox": 1975.9638725867544
}