{
  "Marlins": 1715.7423074907265,
  "Braves": 2261.6300047380046,
  "Tigers": 716.87043039944,
  "Guardians": 1268.5938072838735,
  "Phillies": 1700.924682179012,
  "Reds": 2289.200736400715,
  "Nationals": 738.3698326245797,
  "Mets": 1284.2578551466918,
  "Yankees": 1552.0634588834791,
  "Blue Jays": 2196.7433072249814,
  "Royals": 1246.8775162559239,
  "Red Sox": 2071.5879941322555,
  "Cardinals": 1030.289079048921,
  "Pirates": 1632.5678991459263,
  "Rays": 1008.5825951530331,
  "Orioles": 1604.164004280621,
  "Twins": 937.5241004995131,
  "Astros": 1233.5092034080485,
  "Cubs": 1720.856717385537,
  "Brewers": 2580.1957438971217,
  "Rockies": 1124.7365869176153,
  "Rangers": 903.6815010755545,
  "Angels": 1205.331591528939,
  "Athletics": 1522.7591935925216,
  "Padres": 1817.0719569127748,
  "Dodgers": 2162.064698052069,
  "D-backs": 1273.5218596375928,
  "Giants": 2022.3949196423812,
  "Mariners": 650.9190919575966,
  "White Sox": 1526.9673251045517
}