{
  "Angels": 1470.4323094172828,
  "Astros": 1565.7681539623572,
  "Athletics": 1444.3893709356755,
  "Blue Jays": 1474.0261370528212,
  "Braves": 1480.0743481010027,
  "Brewers": 1553.7856372859737,
  "Cardinals": 1461.5647382348445,
  "Cubs": 1556.0159688068127,
  "D-backs": 1423.1703760537928,
  "Dodgers": 1604.5596143056543,
  "Giants": 1467.964584883708,
  "Guardians": 1526.005284108221,
  "Mariners": 1489.8504953914862,
  "Marlins": 1593.1750209445363,
  "Mets": 1456.6056400083103,
  "Nationals": 1482.067004052948,
  "Orioles": 1478.522468222901,
  "Padres": 1521.000289143661,
  "Phillies": 1619.2559663970346,
  "Pirates": 1472.3113043667831,
  "Rangers": 1544.3483587052099,
  "Rays": 1482.0256864685139,
  "Red Sox": 1523.7647939028873,
  "Reds": 1460.1759120130523,
  "Rockies": 1405.4993535145,
  "Royals": 1459.970280207942,
  "Tigers": 1463.4905292041237,
  "Twins": 1454.4705271033793,
  "White Sox": 1504.407622637726,
  "Yankees": 1561.302224566858
}