{
  "Angels": 1365.379259654828,
  "Astros": 1510.7277435781346,
  "Athletics": 1522.8743337091719,
  "Blue Jays": 1535.2576216775794,
  "Braves": 1544.2507952827852,
  "Brewers": 1491.4139734146281,
  "Cardinals": 1465.772876681448,
  "Cubs": 1497.2392307508105,
  "D-backs": 1512.084587366341,
  "Dodgers": 1632.411831801534,
  "Giants": 1527.428371963334,
  "Guardians": 1617.2793320349108,
  "Mariners": 1560.0092657509047,
  "Marlins": 1546.871811253644,
  "Mets": 1474.517767796658,
  "Nationals": 1410.0282002526776,
  "Orioles": 1482.4340752224118,
  "Padres": 1521.5038793996534,
  "Phillies": 1599.0090372526445,
  "Pirates": 1487.1930739464851,
  "Rangers": 1438.2903909493823,
  "Rays": 1422.411521534157,
  "Red Sox": 1558.996929134775,
  "Reds": 1511.6342342759176,
  "Rockies": 1299.1622098959378,
  "Royals": 1539.5947486985165,
  "Tigers": 1454.906532090573,
  "Twins": 1408.1776149305888,
  "White Sox": 1437.4936568347377,
  "Yankees": 1625.6450928648296
}