{
  "Angels": 1407.7944201036064,
  "Astros": 1513.4882040197826,
  "Athletics": 1490.1926293486756,
  "Blue Jays": 1572.4634239260158,
  "Braves": 1528.9353554663808,
  "Brewers": 1541.5736526486353,
  "Cardinals": 1467.7967593614428,
  "Cubs": 1479.6522913921647,
  "D-backs": 1458.7089561571293,
  "Dodgers": 1594.228295485915,
  "Giants": 1457.1510352765492,
  "Guardians": 1526.767195651851,
  "Mariners": 1508.9418812230535,
  "Marlins": 1594.8855816312716,
  "Mets": 1515.223908206524,
  "Nationals": 1469.624882952586,
  "Orioles": 1511.2530226586498,
  "Padres": 1484.3006365887286,
  "Phillies": 1596.480341748035,
  "Pirates": 1458.787441804974,
  "Rangers": 1456.9470708180593,
  "Rays": 1429.0264818856135,
  "Red Sox": 1502.0561533124041,
  "Reds": 1477.3227557150888,
  "Rockies": 1403.5734041938954,
  "Royals": 1491.1104742538848,
  "Tigers": 1493.2779672914548,
  "Twins": 1465.8567158495725,
  "White Sox": 1486.089421520498,
  "Yankees": 1616.4896395075573
}