{
  "Marlins": 1045.957538478324,
  "Braves": 1954.042461521676,
  "Tigers": 1047.1429070643355,
  "Guardians": 1952.8570929356645,
  "Phillies": 1045.370835860962,
  "Reds": 1954.629164139038,
  "Nationals": 1049.1550034757715,
  "Mets": 1950.8449965242285,
  "Yankees": 1049.1550034757715,
  "Blue Jays": 1950.8449965242285,
  "Royals": 1049.1550034757715,
  "Red Sox": 1950.8449965242285,
  "Cardinals": 1049.1550034757715,
  "Pirates": 1950.8449965242285,
  "Rays": 1247.4205027376859,
  "Orioles": 1752.5794972623141,
  "Twins": 1327.5914283415634,
  "Astros": 1672.4085716584366,
  "Cubs": 1050.5915790067424,
  "Brewers": 1949.4084209932576,
  "Rockies": 1543.412069313891,
  "Rangers": 1456.587930686109,
  "Angels": 1052.8979173346909,
  "Athletics": 1947.1020826653091,
  "Padres": 1050.5915790067424,
  "Dodgers": 1949.4084209932576,
  "D-backs": 1247.4788915262225,
  "Giants": 1752.5211084737775,
  "Mariners": 1048.5464907568753,
  "White Sox": 1951.4535092431247
}