{
  "Angels": 1430.9376806419637,
  "Astros": 1503.2872323271845,
  "Athletics": 1542.398765668682,
  "Blue Jays": 1547.096834826247,
  "Braves": 1551.9017750347448,
  "Brewers": 1526.2807106346495,
  "Cardinals": 1511.697614219798,
  "Cubs": 1492.8522610994485,
  "D-backs": 1439.44595062007,
  "Dodgers": 1601.7093028967918,
  "Giants": 1452.4018088277023,
  "Guardians": 1554.4398806417735,
  "Mariners": 1560.9727093093952,
  "Marlins": 1553.5111990645034,
  "Mets": 1513.3175390730141,
  "Nationals": 1466.4218768720932,
  "Orioles": 1525.6419723303657,
  "Padres": 1472.2546660923933,
  "Phillies": 1619.9971138435185,
  "Pirates": 1487.2301596160396,
  "Rangers": 1501.524034414458,
  "Rays": 1412.5758870691996,
  "Red Sox": 1523.0576597194547,
  "Reds": 1424.9211600233266,
  "Rockies": 1336.2600497185686,
  "Royals": 1448.0042006419853,
  "Tigers": 1450.0248847674284,
  "Twins": 1380.2663076074039,
  "White Sox": 1513.7610866930477,
  "Yankees": 1655.8076757047486
}