{
  "Angels": 1436.807762787004,
  "Astros": 1522.035679973953,
  "Athletics": 1453.979535142477,
  "Blue Jays": 1563.9159479718455,
  "Braves": 1495.1823691378565,
  "Brewers": 1568.611320708302,
  "Cardinals": 1478.649388052051,
  "Cubs": 1497.8612767336542,
  "D-backs": 1449.246368381968,
  "Dodgers": 1598.23990013997,
  "Giants": 1472.611946878557,
  "Guardians": 1494.77543594406,
  "Mariners": 1538.3204025240755,
  "Marlins": 1584.0116560412282,
  "Mets": 1485.7191165359627,
  "Nationals": 1477.9694815039004,
  "Orioles": 1523.7682636609495,
  "Padres": 1501.899190302225,
  "Phillies": 1599.4315495257922,
  "Pirates": 1458.556710527638,
  "Rangers": 1483.9754290231306,
  "Rays": 1400.2334544958296,
  "Red Sox": 1482.4581216154697,
  "Reds": 1450.285087655422,
  "Rockies": 1394.0236458671438,
  "Royals": 1501.7379944332527,
  "Tigers": 1500.3871147358227,
  "Twins": 1457.8441764089798,
  "White Sox": 1518.0811812282889,
  "Yankees": 1609.3804920631894
}