{
  "Angels": 1455.675874371496,
  "Astros": 1555.7100711568764,
  "Athletics": 1459.1458059814622,
  "Blue Jays": 1524.6291250573809,
  "Braves": 1480.5932569451388,
  "Brewers": 1580.3711083982132,
  "Cardinals": 1460.2092743051574,
  "Cubs": 1529.4304976945732,
  "D-backs": 1467.6864821288618,
  "Dodgers": 1609.0716009543726,
  "Giants": 1467.445676039572,
  "Guardians": 1512.9405828623185,
  "Mariners": 1502.9151966373888,
  "Marlins": 1594.5304848742235,
  "Mets": 1454.1498955750437,
  "Nationals": 1455.6893201993914,
  "Orioles": 1504.9001520764575,
  "Padres": 1516.4883024949427,
  "Phillies": 1621.7117108303012,
  "Pirates": 1493.9619164143246,
  "Rangers": 1493.7453707006503,
  "Rays": 1437.5095803934448,
  "Red Sox": 1485.4072130884042,
  "Reds": 1438.5252999655108,
  "Rockies": 1412.957405023302,
  "Royals": 1464.4618685356374,
  "Tigers": 1473.5486120096045,
  "Twins": 1447.0124755945772,
  "White Sox": 1499.9160343100307,
  "Yankees": 1599.6598053813411
}