{
  "Marlins": 1321.2663427283094,
  "Braves": 1678.7336572716906,
  "Tigers": 1350.1811432703423,
  "Guardians": 1649.8188567296577,
  "Phillies": 1350.1811432703423,
  "Reds": 1649.8188567296577,
  "Nationals": 1350.1811432703423,
  "Mets": 1649.8188567296577,
  "Yankees": 1350.1811432703423,
  "Blue Jays": 1649.8188567296577,
  "Royals": 1350.1811432703423,
  "Red Sox": 1649.8188567296577,
  "Cardinals": 1350.1811432703423,
  "Pirates": 1649.8188567296577,
  "Rays": 1398.9575611856692,
  "Orioles": 1601.0424388143308,
  "Twins": 1398.9575611856692,
  "Astros": 1601.0424388143308,
  "Cubs": 1398.9575611856692,
  "Brewers": 1601.0424388143308,
  "Rockies": 1398.9575611856692,
  "Rangers": 1601.0424388143308,
  "Angels": 1398.9575611856692,
  "Athletics": 1601.0424388143308,
  "Padres": 1398.9575611856692,
  "Dodgers": 1601.0424388143308,
  "D-backs": 1398.9575611856692,
  "Giants": 1601.0424388143308,
  "Mariners": 1398.9575611856692,
  "White Sox": 1601.0424388143308
}