{
  "Angels": 1415.4630590658905,
  "Astros": 1487.2508652468541,
  "Athletics": 1535.2293025413937,
  "Blue Jays": 1547.096834826247,
  "Braves": 1551.9017750347448,
  "Brewers": 1540.377572894033,
  "Cardinals": 1511.697614219798,
  "Cubs": 1476.0642363007794,
  "D-backs": 1439.44595062007,
  "Dodgers": 1601.7093028967918,
  "Giants": 1469.1898336263714,
  "Guardians": 1554.4398806417735,
  "Mariners": 1560.9727093093952,
  "Marlins": 1553.5111990645034,
  "Mets": 1513.3175390730141,
  "Nationals": 1466.4218768720932,
  "Orioles": 1525.6419723303657,
  "Padres": 1472.2546660923933,
  "Phillies": 1605.900251584135,
  "Pirates": 1487.2301596160396,
  "Rangers": 1501.524034414458,
  "Rays": 1428.0505086452727,
  "Red Sox": 1523.0576597194547,
  "Reds": 1424.9211600233266,
  "Rockies": 1343.4295128458568,
  "Royals": 1464.0405677223157,
  "Tigers": 1450.0248847674284,
  "Twins": 1380.2663076074039,
  "White Sox": 1513.7610866930477,
  "Yankees": 1655.8076757047486
}