{
  "Marlins": 1178.4444369709106,
  "Braves": 1821.5555630290894,
  "Tigers": 1183.9254578402872,
  "Guardians": 1816.0745421597128,
  "Phillies": 1183.9254578402872,
  "Reds": 1816.0745421597128,
  "Nationals": 1183.9254578402872,
  "Mets": 1816.0745421597128,
  "Yankees": 1183.9254578402872,
  "Blue Jays": 1816.0745421597128,
  "Royals": 1183.9254578402872,
  "Red Sox": 1816.0745421597128,
  "Cardinals": 1183.9254578402872,
  "Pirates": 1816.0745421597128,
  "Rays": 1190.777978536308,
  "Orioles": 1809.222021463692,
  "Twins": 1190.777978536308,
  "Astros": 1809.222021463692,
  "Cubs": 1190.777978536308,
  "Brewers": 1809.222021463692,
  "Rockies": 1190.777978536308,
  "Rangers": 1809.222021463692,
  "Angels": 1190.777978536308,
  "Athletics": 1809.222021463692,
  "Padres": 1190.777978536308,
  "Dodgers": 1809.222021463692,
  "D-backs": 1190.777978536308,
  "Giants": 1809.222021463692,
  "Mariners": 1190.777978536308,
  "White Sox": 1809.222021463692
}