{
  "Angels": 1395.462569012125,
  "Astros": 1495.7025861434706,
  "Athletics": 1502.524480440157,
  "Blue Jays": 1577.9305961990126,
  "Braves": 1515.17307889867,
  "Brewers": 1555.3359292163461,
  "Cardinals": 1483.0206653602404,
  "Cubs": 1474.185119119168,
  "D-backs": 1462.2674242306766,
  "Dodgers": 1606.6112605070714,
  "Giants": 1489.2162759908479,
  "Guardians": 1544.552813528163,
  "Mariners": 1549.0335427658424,
  "Marlins": 1562.820340916973,
  "Mets": 1527.5797348700073,
  "Nationals": 1491.9483261191613,
  "Orioles": 1498.8700576374933,
  "Padres": 1482.8751124522712,
  "Phillies": 1584.1245150845516,
  "Pirates": 1498.9114057834172,
  "Rangers": 1458.3725949545167,
  "Rays": 1406.7030387190382,
  "Red Sox": 1461.9644917696153,
  "Reds": 1432.3517045306226,
  "Rockies": 1363.4494402154521,
  "Royals": 1475.8865682550872,
  "Tigers": 1440.1727746797487,
  "Twins": 1462.2982477760252,
  "White Sox": 1539.1946141322042,
  "Yankees": 1661.4606906920235
}