{
  "Angels": 1420.213964796613,
  "Astros": 1482.093594027285,
  "Athletics": 1509.813052105965,
  "Blue Jays": 1550.6484376910253,
  "Braves": 1515.17307889867,
  "Brewers": 1560.7581026039907,
  "Cardinals": 1519.4153896380699,
  "Cubs": 1463.2034677719212,
  "D-backs": 1448.6646851664343,
  "Dodgers": 1599.2262075197987,
  "Giants": 1489.2162759908479,
  "Guardians": 1539.1306401405184,
  "Mariners": 1555.0481649260084,
  "Marlins": 1562.820340916973,
  "Mets": 1506.121987876364,
  "Nationals": 1491.9483261191613,
  "Orioles": 1492.8554354773273,
  "Padres": 1463.2473946609828,
  "Phillies": 1605.5822620781948,
  "Pirates": 1480.4741773973635,
  "Rangers": 1476.9879140546707,
  "Rays": 1414.088091706311,
  "Red Sox": 1489.2466502776026,
  "Reds": 1432.3517045306226,
  "Rockies": 1374.4310915626988,
  "Royals": 1459.1195617685462,
  "Tigers": 1453.7817667959343,
  "Twins": 1443.6829286758712,
  "White Sox": 1523.53533832462,
  "Yankees": 1677.1199664996077
}