{
  "Marlins": 1012.876753985407,
  "Braves": 1987.1232460145923,
  "Tigers": 1008.2989693110109,
  "Guardians": 1991.701030688988,
  "Phillies": 1018.7076816797922,
  "Reds": 1981.2923183202076,
  "Nationals": 1012.2078779940308,
  "Mets": 1987.7921220059684,
  "Yankees": 1015.0523184274466,
  "Blue Jays": 1984.947681572553,
  "Royals": 1021.4792976039563,
  "Red Sox": 1978.5207023960438,
  "Cardinals": 1009.5825560662838,
  "Pirates": 1990.4174439337153,
  "Rays": 1247.9082176843938,
  "Orioles": 1752.0917823156062,
  "Twins": 1327.597510789368,
  "Astros": 1672.402489210632,
  "Cubs": 1022.5230457587229,
  "Brewers": 1977.4769542412769,
  "Rockies": 1543.4120693139234,
  "Rangers": 1456.5879306860766,
  "Angels": 1024.1888897235604,
  "Athletics": 1975.8111102764396,
  "Padres": 1022.5230457587229,
  "Dodgers": 1977.4769542412769,
  "D-backs": 1247.9117030059244,
  "Giants": 1752.0882969940756,
  "Mariners": 1021.0357737442762,
  "White Sox": 1978.9642262557238
}