{
  "Angels": 1367.9256700897197,
  "Astros": 1500.0889703697092,
  "Athletics": 1509.5804865429918,
  "Blue Jays": 1549.3325186879133,
  "Braves": 1590.5657156670377,
  "Brewers": 1538.6966410048058,
  "Cardinals": 1502.594526123659,
  "Cubs": 1486.5909728128322,
  "D-backs": 1475.0101359243693,
  "Dodgers": 1603.7280060834175,
  "Giants": 1512.2443765530627,
  "Guardians": 1571.2204508118214,
  "Mariners": 1580.2224561572193,
  "Marlins": 1524.9123631994773,
  "Mets": 1531.964216240708,
  "Nationals": 1432.835229747844,
  "Orioles": 1525.053508898417,
  "Padres": 1453.4276062048361,
  "Phillies": 1616.240642053774,
  "Pirates": 1483.9880846498304,
  "Rangers": 1515.2550004264906,
  "Rays": 1383.5985678564098,
  "Red Sox": 1552.3720957977234,
  "Reds": 1433.3133926608414,
  "Rockies": 1322.105717140636,
  "Royals": 1500.146390274193,
  "Tigers": 1474.386139142719,
  "Twins": 1370.190018427698,
  "White Sox": 1469.8981667061921,
  "Yankees": 1622.5119337436504
}