{
  "Angels": 1378.4945055826352,
  "Astros": 1489.5201348767937,
  "Athletics": 1511.4974104774733,
  "Blue Jays": 1554.5223740237905,
  "Braves": 1570.2254345298338,
  "Brewers": 1536.7797170703243,
  "Cardinals": 1521.0331406649273,
  "Cubs": 1464.4523482944874,
  "D-backs": 1450.8109994793297,
  "Dodgers": 1615.427328850516,
  "Giants": 1487.6597327506852,
  "Guardians": 1530.8438752255452,
  "Mariners": 1588.1248477516226,
  "Marlins": 1549.111499644517,
  "Mets": 1513.52560169944,
  "Nationals": 1457.4198735502216,
  "Orioles": 1517.1511173040137,
  "Padres": 1462.5953859983895,
  "Phillies": 1611.050786717897,
  "Pirates": 1472.288761882732,
  "Rangers": 1499.6643746951415,
  "Rays": 1445.0931466304926,
  "Red Sox": 1490.8775170236406,
  "Reds": 1424.145612867288,
  "Rockies": 1344.2443416589808,
  "Royals": 1515.737016005542,
  "Tigers": 1484.7365785032864,
  "Twins": 1359.8395790671307,
  "White Sox": 1490.238447843396,
  "Yankees": 1662.8885093299266
}