{
  "Angels": 1412.9964579711357,
  "Astros": 1485.850476055791,
  "Athletics": 1517.119511442521,
  "Blue Jays": 1534.9224058105253,
  "Braves": 1535.2305403522573,
  "Brewers": 1545.4488621027356,
  "Cardinals": 1490.90209107247,
  "Cubs": 1476.0952553898903,
  "D-backs": 1455.8821919919117,
  "Dodgers": 1582.797189486082,
  "Giants": 1469.1588145372605,
  "Guardians": 1554.4398806417735,
  "Mariners": 1541.7676552071594,
  "Marlins": 1567.5736406197354,
  "Mets": 1529.9887737555016,
  "Nationals": 1485.6269309743288,
  "Orioles": 1506.1359451961764,
  "Padres": 1491.7606932265826,
  "Phillies": 1600.8289623754324,
  "Pirates": 1473.1677180608076,
  "Rangers": 1519.60901197581,
  "Rays": 1430.5171097400275,
  "Red Sox": 1504.9726821581025,
  "Reds": 1408.484918651485,
  "Rockies": 1361.5393039447297,
  "Royals": 1465.4409569133788,
  "Tigers": 1450.0248847674284,
  "Twins": 1401.0618307547318,
  "White Sox": 1532.6732001037574,
  "Yankees": 1667.9821047204703
}