{
  "Angels": 1428.546602707797,
  "Astros": 1513.4882040197826,
  "Athletics": 1469.440446744485,
  "Blue Jays": 1572.4634239260158,
  "Braves": 1528.9353554663808,
  "Brewers": 1541.5736526486353,
  "Cardinals": 1485.962266571859,
  "Cubs": 1479.6522913921647,
  "D-backs": 1441.9334898621603,
  "Dodgers": 1573.4518944044082,
  "Giants": 1457.1510352765492,
  "Guardians": 1526.767195651851,
  "Mariners": 1523.5232757877118,
  "Marlins": 1594.8855816312716,
  "Mets": 1503.9281018774523,
  "Nationals": 1469.624882952586,
  "Orioles": 1532.0294237401565,
  "Padres": 1468.1462039737007,
  "Phillies": 1607.7761480771067,
  "Pirates": 1473.3538372640016,
  "Rangers": 1473.1015034330871,
  "Rays": 1429.0264818856135,
  "Red Sox": 1487.474758747746,
  "Reds": 1477.3227557150888,
  "Rockies": 1389.0070087348677,
  "Royals": 1472.9449670434688,
  "Tigers": 1493.2779672914548,
  "Twins": 1482.6321821445415,
  "White Sox": 1486.089421520498,
  "Yankees": 1616.4896395075573
}