{
  "Angels": 1398.4204210806706,
  "Astros": 1469.5942193787582,
  "Athletics": 1527.556462610248,
  "Blue Jays": 1540.016001201069,
  "Braves": 1551.6692261838332,
  "Brewers": 1520.7206649375496,
  "Cardinals": 1537.7920766078937,
  "Cubs": 1444.13167960799,
  "D-backs": 1450.8109994793297,
  "Dodgers": 1594.1461867619676,
  "Giants": 1487.6597327506852,
  "Guardians": 1530.8438752255452,
  "Mariners": 1588.1248477516226,
  "Marlins": 1549.111499644517,
  "Mets": 1496.7666657564735,
  "Nationals": 1457.4198735502216,
  "Orioles": 1517.1511173040137,
  "Padres": 1462.5953859983895,
  "Phillies": 1625.5571595406184,
  "Pirates": 1493.5699039712804,
  "Rangers": 1517.5016482007177,
  "Rays": 1445.0931466304926,
  "Red Sox": 1490.8775170236406,
  "Reds": 1424.145612867288,
  "Rockies": 1364.5650103454782,
  "Royals": 1497.899742499966,
  "Tigers": 1462.2707034720916,
  "Twins": 1382.3054540983255,
  "White Sox": 1508.7946561893966,
  "Yankees": 1662.8885093299266
}