{
  "Marlins": 1060.4693208399235,
  "Braves": 1971.4921444570375,
  "Tigers": 1024.3956655187856,
  "Guardians": 1943.3279600892306,
  "Phillies": 1042.350711713238,
  "Reds": 1989.6158493402615,
  "Nationals": 1027.9524044946013,
  "Mets": 1940.0861302084359,
  "Yankees": 1054.5223055200004,
  "Blue Jays": 1984.673787888334,
  "Royals": 1027.889212234959,
  "Red Sox": 1987.602976468076,
  "Cardinals": 1025.7787478129142,
  "Pirates": 1959.0079935261235,
  "Rays": 1223.8372544010879,
  "Orioles": 1752.489724190021,
  "Twins": 1326.9834114077785,
  "Astros": 1641.2114084341842,
  "Cubs": 1045.1488048920514,
  "Brewers": 2000.9387651855932,
  "Rockies": 1586.8612176775105,
  "Rangers": 1462.7499692197491,
  "Angels": 1067.4322888821555,
  "Athletics": 1930.2448008159056,
  "Padres": 1045.801900424335,
  "Dodgers": 1971.1457376481103,
  "D-backs": 1179.62140879422,
  "Giants": 1766.2778579912615,
  "Mariners": 997.7305224339653,
  "White Sox": 1962.3597174901413
}