{
  "Angels": 1340.4174228454824,
  "Astros": 1518.429417684625,
  "Athletics": 1491.240039228076,
  "Blue Jays": 1534.1574408291806,
  "Braves": 1579.3949478963357,
  "Brewers": 1530.1551987465227,
  "Cardinals": 1489.6606449324868,
  "Cubs": 1504.125052129057,
  "D-backs": 1460.7361802478451,
  "Dodgers": 1631.2362533276548,
  "Giants": 1494.710297236838,
  "Guardians": 1590.4170047186367,
  "Mariners": 1601.7373303211214,
  "Marlins": 1515.2671453215573,
  "Mets": 1517.105215289942,
  "Nationals": 1447.1091854243682,
  "Orioles": 1540.2285867571497,
  "Padres": 1468.2866071556023,
  "Phillies": 1606.805438905555,
  "Pirates": 1495.1588524205324,
  "Rangers": 1496.0584465196753,
  "Rays": 1393.2437857343298,
  "Red Sox": 1565.2641996751454,
  "Reds": 1446.2472738520137,
  "Rockies": 1330.647159398919,
  "Royals": 1487.824030490357,
  "Tigers": 1452.871264978817,
  "Twins": 1382.512378211534,
  "White Sox": 1479.333369854411,
  "Yankees": 1609.6198298662284
}