{
  "Marlins": 1534.9177907109636,
  "Braves": 1983.2523500049676,
  "Tigers": 1005.6627630912304,
  "Guardians": 1447.251594940602,
  "Phillies": 1500.5884809929912,
  "Reds": 2038.1109176726045,
  "Nationals": 1016.6631342999559,
  "Mets": 1465.1667249841112,
  "Yankees": 1348.451194366722,
  "Blue Jays": 2047.205442646436,
  "Royals": 1155.2289629710647,
  "Red Sox": 2013.0116474658435,
  "Cardinals": 1097.4161875423522,
  "Pirates": 1735.2896698113168,
  "Rays": 1068.8904296214962,
  "Orioles": 1711.1333193142455,
  "Twins": 1164.9252782857275,
  "Astros": 1354.7895822833357,
  "Cubs": 1460.4339990354974,
  "Brewers": 2182.161572284414,
  "Rockies": 1382.310014404596,
  "Rangers": 1193.1477743160535,
  "Angels": 1290.447435771347,
  "Athletics": 1546.0035616797607,
  "Padres": 1514.1974235223295,
  "Dodgers": 1893.0392660364494,
  "D-backs": 1327.8430043424307,
  "Giants": 1962.4886035593613,
  "Mariners": 834.8939028152183,
  "White Sox": 1725.0779712265676
}