{
  "Marlins": 1265.7613508605102,
  "Braves": 1734.2386491394898,
  "Tigers": 1280.89899805229,
  "Guardians": 1719.10100194771,
  "Phillies": 1280.89899805229,
  "Reds": 1719.10100194771,
  "Nationals": 1280.89899805229,
  "Mets": 1719.10100194771,
  "Yankees": 1280.89899805229,
  "Blue Jays": 1719.10100194771,
  "Royals": 1280.89899805229,
  "Red Sox": 1719.10100194771,
  "Cardinals": 1280.89899805229,
  "Pirates": 1719.10100194771,
  "Rays": 1302.3389224889527,
  "Orioles": 1697.6610775110473,
  "Twins": 1302.3389224889527,
  "Astros": 1697.6610775110473,
  "Cubs": 1302.3389224889527,
  "Brewers": 1697.6610775110473,
  "Rockies": 1302.3389224889527,
  "Rangers": 1697.6610775110473,
  "Angels": 1302.3389224889527,
  "Athletics": 1697.6610775110473,
  "Padres": 1302.3389224889527,
  "Dodgers": 1697.6610775110473,
  "D-backs": 1302.3389224889527,
  "Giants": 1697.6610775110473,
  "Mariners": 1302.3389224889527,
  "White Sox": 1697.6610775110473
}