{
  "Marlins": 1751.3881343779642,
  "Braves": 2314.684080490073,
  "Tigers": 660.6320464764373,
  "Guardians": 1228.8369287515295,
  "Phillies": 1729.5392331013456,
  "Reds": 2350.4315421807723,
  "Nationals": 685.3158887208024,
  "Mets": 1248.6118964111643,
  "Yankees": 1596.2939377863722,
  "Blue Jays": 2239.567479151883,
  "Royals": 1261.9429502793116,
  "Red Sox": 2091.2516257871725,
  "Cardinals": 1007.2220003594488,
  "Pirates": 1614.4708047687677,
  "Rays": 994.9774762408715,
  "Orioles": 1578.0285511825734,
  "Twins": 901.0843933187673,
  "Astros": 1207.102817593815,
  "Cubs": 1768.975870156289,
  "Brewers": 2701.9825918702686,
  "Rockies": 1051.2683561710742,
  "Rangers": 835.3857304198988,
  "Angels": 1190.3354635148592,
  "Athletics": 1527.0367721227287,
  "Padres": 1876.4515411521772,
  "Dodgers": 2238.661114511182,
  "D-backs": 1250.7493573079746,
  "Giants": 2018.425773567526,
  "Mariners": 603.7816124501472,
  "White Sox": 1475.5640297768084
}