{
  "Marlins": 1058.6042966888215,
  "Braves": 1941.3957033111785,
  "Tigers": 1059.9758261931474,
  "Guardians": 1940.0241738068526,
  "Phillies": 1057.9265224548406,
  "Reds": 1942.0734775451594,
  "Nationals": 1062.3106632533425,
  "Mets": 1937.6893367466575,
  "Yankees": 1062.3106632533425,
  "Blue Jays": 1937.6893367466575,
  "Royals": 1062.3106632533425,
  "Red Sox": 1937.6893367466575,
  "Cardinals": 1062.3106632533425,
  "Pirates": 1937.6893367466575,
  "Rays": 1246.451676692679,
  "Orioles": 1753.548323307321,
  "Twins": 1327.5516391064361,
  "Astros": 1672.4483608935639,
  "Cubs": 1063.9829792146058,
  "Brewers": 1936.0170207853942,
  "Rockies": 1543.412069306777,
  "Rangers": 1456.587930693223,
  "Angels": 1066.6773132785738,
  "Athletics": 1933.3226867214262,
  "Padres": 1063.9829792146058,
  "Dodgers": 1936.0170207853942,
  "D-backs": 1246.6183890143477,
  "Giants": 1753.3816109856523,
  "Mariners": 1061.6036382684415,
  "White Sox": 1938.3963617315585
}