{
  "Angels": {
    "mu": 1360.5443861080698,
    "phi": 65.78575795348878,
    "sigma": 0.060004611366866356
  },
  "Astros": {
    "mu": 1486.3168944550275,
    "phi": 65.04466653707368,
    "sigma": 0.06001793712614915
  },
  "Athletics": {
    "mu": 1505.1769003971913,
    "phi": 65.06247643563826,
    "sigma": 0.06001571139206776
  },
  "Blue Jays": {
    "mu": 1537.9368599176817,
    "phi": 65.37741114690161,
    "sigma": 0.060013197419116066
  },
  "Braves": {
    "mu": 1527.9909352410941,
    "phi": 65.26972119052691,
    "sigma": 0.06000854613546091
  },
  "Brewers": {
    "mu": 1509.9467116812561,
    "phi": 67.43707859120731,
    "sigma": 0.06002256088020336
  },
  "Cardinals": {
    "mu": 1441.2077100246747,
    "phi": 65.55097026965902,
    "sigma": 0.060029315985640645
  },
  "Cubs": {
    "mu": 1525.966121748674,
    "phi": 65.21146412279651,
    "sigma": 0.06002325113343875
  },
  "D-backs": {
    "mu": 1533.8201811417066,
    "phi": 65.40503753628487,
    "sigma": 0.06002044344628339
  },
  "Dodgers": {
    "mu": 1620.4766962904691,
    "phi": 64.8265274114871,
    "sigma": 0.060024961990166194
  },
  "Giants": {
    "mu": 1526.6802917239725,
    "phi": 66.73816915414498,
    "sigma": 0.060019995905658666
  },
  "Guardians": {
    "mu": 1572.8822986865007,
    "phi": 66.59149352066642,
    "sigma": 0.060010914613008094
  },
  "Mariners": {
    "mu": 1565.3013702688943,
    "phi": 66.97786664472338,
    "sigma": 0.06000939815783623
  },
  "Marlins": {
    "mu": 1510.9450438870058,
    "phi": 65.44847014075833,
    "sigma": 0.06002193459863839
  },
  "Mets": {
    "mu": 1456.1892608363053,
    "phi": 66.10113357990528,
    "sigma": 0.06002577398232803
  },
  "Nationals": {
    "mu": 1424.4064270324036,
    "phi": 64.9912785201996,
    "sigma": 0.06001457234945038
  },
  "Orioles": {
    "mu": 1510.6980031870135,
    "phi": 65.18840288197032,
    "sigma": 0.06001280058905109
  },
  "Padres": {
    "mu": 1528.1833577604384,
    "phi": 65.55840111902428,
    "sigma": 0.06003200768526908
  },
  "Phillies": {
    "mu": 1591.8221300829518,
    "phi": 66.20527538101445,
    "sigma": 0.060006549644695525
  },
  "Pirates": {
    "mu": 1497.6001178225108,
    "phi": 65.18547067140358,
    "sigma": 0.06001346374485374
  },
  "Rangers": {
    "mu": 1458.6207174746287,
    "phi": 66.36212509533797,
    "sigma": 0.06002127901904814
  },
  "Rays": {
    "mu": 1433.5852076886888,
    "phi": 65.32621843863329,
    "sigma": 0.0600014555200227
  },
  "Red Sox": {
    "mu": 1550.6443937258266,
    "phi": 65.65619679308877,
    "sigma": 0.06000933660671014
  },
  "Reds": {
    "mu": 1520.8912469437962,
    "phi": 65.17508336130874,
    "sigma": 0.06002672166631122
  },
  "Rockies": {
    "mu": 1303.3558345968236,
    "phi": 67.58713219440064,
    "sigma": 0.05999049898231163
  },
  "Royals": {
    "mu": 1502.7188053290229,
    "phi": 66.13632817933038,
    "sigma": 0.060016360823391623
  },
  "Tigers": {
    "mu": 1438.6754707077744,
    "phi": 65.33421311683189,
    "sigma": 0.06001073116850513
  },
  "Twins": {
    "mu": 1395.8580079293288,
    "phi": 67.89790937073312,
    "sigma": 0.060029283083375976
  },
  "White Sox": {
    "mu": 1411.8307052740502,
    "phi": 66.38491087998882,
    "sigma": 0.059996663092456035
  },
  "Yankees": {
    "mu": 1637.2173872905446,
    "phi": 66.35991158202964,
    "sigma": 0.06000030631583123
  }
}