{
  "Marlins": {
    "mu": 1737.908557039665,
    "phi": 350,
    "sigma": 0.06
  },
  "Braves": {
    "mu": 2305.999720160433,
    "phi": 350,
    "sigma": 0.06
  },
  "Tigers": {
    "mu": 620.0366855595076,
    "phi": 350,
    "sigma": 0.06
  },
  "Guardians": {
    "mu": 1192.8289677335183,
    "phi": 350,
    "sigma": 0.06
  },
  "Phillies": {
    "mu": 1713.7270781913585,
    "phi": 350,
    "sigma": 0.06
  },
  "Reds": {
    "mu": 2344.712719613928,
    "phi": 350,
    "sigma": 0.06
  },
  "Nationals": {
    "mu": 646.0002617029472,
    "phi": 350,
    "sigma": 0.06
  },
  "Mets": {
    "mu": 1214.0914610969562,
    "phi": 350,
    "sigma": 0.06
  },
  "Yankees": {
    "mu": 1585.6618314256634,
    "phi": 350,
    "sigma": 0.06
  },
  "Blue Jays": {
    "mu": 2228.72876965742,
    "phi": 350,
    "sigma": 0.06
  },
  "Royals": {
    "mu": 1242.0234414296024,
    "phi": 350,
    "sigma": 0.06
  },
  "Red Sox": {
    "mu": 2073.6592755199085,
    "phi": 350,
    "sigma": 0.06
  },
  "Cardinals": {
    "mu": 976.1645417390781,
    "phi": 350,
    "sigma": 0.06
  },
  "Pirates": {
    "mu": 1585.0829692885297,
    "phi": 350,
    "sigma": 0.06
  },
  "Rays": {
    "mu": 966.8213912308132,
    "phi": 350,
    "sigma": 0.06
  },
  "Orioles": {
    "mu": 1546.2350455601843,
    "phi": 350,
    "sigma": 0.06
  },
  "Twins": {
    "mu": 866.7016541416705,
    "phi": 350,
    "sigma": 0.06
  },
  "Astros": {
    "mu": 1175.353115027486,
    "phi": 350,
    "sigma": 0.06
  },
  "Cubs": {
    "mu": 1759.3145902531662,
    "phi": 350,
    "sigma": 0.06
  },
  "Brewers": {
    "mu": 2716.1982125070945,
    "phi": 350,
    "sigma": 0.06
  },
  "Rockies": {
    "mu": 1005.0240536813881,
    "phi": 350,
    "sigma": 0.06
  },
  "Rangers": {
    "mu": 791.2118680153284,
    "phi": 350,
    "sigma": 0.06
  },
  "Angels": {
    "mu": 1161.7506524275855,
    "phi": 350,
    "sigma": 0.06
  },
  "Athletics": {
    "mu": 1504.751707827845,
    "phi": 350,
    "sigma": 0.06
  },
  "Padres": {
    "mu": 1870.2297557412983,
    "phi": 350,
    "sigma": 0.06
  },
  "Dodgers": {
    "mu": 2238.7233860873057,
    "phi": 350,
    "sigma": 0.06
  },
  "D-backs": {
    "mu": 1218.976163729676,
    "phi": 350,
    "sigma": 0.06
  },
  "Giants": {
    "mu": 1991.750214421211,
    "phi": 350,
    "sigma": 0.06
  },
  "Mariners": {
    "mu": 565.0473625714272,
    "phi": 350,
    "sigma": 0.06
  },
  "White Sox": {
    "mu": 1435.2845466180095,
    "phi": 350,
    "sigma": 0.06
  },
  "NYY": {
    "mu": 1765.194477898583,
    "phi": 238.79718474151366,
    "sigma": 0.05999814895069508
  },
  "BOS": {
    "mu": 1298.904835889441,
    "phi": 240.9641838815783,
    "sigma": 0.05999779555998142
  }
}