{
  "Marlins": {
    "mu": 1761.908557039665,
    "phi": 350,
    "sigma": 0.06
  },
  "Braves": {
    "mu": 2329.999720160433,
    "phi": 350,
    "sigma": 0.06
  },
  "Tigers": {
    "mu": 644.0366855595076,
    "phi": 350,
    "sigma": 0.06
  },
  "Guardians": {
    "mu": 1216.8289677335183,
    "phi": 350,
    "sigma": 0.06
  },
  "Phillies": {
    "mu": 1737.7270781913585,
    "phi": 350,
    "sigma": 0.06
  },
  "Reds": {
    "mu": 2368.712719613928,
    "phi": 350,
    "sigma": 0.06
  },
  "Nationals": {
    "mu": 670.0002617029472,
    "phi": 350,
    "sigma": 0.06
  },
  "Mets": {
    "mu": 1238.0914610969562,
    "phi": 350,
    "sigma": 0.06
  },
  "Yankees": {
    "mu": 1609.6618314256634,
    "phi": 350,
    "sigma": 0.06
  },
  "Blue Jays": {
    "mu": 2252.72876965742,
    "phi": 350,
    "sigma": 0.06
  },
  "Royals": {
    "mu": 1266.0234414296024,
    "phi": 350,
    "sigma": 0.06
  },
  "Red Sox": {
    "mu": 2097.6592755199085,
    "phi": 350,
    "sigma": 0.06
  },
  "Cardinals": {
    "mu": 1000.1645417390781,
    "phi": 350,
    "sigma": 0.06
  },
  "Pirates": {
    "mu": 1609.0829692885297,
    "phi": 350,
    "sigma": 0.06
  },
  "Rays": {
    "mu": 990.8213912308132,
    "phi": 350,
    "sigma": 0.06
  },
  "Orioles": {
    "mu": 1570.2350455601843,
    "phi": 350,
    "sigma": 0.06
  },
  "Twins": {
    "mu": 890.7016541416705,
    "phi": 350,
    "sigma": 0.06
  },
  "Astros": {
    "mu": 1199.353115027486,
    "phi": 350,
    "sigma": 0.06
  },
  "Cubs": {
    "mu": 1783.3145902531662,
    "phi": 350,
    "sigma": 0.06
  },
  "Brewers": {
    "mu": 2740.1982125070945,
    "phi": 350,
    "sigma": 0.06
  },
  "Rockies": {
    "mu": 1029.024053681388,
    "phi": 350,
    "sigma": 0.06
  },
  "Rangers": {
    "mu": 815.2118680153284,
    "phi": 350,
    "sigma": 0.06
  },
  "Angels": {
    "mu": 1185.7506524275855,
    "phi": 350,
    "sigma": 0.06
  },
  "Athletics": {
    "mu": 1528.751707827845,
    "phi": 350,
    "sigma": 0.06
  },
  "Padres": {
    "mu": 1894.2297557412983,
    "phi": 350,
    "sigma": 0.06
  },
  "Dodgers": {
    "mu": 2262.7233860873057,
    "phi": 350,
    "sigma": 0.06
  },
  "D-backs": {
    "mu": 1242.976163729676,
    "phi": 350,
    "sigma": 0.06
  },
  "Giants": {
    "mu": 2015.750214421211,
    "phi": 350,
    "sigma": 0.06
  },
  "Mariners": {
    "mu": 589.0473625714272,
    "phi": 350,
    "sigma": 0.06
  },
  "White Sox": {
    "mu": 1459.2845466180095,
    "phi": 350,
    "sigma": 0.06
  },
  "NYY": {
    "mu": 1823.1929548464097,
    "phi": 210.80526292772834,
    "sigma": 0.05999641772419679
  },
  "BOS": {
    "mu": 1245.3896043964146,
    "phi": 214.0812921538003,
    "sigma": 0.059996164522180775
  }
}